subscription_id,account_id,start_date,end_date,plan_tier,seats,mrr_amount,arr_amount,is_trial,upgrade_flag,downgrade_flag,churn_flag,billing_frequency,auto_renew_flag
S-8cec59,A-3c1a3f,,,Enterprise,14,2786,33432,,,,,monthly,
S-0f6f44,A-9b9fe9,,,Pro,17,833,9996,,,,,monthly,
S-51c0d1,A-659280,,,Enterprise,62,0,0,,,,,annual,
S-f81687,A-e7a1e2,,,Enterprise,5,995,11940,,,,,monthly,
S-cff5a2,A-ba6516,,,Enterprise,27,5373,64476,,,,,monthly,
S-4b9b13,A-fa2041,,,Pro,15,735,8820,,,,,monthly,
S-dceac6,A-417d2f,,,Enterprise,4,796,9552,,,,,annual,
S-8cad7b,A-5f2961,,,Basic,16,304,3648,,,,,annual,
S-24796e,A-cc8c8f,,,Enterprise,23,4577,54924,,,,,annual,
S-d0c344,A-80eeb6,,,Pro,22,1078,12936,,,,,annual,
S-477506,A-f03140,,,Pro,27,1323,15876,,,,,annual,
S-79a9e1,A-3a5ad8,,,Enterprise,22,0,0,,,,,annual,
S-59dc4b,A-f17767,,,Pro,26,1274,15288,,,,,monthly,
S-7acd8b,A-7920cc,,,Basic,39,741,8892,,,,,annual,
S-428e9a,A-8ae3fc,,,Enterprise,88,0,0,,,,,monthly,
S-486088,A-0cc442,,,Pro,45,2205,26460,,,,,monthly,
S-13939b,A-86902e,,,Pro,34,0,0,,,,,monthly,
S-9333c5,A-ef84cf,,,Basic,8,152,1824,,,,,annual,
S-37e3ad,A-b30291,,,Basic,5,95,1140,,,,,monthly,
S-b17d04,A-e19ff6,,,Pro,8,392,4704,,,,,monthly,
S-c27134,A-dec005,,,Pro,21,0,0,,,,,monthly,
S-3bd427,A-2e3bad,,,Basic,61,1159,13908,,,,,monthly,
S-82989b,A-f5641b,,,Basic,31,589,7068,,,,,monthly,
S-082b15,A-aa9511,,,Enterprise,97,19303,231636,,,,,annual,
S-434140,A-075038,,,Pro,17,833,9996,,,,,annual,
S-c07ede,A-cea1f0,,,Pro,8,392,4704,,,,,annual,
S-287914,A-a1b80b,,,Pro,16,784,9408,,,,,annual,
S-b3bd43,A-b2225d,,,Pro,50,2450,29400,,,,,monthly,
S-4c82da,A-b9eed8,,,Pro,11,539,6468,,,,,monthly,
S-c75159,A-bcf87c,,,Enterprise,31,6169,74028,,,,,monthly,
S-b5643b,A-9f9299,,,Enterprise,28,5572,66864,,,,,annual,
S-49a9aa,A-10b8f2,,,Basic,51,969,11628,,,,,annual,
S-2877e6,A-95b24a,,,Enterprise,38,0,0,,,,,monthly,
S-8c10c1,A-0651a4,,,Enterprise,65,12935,155220,,,,,annual,
S-d7d398,A-fb186e,,,Enterprise,29,0,0,,,,,annual,
S-ddad91,A-40906c,,,Enterprise,92,0,0,,,,,annual,
S-6762fa,A-40a557,,,Enterprise,16,3184,38208,,,,,annual,
S-bb1cf1,A-3a5ad8,,,Enterprise,9,0,0,,,,,monthly,
S-a805a5,A-2789e3,,,Basic,33,627,7524,,,,,monthly,
S-da0a69,A-49b828,,,Pro,6,294,3528,,,,,monthly,
S-59c5d7,A-c16b88,,,Basic,35,665,7980,,,,,monthly,
S-d3faae,A-5c9849,,,Basic,19,361,4332,,,,,monthly,
S-73a4e4,A-993085,,,Pro,31,1519,18228,,,,,monthly,
S-35c8a3,A-e4144b,,,Enterprise,41,8159,97908,,,,,annual,
S-99fbf7,A-7dacce,,,Enterprise,12,2388,28656,,,,,annual,
S-e97b9f,A-a0ca4e,,,Enterprise,12,2388,28656,,,,,annual,
S-763d33,A-ef84cf,,,Basic,23,437,5244,,,,,annual,
S-323782,A-7920cc,,,Basic,39,741,8892,,,,,monthly,
S-1cff18,A-2789e3,,,Basic,11,209,2508,,,,,monthly,
S-ad39ef,A-e40f45,,,Pro,21,0,0,,,,,annual,
S-bf806d,A-7c5768,,,Basic,62,1178,14136,,,,,annual,
S-36f6ec,A-ccb686,,,Pro,21,1029,12348,,,,,monthly,
S-aff55c,A-bb2f49,,,Pro,8,0,0,,,,,monthly,
S-b9fc6c,A-2ebb4b,,,Basic,41,779,9348,,,,,annual,
S-7f8cd8,A-53f4e3,,,Enterprise,20,3980,47760,,,,,monthly,
S-e912e6,A-a8d89d,,,Enterprise,78,15522,186264,,,,,monthly,
S-fef85a,A-7f8241,,,Pro,34,1666,19992,,,,,annual,
S-36d5c9,A-54ecc2,,,Enterprise,11,2189,26268,,,,,monthly,
S-b9ff15,A-95b24a,,,Enterprise,43,8557,102684,,,,,annual,
S-10bd09,A-bbc346,,,Basic,50,950,11400,,,,,annual,
S-12bfc8,A-31ab9a,,,Enterprise,29,5771,69252,,,,,monthly,
S-f5c472,A-faa28c,,,Basic,48,912,10944,,,,,monthly,
S-dbc1ca,A-8adedc,,,Enterprise,14,2786,33432,,,,,annual,
S-dc6dfd,A-e08cd3,,,Pro,67,3283,39396,,,,,monthly,
S-b2d472,A-bcf87c,,,Enterprise,10,1990,23880,,,,,annual,
S-9dfce0,A-e6afc1,,,Pro,2,98,1176,,,,,annual,
S-9cb6a7,A-7f29a7,,,Basic,41,779,9348,,,,,monthly,
S-dabcd2,A-3ce5b8,,,Pro,28,0,0,,,,,monthly,
S-8c3cc8,A-b2225d,,,Basic,47,0,0,,,,,monthly,
S-2923fc,A-fa3095,,,Enterprise,70,13930,167160,,,,,annual,
S-f0a2e5,A-55f257,,,Basic,23,0,0,,,,,annual,
S-025bea,A-9affe6,,,Pro,17,833,9996,,,,,monthly,
S-0e499f,A-296d7c,,,Pro,16,784,9408,,,,,annual,
S-0267b7,A-65a46c,,,Enterprise,13,0,0,,,,,monthly,
S-b5b9a5,A-812c5b,,,Basic,55,1045,12540,,,,,monthly,
S-8e45ba,A-7f8241,,,Basic,34,646,7752,,,,,annual,
S-37ed34,A-d4ac0e,,,Enterprise,20,3980,47760,,,,,annual,
S-65dbf3,A-17939a,,,Basic,36,684,8208,,,,,monthly,
S-ce5450,A-0a282f,,,Pro,8,0,0,,,,,annual,
S-6c969d,A-855a48,,,Basic,14,266,3192,,,,,monthly,
S-522aef,A-f3ff05,,,Pro,4,196,2352,,,,,annual,
S-82db05,A-417d2f,,,Pro,26,1274,15288,,,,,monthly,
S-162596,A-462d45,,,Pro,18,0,0,,,,,monthly,
S-f703bd,A-202b67,,,Pro,11,539,6468,,,,,monthly,
S-a1d6ad,A-eafc6e,,,Pro,27,1323,15876,,,,,monthly,
S-8b1fc1,A-309e54,,,Basic,15,0,0,,,,,monthly,
S-09cdac,A-82861f,,,Basic,41,779,9348,,,,,annual,
S-fa5301,A-ba6516,,,Pro,55,0,0,,,,,monthly,
S-69937b,A-08e34e,,,Pro,14,686,8232,,,,,annual,
S-f2537d,A-e43bf7,,,Pro,44,2156,25872,,,,,monthly,
S-27f7b2,A-a1b80b,,,Basic,38,722,8664,,,,,annual,
S-9c2b8e,A-443f6f,,,Basic,19,361,4332,,,,,annual,
S-a4f26d,A-32728c,,,Pro,20,980,11760,,,,,monthly,
S-0cb6ed,A-ac85cd,,,Pro,53,2597,31164,,,,,annual,
S-367dee,A-e19ff6,,,Pro,1,49,588,,,,,annual,
S-3b9ad8,A-6e08f3,,,Enterprise,28,5572,66864,,,,,monthly,
S-c9f8c1,A-544d0a,,,Enterprise,5,995,11940,,,,,monthly,
S-57cd05,A-8b0451,,,Basic,41,779,9348,,,,,annual,
S-e505c1,A-8ae3fc,,,Pro,34,1666,19992,,,,,annual,
S-121b4d,A-8ae3fc,,,Basic,9,171,2052,,,,,annual,
S-72b4f2,A-4437e4,,,Pro,49,2401,28812,,,,,annual,
S-c9b0cc,A-4d1e75,,,Enterprise,38,7562,90744,,,,,monthly,
S-27c993,A-098560,,,Enterprise,4,796,9552,,,,,monthly,
S-8b9889,A-ac9111,,,Pro,21,1029,12348,,,,,monthly,
S-2214c6,A-3c1a3f,,,Pro,82,4018,48216,,,,,monthly,
S-ce695e,A-cb6cc6,,,Enterprise,13,0,0,,,,,annual,
S-066d80,A-9b9fe9,,,Pro,5,245,2940,,,,,monthly,
S-228457,A-029f69,,,Enterprise,24,4776,57312,,,,,annual,
S-e50612,A-c7e58b,,,Basic,13,247,2964,,,,,annual,
S-64fba3,A-00bed1,,,Enterprise,28,5572,66864,,,,,annual,
S-2372d2,A-cea1f0,,,Enterprise,21,4179,50148,,,,,annual,
S-2661dc,A-c37cab,,,Pro,20,0,0,,,,,monthly,
S-427275,A-4c38bc,,,Enterprise,36,7164,85968,,,,,annual,
S-628729,A-157070,,,Enterprise,23,4577,54924,,,,,monthly,
S-e260ff,A-bcf87c,,,Enterprise,21,4179,50148,,,,,annual,
S-89c03a,A-8ae3fc,,,Pro,9,441,5292,,,,,monthly,
S-86455a,A-1b9609,,,Pro,12,588,7056,,,,,monthly,
S-3660bb,A-474ad4,,,Enterprise,10,0,0,,,,,monthly,
S-6bf7d7,A-9bfc9f,,,Pro,53,2597,31164,,,,,annual,
S-feccd8,A-812c5b,,,Enterprise,55,10945,131340,,,,,monthly,
S-0e4b0c,A-39b19f,,,Pro,24,1176,14112,,,,,annual,
S-0e0578,A-de58ca,,,Basic,15,285,3420,,,,,monthly,
S-74538d,A-e60f9d,,,Pro,46,2254,27048,,,,,annual,
S-c2a6cb,A-9affe6,,,Enterprise,7,1393,16716,,,,,annual,
S-1bd2ec,A-e60f9d,,,Basic,38,722,8664,,,,,annual,
S-3cc352,A-d27f50,,,Pro,44,2156,25872,,,,,monthly,
S-124207,A-fdfc91,,,Basic,29,551,6612,,,,,annual,
S-76e7d9,A-712f1c,,,Enterprise,44,8756,105072,,,,,monthly,
S-44f453,A-19b2c8,,,Enterprise,20,3980,47760,,,,,monthly,
S-03a97f,A-f51f16,,,Pro,60,2940,35280,,,,,annual,
S-80c01c,A-d3c88e,,,Basic,16,304,3648,,,,,annual,
S-666181,A-eb1312,,,Basic,71,1349,16188,,,,,annual,
S-401496,A-68f37c,,,Enterprise,4,796,9552,,,,,monthly,
S-ca0c98,A-fda07f,,,Pro,7,343,4116,,,,,monthly,
S-017e33,A-f9cc74,,,Basic,53,1007,12084,,,,,monthly,
S-183073,A-e7a1e2,,,Enterprise,14,2786,33432,,,,,monthly,
S-22f503,A-7a0d69,,,Basic,6,114,1368,,,,,annual,
S-7de1b7,A-4d1e75,,,Enterprise,20,3980,47760,,,,,annual,
S-c7f564,A-902ef7,,,Pro,83,0,0,,,,,annual,
S-ceffe9,A-89ee83,,,Enterprise,2,398,4776,,,,,monthly,
S-9b2c95,A-e60f9d,,,Pro,29,0,0,,,,,annual,
S-cf6ec1,A-d77f4c,,,Enterprise,22,4378,52536,,,,,monthly,
S-a44d72,A-b30291,,,Pro,18,882,10584,,,,,monthly,
S-0b0ffa,A-180abf,,,Basic,64,0,0,,,,,annual,
S-02af5d,A-d82ef9,,,Enterprise,26,0,0,,,,,annual,
S-d07c53,A-249769,,,Basic,21,399,4788,,,,,annual,
S-c67b80,A-eb2fdc,,,Pro,31,1519,18228,,,,,monthly,
S-5d68fb,A-5f2961,,,Pro,49,2401,28812,,,,,annual,
S-fc9cc3,A-9b9fe9,,,Pro,24,1176,14112,,,,,annual,
S-17f71d,A-e40f45,,,Pro,44,2156,25872,,,,,monthly,
S-5895f0,A-bcf664,,,Basic,8,0,0,,,,,annual,
S-b042d9,A-0e966d,,,Enterprise,11,2189,26268,,,,,annual,
S-ffd1ee,A-f03140,,,Pro,27,0,0,,,,,annual,
S-9c4bcd,A-a7bd4b,,,Pro,5,245,2940,,,,,monthly,
S-4f91d0,A-7f8241,,,Basic,34,646,7752,,,,,monthly,
S-672f1b,A-eafc6e,,,Pro,27,1323,15876,,,,,monthly,
S-101201,A-d49cc5,,,Basic,50,950,11400,,,,,annual,
S-eea643,A-54ecc2,,,Enterprise,28,5572,66864,,,,,monthly,
S-5f9a67,A-6da850,,,Pro,5,245,2940,,,,,annual,
S-327e7c,A-4e960a,,,Enterprise,17,0,0,,,,,annual,
S-d97c5f,A-533452,,,Pro,101,4949,59388,,,,,monthly,
S-029c20,A-f44180,,,Basic,10,0,0,,,,,annual,
S-a74462,A-7c83a1,,,Pro,48,2352,28224,,,,,annual,
S-02ec76,A-e60f9d,,,Pro,29,1421,17052,,,,,monthly,
S-d1c9e3,A-075038,,,Basic,17,323,3876,,,,,annual,
S-51d8db,A-cc1d8d,,,Enterprise,6,1194,14328,,,,,annual,
S-c3c85e,A-271f46,,,Basic,38,722,8664,,,,,monthly,
S-44a646,A-1e1b80,,,Basic,50,950,11400,,,,,annual,
S-431c03,A-e4bf56,,,Enterprise,37,7363,88356,,,,,monthly,
S-4f0027,A-ff79f2,,,Enterprise,19,3781,45372,,,,,annual,
S-6c9ee1,A-6da850,,,Enterprise,23,0,0,,,,,monthly,
S-396a84,A-5b4ebb,,,Basic,21,399,4788,,,,,monthly,
S-6bea24,A-3f9cc0,,,Basic,22,0,0,,,,,monthly,
S-259804,A-d4ac0e,,,Basic,28,532,6384,,,,,annual,
S-33e40e,A-86cdb4,,,Enterprise,2,398,4776,,,,,annual,
S-fbd522,A-310452,,,Pro,9,0,0,,,,,annual,
S-bbafad,A-854864,,,Basic,20,380,4560,,,,,annual,
S-3edc14,A-d82ef9,,,Pro,26,0,0,,,,,annual,
S-11e29d,A-71615e,,,Basic,32,608,7296,,,,,monthly,
S-1feff8,A-5fe118,,,Enterprise,39,7761,93132,,,,,annual,
S-61e86c,A-39ddf4,,,Enterprise,40,7960,95520,,,,,annual,
S-af41f0,A-e83938,,,Basic,2,38,456,,,,,annual,
S-65ae02,A-671f31,,,Pro,59,2891,34692,,,,,annual,
S-f7fccd,A-443b7c,,,Basic,6,0,0,,,,,annual,
S-7904d3,A-d4e0d4,,,Enterprise,117,23283,279396,,,,,monthly,
S-48a54e,A-b2225d,,,Basic,47,0,0,,,,,monthly,
S-4a08bd,A-e08cd3,,,Pro,67,3283,39396,,,,,annual,
S-faa8ec,A-2e4581,,,Basic,11,209,2508,,,,,monthly,
S-8db104,A-4a267b,,,Pro,25,1225,14700,,,,,monthly,
S-3c0121,A-7c83a1,,,Pro,24,1176,14112,,,,,monthly,
S-13ca37,A-6843f2,,,Pro,21,0,0,,,,,monthly,
S-163e64,A-dfbd31,,,Enterprise,62,12338,148056,,,,,monthly,
S-4d1ba6,A-00cac8,,,Enterprise,9,0,0,,,,,annual,
S-e98d6b,A-309e54,,,Basic,15,285,3420,,,,,annual,
S-041624,A-6843f2,,,Enterprise,21,4179,50148,,,,,monthly,
S-b78829,A-2e4581,,,Pro,20,980,11760,,,,,monthly,
S-ca1c21,A-f92792,,,Basic,9,0,0,,,,,annual,
S-e1de58,A-ce550d,,,Enterprise,35,6965,83580,,,,,annual,
S-721fea,A-f6b2fb,,,Pro,23,1127,13524,,,,,monthly,
S-eaac58,A-ff3c73,,,Basic,66,1254,15048,,,,,annual,
S-1218fd,A-2d4502,,,Basic,14,266,3192,,,,,monthly,
S-936732,A-2f6a32,,,Pro,19,931,11172,,,,,annual,
S-c2f293,A-69b156,,,Basic,8,152,1824,,,,,monthly,
S-fe3b71,A-44dc83,,,Enterprise,37,0,0,,,,,monthly,
S-f5f5b3,A-89ee83,,,Basic,10,190,2280,,,,,annual,
S-4afb53,A-40de06,,,Enterprise,28,5572,66864,,,,,monthly,
S-851bbe,A-d77f4c,,,Enterprise,94,18706,224472,,,,,annual,
S-dab0d5,A-cc1d8d,,,Basic,5,0,0,,,,,monthly,
S-9aa190,A-9b9fe9,,,Basic,33,627,7524,,,,,annual,
S-f89d8c,A-88c6ca,,,Pro,49,2401,28812,,,,,monthly,
S-766a62,A-1ac5e0,,,Enterprise,33,0,0,,,,,monthly,
S-10134d,A-52dd88,,,Enterprise,23,4577,54924,,,,,annual,
S-85de7a,A-940b8b,,,Enterprise,32,6368,76416,,,,,annual,
S-85796b,A-f19409,,,Enterprise,23,4577,54924,,,,,monthly,
S-c97464,A-f5641b,,,Pro,38,1862,22344,,,,,monthly,
S-6732ff,A-9affe6,,,Pro,24,1176,14112,,,,,annual,
S-aa20eb,A-6f8ad2,,,Pro,1,49,588,,,,,monthly,
S-b6aabe,A-902ef7,,,Basic,83,1577,18924,,,,,annual,
S-0ff339,A-6dee43,,,Basic,12,228,2736,,,,,annual,
S-4d664d,A-cc1d8d,,,Pro,16,784,9408,,,,,annual,
S-8deb5f,A-533452,,,Basic,52,988,11856,,,,,annual,
S-e2d4e9,A-18793f,,,Basic,148,0,0,,,,,monthly,
S-d8441d,A-8adedc,,,Basic,4,76,912,,,,,annual,
S-6d356a,A-425e76,,,Basic,28,532,6384,,,,,annual,
S-c005ac,A-92a3af,,,Enterprise,25,4975,59700,,,,,annual,
S-d0913e,A-eb2fdc,,,Pro,31,1519,18228,,,,,monthly,
S-4bef15,A-600734,,,Enterprise,29,0,0,,,,,annual,
S-2573e4,A-7f8241,,,Basic,60,1140,13680,,,,,monthly,
S-80c291,A-712533,,,Enterprise,18,3582,42984,,,,,annual,
S-64acb8,A-3be56b,,,Enterprise,30,5970,71640,,,,,monthly,
S-13a948,A-d5a319,,,Enterprise,15,2985,35820,,,,,monthly,
S-081b81,A-b20d99,,,Basic,20,380,4560,,,,,annual,
S-68c537,A-9ee962,,,Enterprise,29,5771,69252,,,,,monthly,
S-3f82bc,A-d5a319,,,Basic,15,0,0,,,,,monthly,
S-fe6311,A-5c9849,,,Enterprise,19,0,0,,,,,monthly,
S-b3c4b8,A-c43359,,,Pro,38,0,0,,,,,annual,
S-8923b3,A-157070,,,Basic,27,513,6156,,,,,annual,
S-2410c6,A-5247b3,,,Basic,33,627,7524,,,,,annual,
S-7a06fe,A-5a92e7,,,Pro,28,1372,16464,,,,,monthly,
S-ceaca8,A-96e141,,,Enterprise,24,4776,57312,,,,,monthly,
S-02c3e7,A-7c4956,,,Enterprise,6,1194,14328,,,,,annual,
S-3a1a06,A-eb7fac,,,Enterprise,14,2786,33432,,,,,monthly,
S-7f5d03,A-22d9d2,,,Pro,25,1225,14700,,,,,monthly,
S-c10f0c,A-0f7d77,,,Basic,6,114,1368,,,,,monthly,
S-cdd00a,A-4e44e8,,,Basic,38,722,8664,,,,,monthly,
S-d57a67,A-2446e3,,,Pro,27,1323,15876,,,,,monthly,
S-f75ac4,A-faa28c,,,Enterprise,48,0,0,,,,,annual,
S-76c59f,A-0aaf6e,,,Basic,24,456,5472,,,,,annual,
S-0a15fa,A-bb1eaa,,,Pro,25,1225,14700,,,,,annual,
S-d0f5fb,A-39868b,,,Enterprise,9,1791,21492,,,,,annual,
S-ffb6cc,A-94d3da,,,Enterprise,41,8159,97908,,,,,monthly,
S-1b8300,A-faa28c,,,Enterprise,48,0,0,,,,,monthly,
S-88de1c,A-18793f,,,Basic,148,2812,33744,,,,,annual,
S-a88ffd,A-cc102e,,,Pro,13,637,7644,,,,,annual,
S-f12a54,A-f3ff05,,,Pro,2,98,1176,,,,,monthly,
S-f9b284,A-22d9d2,,,Pro,8,392,4704,,,,,annual,
S-61e53d,A-d42431,,,Basic,22,418,5016,,,,,annual,
S-4c5456,A-149a69,,,Basic,34,646,7752,,,,,monthly,
S-b15cde,A-ee42db,,,Pro,13,637,7644,,,,,monthly,
S-9e6a18,A-7d514c,,,Pro,21,1029,12348,,,,,monthly,
S-0b2ac3,A-d792a6,,,Basic,7,0,0,,,,,annual,
S-cb8a5c,A-1e6fc3,,,Enterprise,1,199,2388,,,,,annual,
S-8b52b5,A-c1dfe1,,,Enterprise,26,5174,62088,,,,,monthly,
S-79b2bc,A-249769,,,Basic,4,76,912,,,,,monthly,
S-4fd9ba,A-d4ac0e,,,Basic,24,456,5472,,,,,monthly,
S-163e9d,A-ccabf0,,,Enterprise,11,2189,26268,,,,,annual,
S-8324d4,A-5a215a,,,Pro,87,0,0,,,,,monthly,
S-22f848,A-993085,,,Enterprise,49,9751,117012,,,,,annual,
S-b32512,A-854864,,,Enterprise,20,3980,47760,,,,,monthly,
S-98ac99,A-8ed5dd,,,Basic,5,95,1140,,,,,annual,
S-93fab3,A-9f9299,,,Pro,28,1372,16464,,,,,annual,
S-838330,A-5a215a,,,Pro,87,0,0,,,,,annual,
S-720d62,A-c16101,,,Basic,53,1007,12084,,,,,monthly,
S-e2500e,A-5b4ebb,,,Basic,21,0,0,,,,,monthly,
S-2c091a,A-32728c,,,Pro,20,980,11760,,,,,annual,
S-55d53c,A-2f6a32,,,Basic,19,361,4332,,,,,annual,
S-df2fb8,A-0e966d,,,Pro,55,0,0,,,,,annual,
S-24ae40,A-328bd0,,,Basic,18,342,4104,,,,,monthly,
S-bdd4c5,A-5a92e7,,,Pro,28,1372,16464,,,,,monthly,
S-2196c4,A-425e76,,,Basic,8,152,1824,,,,,monthly,
S-9626f8,A-d4ac0e,,,Pro,18,882,10584,,,,,annual,
S-03340d,A-4ef964,,,Enterprise,17,3383,40596,,,,,annual,
S-ae1882,A-9f9299,,,Basic,61,1159,13908,,,,,monthly,
S-1cdd2c,A-ac9111,,,Pro,21,1029,12348,,,,,monthly,
S-6b7aa4,A-c37601,,,Basic,22,418,5016,,,,,monthly,
S-dfe952,A-e351e1,,,Basic,33,627,7524,,,,,monthly,
S-763384,A-526d93,,,Pro,43,0,0,,,,,annual,
S-3e6a40,A-94c3cd,,,Enterprise,32,0,0,,,,,monthly,
S-5fffe8,A-4e631b,,,Basic,22,418,5016,,,,,monthly,
S-e51242,A-8145a0,,,Enterprise,9,1791,21492,,,,,annual,
S-ae3270,A-fdfc91,,,Basic,29,551,6612,,,,,annual,
S-808668,A-e351e1,,,Pro,33,1617,19404,,,,,monthly,
S-388f70,A-40a557,,,Pro,18,0,0,,,,,annual,
S-b84a07,A-7c4956,,,Pro,9,441,5292,,,,,annual,
S-a24476,A-91e948,,,Basic,41,0,0,,,,,monthly,
S-ff78bf,A-50f3f7,,,Pro,31,0,0,,,,,monthly,
S-695c1e,A-ce66f8,,,Enterprise,37,7363,88356,,,,,monthly,
S-f97609,A-712f1c,,,Pro,38,1862,22344,,,,,annual,
S-fee60b,A-4a267b,,,Pro,46,2254,27048,,,,,monthly,
S-3cc163,A-df10db,,,Basic,68,0,0,,,,,annual,
S-534c28,A-e888d1,,,Basic,14,266,3192,,,,,monthly,
S-e1d553,A-692f18,,,Pro,9,0,0,,,,,annual,
S-358daa,A-39b19f,,,Enterprise,24,0,0,,,,,annual,
S-ff2761,A-0cc442,,,Basic,45,855,10260,,,,,monthly,
S-b6d200,A-d27f50,,,Basic,44,836,10032,,,,,monthly,
S-518472,A-e7beab,,,Pro,19,931,11172,,,,,monthly,
S-682d28,A-fdfc91,,,Enterprise,47,9353,112236,,,,,annual,
S-0a2238,A-c7ffc2,,,Basic,30,570,6840,,,,,monthly,
S-6e4c1a,A-94f8c9,,,Enterprise,13,2587,31044,,,,,monthly,
S-7564e1,A-313be3,,,Enterprise,47,0,0,,,,,monthly,
S-41023c,A-49b828,,,Enterprise,31,6169,74028,,,,,annual,
S-6e0006,A-5b051a,,,Basic,22,418,5016,,,,,monthly,
S-7e1791,A-a6d261,,,Enterprise,9,1791,21492,,,,,annual,
S-1109d6,A-a2485e,,,Enterprise,3,597,7164,,,,,annual,
S-b35203,A-ac85cd,,,Enterprise,53,10547,126564,,,,,monthly,
S-ef4ad8,A-bcf87c,,,Pro,10,490,5880,,,,,annual,
S-2dad6b,A-104f1a,,,Basic,34,646,7752,,,,,monthly,
S-4c100f,A-eb7fac,,,Enterprise,136,27064,324768,,,,,monthly,
S-17cfc4,A-592832,,,Pro,18,0,0,,,,,monthly,
S-c317f9,A-86902e,,,Basic,34,646,7752,,,,,annual,
S-3311b1,A-7cfe77,,,Pro,69,3381,40572,,,,,monthly,
S-26e8f0,A-d40bf7,,,Enterprise,59,11741,140892,,,,,monthly,
S-807d87,A-69b156,,,Enterprise,28,5572,66864,,,,,annual,
S-c4aa5f,A-ccb686,,,Pro,52,2548,30576,,,,,annual,
S-86c28f,A-8adedc,,,Pro,79,3871,46452,,,,,annual,
S-d635a2,A-ff79f2,,,Basic,12,228,2736,,,,,annual,
S-463525,A-016043,,,Enterprise,13,2587,31044,,,,,annual,
S-b2238e,A-104f1a,,,Basic,24,456,5472,,,,,monthly,
S-d01053,A-779e4e,,,Enterprise,36,7164,85968,,,,,annual,
S-b9bbfd,A-118d55,,,Enterprise,36,7164,85968,,,,,monthly,
S-790762,A-ac85cd,,,Pro,53,2597,31164,,,,,monthly,
S-321498,A-3a7284,,,Pro,31,0,0,,,,,monthly,
S-8cf2ef,A-600734,,,Basic,42,798,9576,,,,,annual,
S-48aa95,A-a8b49c,,,Enterprise,7,1393,16716,,,,,monthly,
S-42218c,A-e2cd1b,,,Pro,45,2205,26460,,,,,monthly,
S-e6e96f,A-cbd1a3,,,Enterprise,8,0,0,,,,,annual,
S-627cfa,A-9bfc9f,,,Pro,53,2597,31164,,,,,monthly,
S-47a04b,A-b54c01,,,Pro,29,0,0,,,,,annual,
S-2a6eb3,A-80eeb6,,,Enterprise,68,13532,162384,,,,,monthly,
S-c5f3d4,A-9f2731,,,Pro,5,0,0,,,,,annual,
S-c3bf1d,A-55f257,,,Pro,9,441,5292,,,,,annual,
S-a82441,A-4a267b,,,Pro,25,1225,14700,,,,,annual,
S-ccdf41,A-94f8c9,,,Enterprise,17,3383,40596,,,,,monthly,
S-3503cb,A-c43359,,,Basic,38,722,8664,,,,,monthly,
S-ed32c7,A-37f969,,,Pro,30,1470,17640,,,,,annual,
S-64bd69,A-ac9111,,,Basic,21,399,4788,,,,,annual,
S-abd244,A-66224b,,,Basic,92,1748,20976,,,,,monthly,
S-1e83a6,A-443b7c,,,Basic,8,152,1824,,,,,annual,
S-e86a94,A-443f6f,,,Pro,19,931,11172,,,,,monthly,
S-2480b0,A-6e08f3,,,Basic,13,247,2964,,,,,annual,
S-095083,A-98a59a,,,Basic,56,1064,12768,,,,,annual,
S-07abdd,A-f19409,,,Pro,34,1666,19992,,,,,annual,
S-c29f3a,A-b7b7b7,,,Pro,24,1176,14112,,,,,monthly,
S-b4ac47,A-3b5cd1,,,Pro,31,1519,18228,,,,,annual,
S-2e017b,A-432483,,,Pro,5,245,2940,,,,,annual,
S-c64e87,A-f3ff05,,,Enterprise,27,5373,64476,,,,,annual,
S-c24467,A-e888d1,,,Basic,50,0,0,,,,,monthly,
S-f7b0e0,A-66224b,,,Basic,92,1748,20976,,,,,annual,
S-edeacd,A-59f724,,,Pro,18,882,10584,,,,,annual,
S-3d6b69,A-2446e3,,,Enterprise,27,5373,64476,,,,,annual,
S-63e282,A-6a4e2d,,,Pro,14,686,8232,,,,,annual,
S-ef2a21,A-427b69,,,Pro,36,1764,21168,,,,,annual,
S-e052d8,A-4e44e8,,,Pro,25,0,0,,,,,annual,
S-2d51ca,A-96e141,,,Pro,32,1568,18816,,,,,monthly,
S-0921a1,A-ee42db,,,Basic,22,418,5016,,,,,annual,
S-62c98f,A-5a92e7,,,Pro,35,1715,20580,,,,,monthly,
S-1cff77,A-5a3eb9,,,Pro,65,3185,38220,,,,,annual,
S-3a28a1,A-b9f5b1,,,Enterprise,15,2985,35820,,,,,annual,
S-42aaf0,A-6da850,,,Basic,6,114,1368,,,,,annual,
S-d02277,A-05f0e5,,,Enterprise,92,18308,219696,,,,,monthly,
S-72b92f,A-bd4708,,,Enterprise,37,7363,88356,,,,,monthly,
S-15609d,A-94d3da,,,Basic,41,0,0,,,,,monthly,
S-6d12c1,A-d26ab4,,,Basic,11,209,2508,,,,,monthly,
S-1bf267,A-c42f1f,,,Basic,28,532,6384,,,,,annual,
S-2d4edf,A-69fad4,,,Enterprise,6,1194,14328,,,,,annual,
S-050a91,A-d27f50,,,Basic,45,855,10260,,,,,annual,
S-e41457,A-5f2961,,,Enterprise,4,796,9552,,,,,annual,
S-9f2386,A-558c72,,,Enterprise,15,2985,35820,,,,,annual,
S-e23fd8,A-cc98bc,,,Enterprise,32,0,0,,,,,annual,
S-c1056f,A-6f8ad2,,,Basic,21,399,4788,,,,,monthly,
S-c4c9ce,A-625d0b,,,Enterprise,10,1990,23880,,,,,monthly,
S-dc90ef,A-bcf87c,,,Pro,17,833,9996,,,,,annual,
S-fc1114,A-4c56c9,,,Pro,18,882,10584,,,,,annual,
S-b95110,A-b07b56,,,Pro,25,1225,14700,,,,,monthly,
S-e2e052,A-91e948,,,Pro,41,2009,24108,,,,,monthly,
S-0de78a,A-e4144b,,,Basic,41,779,9348,,,,,annual,
S-8a37c8,A-054577,,,Pro,8,392,4704,,,,,monthly,
S-8d6cec,A-32fb14,,,Pro,32,1568,18816,,,,,annual,
S-65dd83,A-592832,,,Pro,36,1764,21168,,,,,annual,
S-fa7c1a,A-df10db,,,Enterprise,12,2388,28656,,,,,monthly,
S-cc964d,A-d26ab4,,,Basic,15,0,0,,,,,annual,
S-e72beb,A-712533,,,Pro,70,3430,41160,,,,,annual,
S-80199e,A-50bb9f,,,Enterprise,18,3582,42984,,,,,monthly,
S-b6f87e,A-8b25f2,,,Basic,10,190,2280,,,,,annual,
S-6129d4,A-6965e1,,,Enterprise,13,2587,31044,,,,,annual,
S-7b647e,A-d62e02,,,Enterprise,10,1990,23880,,,,,monthly,
S-426f2f,A-8145a0,,,Enterprise,3,597,7164,,,,,annual,
S-02cde8,A-5b4ebb,,,Enterprise,63,12537,150444,,,,,monthly,
S-61a87e,A-91e948,,,Basic,41,779,9348,,,,,monthly,
S-5698bd,A-52dd88,,,Pro,26,1274,15288,,,,,monthly,
S-702fe2,A-d77f4c,,,Enterprise,11,2189,26268,,,,,monthly,
S-3e510d,A-50f3f7,,,Pro,31,1519,18228,,,,,annual,
S-ec7c12,A-cbd1a3,,,Enterprise,6,1194,14328,,,,,monthly,
S-d725da,A-f17767,,,Pro,22,1078,12936,,,,,annual,
S-c84c8d,A-7988d1,,,Enterprise,92,0,0,,,,,annual,
S-049328,A-39b19f,,,Pro,55,2695,32340,,,,,monthly,
S-d9ad28,A-4f18f0,,,Pro,24,1176,14112,,,,,monthly,
S-eec041,A-c43359,,,Basic,38,722,8664,,,,,monthly,
S-a554da,A-712f1c,,,Enterprise,17,3383,40596,,,,,annual,
S-2ccc04,A-9a532a,,,Enterprise,11,2189,26268,,,,,monthly,
S-984f8b,A-db5e9e,,,Enterprise,17,3383,40596,,,,,annual,
S-d3613b,A-6f50ae,,,Enterprise,19,0,0,,,,,monthly,
S-e27a20,A-ffc04f,,,Basic,13,247,2964,,,,,monthly,
S-41871d,A-029f69,,,Enterprise,3,597,7164,,,,,annual,
S-9686c6,A-eb2fdc,,,Pro,33,1617,19404,,,,,annual,
S-9b1f0e,A-e83938,,,Pro,2,98,1176,,,,,annual,
S-3445f5,A-7f6b86,,,Basic,45,855,10260,,,,,annual,
S-f6e14c,A-8bde0c,,,Enterprise,28,5572,66864,,,,,annual,
S-94cfff,A-439b2f,,,Pro,22,0,0,,,,,annual,
S-ceb9bd,A-7da956,,,Pro,20,980,11760,,,,,annual,
S-2c270f,A-9f9299,,,Enterprise,28,5572,66864,,,,,annual,
S-baba71,A-8b25f2,,,Enterprise,10,1990,23880,,,,,monthly,
S-d33d84,A-31ab9a,,,Enterprise,3,597,7164,,,,,annual,
S-c1012c,A-b7b7b7,,,Enterprise,24,4776,57312,,,,,monthly,
S-42af3d,A-40de06,,,Enterprise,28,5572,66864,,,,,annual,
S-d4cc9b,A-10b8f2,,,Pro,54,2646,31752,,,,,annual,
S-1351ac,A-0cc442,,,Enterprise,45,0,0,,,,,monthly,
S-753a0a,A-ad64c6,,,Enterprise,28,5572,66864,,,,,annual,
S-62a710,A-42b791,,,Pro,22,1078,12936,,,,,annual,
S-85eb8f,A-59f724,,,Enterprise,22,4378,52536,,,,,monthly,
S-e6f639,A-37f969,,,Pro,30,1470,17640,,,,,monthly,
S-85ba19,A-6965e1,,,Enterprise,13,2587,31044,,,,,monthly,
S-a14f63,A-e1b9cd,,,Enterprise,40,7960,95520,,,,,monthly,
S-f80ef5,A-e51ec7,,,Basic,5,0,0,,,,,annual,
S-ed4e09,A-e43bf7,,,Pro,44,2156,25872,,,,,annual,
S-f49e0b,A-7f6b86,,,Pro,45,2205,26460,,,,,annual,
S-22be2c,A-35083d,,,Enterprise,49,9751,117012,,,,,monthly,
S-6587d8,A-2446e3,,,Enterprise,27,5373,64476,,,,,monthly,
S-44fba6,A-82d8a6,,,Enterprise,7,0,0,,,,,annual,
S-f14c84,A-fa2041,,,Basic,18,0,0,,,,,monthly,
S-f243c1,A-e888d1,,,Pro,14,0,0,,,,,annual,
S-ca454e,A-9174e0,,,Enterprise,37,7363,88356,,,,,monthly,
S-3e8283,A-940b8b,,,Pro,24,1176,14112,,,,,annual,
S-70ae65,A-df1e44,,,Pro,63,3087,37044,,,,,monthly,
S-f615d2,A-0a282f,,,Pro,18,882,10584,,,,,monthly,
S-a8f236,A-855a48,,,Enterprise,14,2786,33432,,,,,monthly,
S-684751,A-86cdb4,,,Basic,17,323,3876,,,,,monthly,
S-4d9635,A-dcc3f1,,,Enterprise,22,4378,52536,,,,,annual,
S-43c489,A-c222ab,,,Pro,32,1568,18816,,,,,annual,
S-a346d6,A-0a282f,,,Enterprise,19,3781,45372,,,,,annual,
S-47ce2d,A-d792a6,,,Pro,37,1813,21756,,,,,monthly,
S-b4212b,A-10b8da,,,Enterprise,17,3383,40596,,,,,monthly,
S-006908,A-d82ef9,,,Pro,26,1274,15288,,,,,monthly,
S-60b7c7,A-02fac6,,,Enterprise,23,4577,54924,,,,,annual,
S-3e54f5,A-157070,,,Basic,17,323,3876,,,,,annual,
S-e32789,A-ac85cd,,,Pro,53,2597,31164,,,,,annual,
S-6f398a,A-8ed5dd,,,Pro,5,245,2940,,,,,annual,
S-ccc0fe,A-1619f8,,,Basic,29,551,6612,,,,,monthly,
S-1dd0ad,A-ac85cd,,,Basic,53,1007,12084,,,,,monthly,
S-52385a,A-0aaf6e,,,Basic,3,57,684,,,,,monthly,
S-26a630,A-5247b3,,,Enterprise,16,3184,38208,,,,,monthly,
S-904784,A-9badbd,,,Enterprise,20,0,0,,,,,monthly,
S-80a6a6,A-4437e4,,,Enterprise,3,597,7164,,,,,annual,
S-d2d423,A-72799b,,,Enterprise,20,3980,47760,,,,,monthly,
S-bdac36,A-443f6f,,,Enterprise,19,3781,45372,,,,,monthly,
S-a68f4f,A-2ebb4b,,,Basic,41,0,0,,,,,monthly,
S-eb84b1,A-05d3b3,,,Pro,9,441,5292,,,,,monthly,
S-c9b181,A-443b7c,,,Pro,28,1372,16464,,,,,monthly,
S-2e55e6,A-f19409,,,Basic,35,665,7980,,,,,annual,
S-863c87,A-e43bf7,,,Enterprise,70,13930,167160,,,,,annual,
S-7564c5,A-96215d,,,Pro,17,833,9996,,,,,monthly,
S-8a9db8,A-474ad4,,,Enterprise,8,1592,19104,,,,,annual,
S-200752,A-4d1e75,,,Pro,20,980,11760,,,,,monthly,
S-74e211,A-3d957b,,,Pro,14,686,8232,,,,,monthly,
S-2aadef,A-1619f8,,,Pro,29,1421,17052,,,,,annual,
S-fdc415,A-726cfa,,,Enterprise,30,5970,71640,,,,,annual,
S-c03f87,A-6f50ae,,,Enterprise,19,3781,45372,,,,,annual,
S-a245f6,A-86902e,,,Basic,34,646,7752,,,,,monthly,
S-a1cc61,A-bc4d48,,,Basic,35,665,7980,,,,,annual,
S-9b96c2,A-02cd81,,,Enterprise,44,8756,105072,,,,,monthly,
S-2e79e8,A-cb5333,,,Pro,33,0,0,,,,,monthly,
S-f965de,A-ab438f,,,Pro,64,0,0,,,,,monthly,
S-abff7d,A-94f8c9,,,Basic,20,0,0,,,,,annual,
S-791c64,A-a1b80b,,,Pro,16,0,0,,,,,annual,
S-7b7be8,A-d42431,,,Basic,91,1729,20748,,,,,monthly,
S-6055d4,A-ce550d,,,Enterprise,35,0,0,,,,,monthly,
S-938e4e,A-794a0b,,,Pro,23,0,0,,,,,annual,
S-1f3254,A-4c56c9,,,Basic,18,342,4104,,,,,annual,
S-2c4909,A-659280,,,Basic,13,247,2964,,,,,monthly,
S-e143c9,A-bd4513,,,Pro,50,2450,29400,,,,,annual,
S-c3213f,A-1d5444,,,Enterprise,41,8159,97908,,,,,annual,
S-102053,A-4e0e85,,,Enterprise,6,1194,14328,,,,,monthly,
S-43c2e3,A-6f8ad2,,,Enterprise,35,6965,83580,,,,,monthly,
S-a2b83d,A-cc8c8f,,,Basic,23,437,5244,,,,,annual,
S-b6793d,A-6f50ae,,,Pro,22,1078,12936,,,,,annual,
S-a3a1c1,A-f25509,,,Pro,47,2303,27636,,,,,monthly,
S-260e48,A-7f4db3,,,Pro,10,490,5880,,,,,annual,
S-e98296,A-6f8ad2,,,Pro,16,784,9408,,,,,monthly,
S-7d55dc,A-08e34e,,,Enterprise,30,5970,71640,,,,,annual,
S-d26ff6,A-a0ca4e,,,Enterprise,26,5174,62088,,,,,monthly,
S-ba8c46,A-9f0b68,,,Pro,18,882,10584,,,,,monthly,
S-992c2a,A-d922bf,,,Enterprise,26,0,0,,,,,monthly,
S-19f899,A-331424,,,Enterprise,11,2189,26268,,,,,annual,
S-b95751,A-02cd81,,,Basic,44,0,0,,,,,monthly,
S-d74a31,A-993085,,,Pro,33,1617,19404,,,,,monthly,
S-676254,A-854864,,,Pro,20,980,11760,,,,,annual,
S-3ad7c4,A-f17767,,,Pro,11,539,6468,,,,,monthly,
S-96fb48,A-1f7acb,,,Pro,64,3136,37632,,,,,monthly,
S-afea79,A-05f0e5,,,Pro,32,1568,18816,,,,,annual,
S-c8a983,A-2d4502,,,Pro,12,588,7056,,,,,annual,
S-e3c3c8,A-856b1e,,,Pro,25,1225,14700,,,,,monthly,
S-020222,A-02fac6,,,Pro,22,1078,12936,,,,,monthly,
S-65c079,A-417d2f,,,Basic,5,95,1140,,,,,annual,
S-056af2,A-054577,,,Enterprise,75,14925,179100,,,,,monthly,
S-09761d,A-6843f2,,,Pro,23,1127,13524,,,,,annual,
S-a7d379,A-702032,,,Basic,28,532,6384,,,,,monthly,
S-a903ad,A-59f724,,,Pro,27,1323,15876,,,,,annual,
S-de3416,A-0dbdc6,,,Pro,47,2303,27636,,,,,annual,
S-9161b0,A-4d1e75,,,Enterprise,62,12338,148056,,,,,monthly,
S-f3274c,A-43a9e3,,,Pro,18,882,10584,,,,,annual,
S-2991c7,A-443b7c,,,Pro,38,1862,22344,,,,,monthly,
S-239a39,A-30b4ca,,,Pro,86,4214,50568,,,,,monthly,
S-19f80d,A-d62e02,,,Basic,32,608,7296,,,,,annual,
S-13c8b6,A-89ee83,,,Basic,27,513,6156,,,,,monthly,
S-d5a07a,A-19b2c8,,,Basic,24,456,5472,,,,,annual,
S-e5ba1c,A-39868b,,,Enterprise,9,1791,21492,,,,,annual,
S-e2793d,A-4c38bc,,,Basic,36,684,8208,,,,,monthly,
S-a37653,A-812c5b,,,Pro,55,2695,32340,,,,,monthly,
S-0b25d7,A-0e966d,,,Basic,22,418,5016,,,,,monthly,
S-75c1b4,A-5a3eb9,,,Pro,18,882,10584,,,,,annual,
S-7262b9,A-4a4c2d,,,Basic,54,1026,12312,,,,,monthly,
S-6c6e62,A-5fe118,,,Basic,39,0,0,,,,,monthly,
S-add03a,A-0cc442,,,Enterprise,45,8955,107460,,,,,annual,
S-648e54,A-993085,,,Pro,31,1519,18228,,,,,monthly,
S-01bbfe,A-50f3f7,,,Pro,31,1519,18228,,,,,annual,
S-6c9dc9,A-de24d5,,,Basic,10,190,2280,,,,,monthly,
S-826424,A-fa2041,,,Enterprise,18,3582,42984,,,,,annual,
S-e64c2b,A-c16b88,,,Enterprise,23,4577,54924,,,,,annual,
S-c693b6,A-d4ac0e,,,Basic,27,513,6156,,,,,monthly,
S-096065,A-2b9d3e,,,Enterprise,11,0,0,,,,,annual,
S-d449e1,A-ccabf0,,,Basic,25,0,0,,,,,annual,
S-592c0d,A-a7bd4b,,,Pro,5,0,0,,,,,annual,
S-ab24c6,A-4e631b,,,Enterprise,22,4378,52536,,,,,annual,
S-e32b34,A-4c56c9,,,Basic,12,228,2736,,,,,monthly,
S-191550,A-6c093d,,,Basic,15,285,3420,,,,,monthly,
S-c65c8b,A-bc4d48,,,Basic,35,665,7980,,,,,annual,
S-39e88c,A-3b37d9,,,Pro,23,1127,13524,,,,,annual,
S-9a08ff,A-a1bbb6,,,Enterprise,16,3184,38208,,,,,annual,
S-95d15a,A-9289f6,,,Basic,13,247,2964,,,,,annual,
S-7c5f3b,A-1e1b80,,,Basic,50,950,11400,,,,,monthly,
S-70af60,A-0354fe,,,Basic,34,0,0,,,,,annual,
S-175429,A-b54c01,,,Basic,29,551,6612,,,,,annual,
S-d36b9f,A-0cc442,,,Enterprise,45,8955,107460,,,,,annual,
S-65071f,A-b9f5b1,,,Basic,43,817,9804,,,,,monthly,
S-ab63e3,A-0354fe,,,Basic,34,646,7752,,,,,annual,
S-260d1e,A-337bc1,,,Enterprise,31,6169,74028,,,,,annual,
S-bdc6b7,A-7f29a7,,,Enterprise,41,8159,97908,,,,,monthly,
S-1c3522,A-075038,,,Pro,17,0,0,,,,,annual,
S-891ad9,A-7988d1,,,Basic,33,0,0,,,,,monthly,
S-2c1ca6,A-118f1c,,,Enterprise,32,6368,76416,,,,,monthly,
S-11066a,A-779e4e,,,Pro,19,931,11172,,,,,annual,
S-f4db1d,A-526d93,,,Enterprise,43,0,0,,,,,annual,
S-45baa6,A-0a282f,,,Pro,4,196,2352,,,,,monthly,
S-f74ac6,A-684255,,,Pro,9,441,5292,,,,,monthly,
S-bc1457,A-69b156,,,Enterprise,7,1393,16716,,,,,annual,
S-b8daaa,A-4bfa33,,,Enterprise,8,0,0,,,,,annual,
S-49aa80,A-a45270,,,Pro,3,147,1764,,,,,monthly,
S-9740c1,A-9f0b68,,,Enterprise,10,1990,23880,,,,,monthly,
S-d6c9dc,A-80eeb6,,,Basic,27,513,6156,,,,,annual,
S-1e8c9e,A-c37cab,,,Pro,13,637,7644,,,,,monthly,
S-4c0b7b,A-e60f9d,,,Basic,60,1140,13680,,,,,annual,
S-e7b281,A-86902e,,,Pro,34,1666,19992,,,,,monthly,
S-761a0f,A-d792a6,,,Enterprise,65,12935,155220,,,,,annual,
S-859ee0,A-8bde0c,,,Enterprise,28,5572,66864,,,,,monthly,
S-924925,A-4d1e75,,,Pro,31,1519,18228,,,,,monthly,
S-c55cbb,A-798a3f,,,Enterprise,12,0,0,,,,,monthly,
S-872bdd,A-d3c88e,,,Enterprise,16,3184,38208,,,,,annual,
S-bf9b37,A-692f18,,,Pro,6,294,3528,,,,,annual,
S-51924b,A-67be94,,,Basic,62,1178,14136,,,,,annual,
S-b03125,A-fd9422,,,Pro,58,2842,34104,,,,,annual,
S-02ab8b,A-4e44e8,,,Enterprise,75,14925,179100,,,,,monthly,
S-de5d6e,A-e36807,,,Basic,26,494,5928,,,,,monthly,
S-e1fa5b,A-157070,,,Enterprise,16,3184,38208,,,,,monthly,
S-b41494,A-b7724f,,,Basic,33,627,7524,,,,,monthly,
S-d7ccbd,A-db5e9e,,,Pro,40,0,0,,,,,monthly,
S-34f2f9,A-f19409,,,Enterprise,23,4577,54924,,,,,annual,
S-54d2a3,A-712f1c,,,Enterprise,17,3383,40596,,,,,monthly,
S-d1350e,A-6c093d,,,Enterprise,61,12139,145668,,,,,annual,
S-e76e80,A-832ec2,,,Basic,25,0,0,,,,,monthly,
S-f4097a,A-faa28c,,,Enterprise,48,9552,114624,,,,,monthly,
S-d4f02f,A-342303,,,Pro,28,1372,16464,,,,,annual,
S-bf3403,A-0cc442,,,Enterprise,45,8955,107460,,,,,annual,
S-0a83cc,A-d922bf,,,Basic,5,0,0,,,,,annual,
S-1a9fb7,A-b30291,,,Enterprise,16,3184,38208,,,,,monthly,
S-1a3627,A-86fc1d,,,Basic,26,0,0,,,,,monthly,
S-93f835,A-5a215a,,,Pro,87,4263,51156,,,,,monthly,
S-75e469,A-b78bf8,,,Pro,33,1617,19404,,,,,monthly,
S-409291,A-3932db,,,Pro,36,1764,21168,,,,,annual,
S-41cdf0,A-68f37c,,,Pro,17,0,0,,,,,monthly,
S-5be27b,A-5b4ebb,,,Enterprise,21,4179,50148,,,,,annual,
S-8f7c91,A-ccb686,,,Basic,11,209,2508,,,,,annual,
S-aaed3e,A-e6afc1,,,Pro,9,0,0,,,,,monthly,
S-4fdfa3,A-5a3eb9,,,Enterprise,18,3582,42984,,,,,monthly,
S-f421c8,A-9badbd,,,Basic,28,532,6384,,,,,annual,
S-34553e,A-d49cc5,,,Basic,50,950,11400,,,,,annual,
S-e6a17a,A-039727,,,Enterprise,25,4975,59700,,,,,annual,
S-9d36ff,A-2e3bad,,,Enterprise,61,0,0,,,,,monthly,
S-583ae2,A-726cfa,,,Basic,17,323,3876,,,,,annual,
S-e162d0,A-503d5a,,,Basic,19,0,0,,,,,monthly,
S-96383d,A-39ddf4,,,Enterprise,40,7960,95520,,,,,annual,
S-f0ad87,A-acb7f7,,,Basic,32,0,0,,,,,annual,
S-d619ad,A-bc4d48,,,Pro,35,0,0,,,,,monthly,
S-d65491,A-186a44,,,Pro,20,0,0,,,,,annual,
S-34cc51,A-118d55,,,Basic,15,285,3420,,,,,annual,
S-e4ba87,A-e40f45,,,Basic,27,513,6156,,,,,annual,
S-709484,A-bcf664,,,Pro,8,392,4704,,,,,annual,
S-631547,A-d82ef9,,,Basic,26,0,0,,,,,annual,
S-d7e65d,A-5a92e7,,,Pro,20,980,11760,,,,,monthly,
S-f32440,A-0a282f,,,Basic,40,760,9120,,,,,monthly,
S-44d025,A-d4ac0e,,,Pro,18,882,10584,,,,,annual,
S-e3a257,A-84ebe4,,,Pro,18,882,10584,,,,,annual,
S-6e0562,A-9bfc9f,,,Pro,53,2597,31164,,,,,annual,
S-11d378,A-f51f16,,,Basic,24,456,5472,,,,,monthly,
S-a69559,A-cd458b,,,Basic,10,190,2280,,,,,monthly,
S-984423,A-96e141,,,Enterprise,25,4975,59700,,,,,monthly,
S-49e3e5,A-6e7827,,,Basic,9,171,2052,,,,,monthly,
S-0b6e58,A-1e1b80,,,Enterprise,50,9950,119400,,,,,annual,
S-16ef7a,A-751c58,,,Basic,16,0,0,,,,,monthly,
S-3fb291,A-f51f16,,,Enterprise,39,7761,93132,,,,,annual,
S-f6cd70,A-2ebb4b,,,Pro,41,2009,24108,,,,,annual,
S-e7d026,A-0aaf6e,,,Enterprise,88,17512,210144,,,,,annual,
S-c2fd82,A-84ebe4,,,Enterprise,82,0,0,,,,,monthly,
S-38131a,A-aa9511,,,Enterprise,23,0,0,,,,,monthly,
S-aa3a36,A-ccc747,,,Enterprise,16,0,0,,,,,monthly,
S-46eb1c,A-089363,,,Basic,11,209,2508,,,,,annual,
S-6ed77d,A-fe79a5,,,Enterprise,9,1791,21492,,,,,monthly,
S-f72b84,A-f44180,,,Pro,9,441,5292,,,,,monthly,
S-0f0d3a,A-ad296b,,,Basic,38,722,8664,,,,,annual,
S-05b080,A-b9eed8,,,Basic,11,209,2508,,,,,monthly,
S-bae2c4,A-bb1486,,,Pro,67,3283,39396,,,,,annual,
S-8ca9f0,A-e693b6,,,Basic,55,1045,12540,,,,,annual,
S-33eb1d,A-02fac6,,,Enterprise,22,4378,52536,,,,,annual,
S-45baac,A-1d5444,,,Enterprise,24,4776,57312,,,,,monthly,
S-e9dc6e,A-4437e4,,,Pro,38,1862,22344,,,,,annual,
S-871e83,A-8adedc,,,Enterprise,14,2786,33432,,,,,annual,
S-88a47f,A-4437e4,,,Basic,9,171,2052,,,,,annual,
S-9714fa,A-158f4e,,,Pro,61,2989,35868,,,,,annual,
S-c77c84,A-0be015,,,Basic,19,0,0,,,,,monthly,
S-86d360,A-b48f73,,,Basic,80,1520,18240,,,,,monthly,
S-c15fcc,A-fd9422,,,Basic,58,1102,13224,,,,,monthly,
S-b0ed51,A-98a59a,,,Enterprise,56,11144,133728,,,,,monthly,
S-2e7756,A-b7b7b7,,,Pro,67,3283,39396,,,,,annual,
S-2fe253,A-1f0636,,,Pro,105,0,0,,,,,annual,
S-a575f5,A-039727,,,Basic,25,475,5700,,,,,annual,
S-39bb68,A-d40bf7,,,Basic,59,1121,13452,,,,,monthly,
S-7685a3,A-6da850,,,Basic,18,0,0,,,,,monthly,
S-712f3a,A-eb1312,,,Basic,25,475,5700,,,,,monthly,
S-dfa4c8,A-eb7fac,,,Pro,7,343,4116,,,,,annual,
S-f3dd83,A-00bed1,,,Enterprise,28,0,0,,,,,monthly,
S-a900c2,A-4c56c9,,,Enterprise,24,4776,57312,,,,,annual,
S-302856,A-e1b9cd,,,Basic,40,760,9120,,,,,annual,
S-51b668,A-82d8a6,,,Basic,30,570,6840,,,,,monthly,
S-310ae0,A-58b9ff,,,Enterprise,2,398,4776,,,,,monthly,
S-21eeea,A-2b9d3e,,,Pro,29,1421,17052,,,,,monthly,
S-7b9b62,A-cb5333,,,Pro,33,1617,19404,,,,,monthly,
S-799da2,A-95b24a,,,Pro,38,1862,22344,,,,,monthly,
S-e82bdc,A-4c38bc,,,Basic,36,684,8208,,,,,annual,
S-879b43,A-3cc791,,,Enterprise,6,1194,14328,,,,,monthly,
S-6fd24b,A-7988d1,,,Enterprise,33,6567,78804,,,,,monthly,
S-d2e00a,A-4c56c9,,,Enterprise,9,1791,21492,,,,,monthly,
S-a916cb,A-eb7c38,,,Enterprise,35,6965,83580,,,,,monthly,
S-3fe1c3,A-0158bb,,,Enterprise,20,0,0,,,,,monthly,
S-dccf50,A-a09355,,,Enterprise,23,4577,54924,,,,,annual,
S-023f3c,A-b9eed8,,,Enterprise,15,2985,35820,,,,,annual,
S-c35f78,A-95b24a,,,Pro,38,0,0,,,,,annual,
S-eb15a1,A-2edab2,,,Enterprise,17,3383,40596,,,,,monthly,
S-079321,A-e1462e,,,Pro,15,735,8820,,,,,annual,
S-c25263,A-c7ffc2,,,Basic,30,570,6840,,,,,annual,
S-a86344,A-00bed1,,,Pro,36,1764,21168,,,,,annual,
S-4cdee1,A-8b25f2,,,Enterprise,20,0,0,,,,,monthly,
S-381c99,A-e7a1e2,,,Basic,3,57,684,,,,,monthly,
S-8e719f,A-4437e4,,,Basic,11,209,2508,,,,,annual,
S-d111f5,A-f03140,,,Basic,27,513,6156,,,,,monthly,
S-82484b,A-cab532,,,Pro,21,1029,12348,,,,,annual,
S-891eb4,A-716841,,,Pro,45,2205,26460,,,,,annual,
S-4e3e04,A-883b7d,,,Enterprise,17,3383,40596,,,,,annual,
S-7679b6,A-7f29a7,,,Pro,41,2009,24108,,,,,annual,
S-de9ce0,A-faa28c,,,Enterprise,48,9552,114624,,,,,annual,
S-37d13a,A-029f69,,,Enterprise,15,0,0,,,,,annual,
S-7d0dea,A-69b156,,,Pro,7,0,0,,,,,monthly,
S-83c56d,A-716841,,,Enterprise,45,8955,107460,,,,,monthly,
S-5ee117,A-f5641b,,,Pro,31,1519,18228,,,,,monthly,
S-5e572d,A-94f8c9,,,Enterprise,13,2587,31044,,,,,annual,
S-7b29d1,A-80eeb6,,,Enterprise,65,12935,155220,,,,,monthly,
S-ff79f7,A-726cfa,,,Enterprise,19,3781,45372,,,,,monthly,
S-bb82ac,A-e19ff6,,,Basic,38,722,8664,,,,,annual,
S-b21a0b,A-b7ef83,,,Pro,17,833,9996,,,,,monthly,
S-711820,A-08e34e,,,Basic,49,931,11172,,,,,annual,
S-22365f,A-05f0e5,,,Enterprise,32,6368,76416,,,,,annual,
S-f0d2fd,A-19b2c8,,,Enterprise,28,5572,66864,,,,,annual,
S-f225d0,A-d4ac0e,,,Basic,18,342,4104,,,,,annual,
S-a10eb2,A-3c1a3f,,,Basic,45,0,0,,,,,annual,
S-78ffdd,A-503d5a,,,Enterprise,12,2388,28656,,,,,monthly,
S-97a010,A-dcc3f1,,,Enterprise,21,0,0,,,,,monthly,
S-7785af,A-a1b80b,,,Enterprise,16,3184,38208,,,,,monthly,
S-120ae3,A-781cc0,,,Basic,34,646,7752,,,,,annual,
S-37b59a,A-2d1036,,,Pro,69,3381,40572,,,,,annual,
S-f36371,A-34d880,,,Enterprise,35,6965,83580,,,,,monthly,
S-329a60,A-c16cf7,,,Basic,84,1596,19152,,,,,annual,
S-5ca11a,A-309e54,,,Enterprise,48,9552,114624,,,,,annual,
S-c8fa77,A-56962b,,,Basic,163,3097,37164,,,,,monthly,
S-016b5f,A-977ca0,,,Enterprise,6,0,0,,,,,monthly,
S-cf2b4a,A-9f9299,,,Pro,28,1372,16464,,,,,monthly,
S-6f1051,A-e98302,,,Enterprise,34,6766,81192,,,,,annual,
S-33db08,A-fa3095,,,Basic,70,1330,15960,,,,,annual,
S-4daf2d,A-297a2d,,,Enterprise,27,5373,64476,,,,,annual,
S-4ed997,A-d82ef9,,,Pro,26,1274,15288,,,,,annual,
S-8ae507,A-72799b,,,Pro,20,980,11760,,,,,annual,
S-3eb206,A-b179bf,,,Enterprise,43,8557,102684,,,,,monthly,
S-6643a2,A-331424,,,Pro,11,0,0,,,,,monthly,
S-41ca59,A-692f18,,,Enterprise,37,7363,88356,,,,,monthly,
S-720c17,A-4e0e85,,,Pro,20,0,0,,,,,annual,
S-afc545,A-0baac2,,,Basic,33,627,7524,,,,,annual,
S-5e6fc2,A-52dd88,,,Basic,23,437,5244,,,,,annual,
S-9dcef8,A-b30291,,,Basic,41,779,9348,,,,,monthly,
S-389426,A-922109,,,Pro,3,147,1764,,,,,monthly,
S-1131ff,A-0f7d77,,,Basic,3,0,0,,,,,monthly,
S-c9da7a,A-0651a4,,,Basic,16,304,3648,,,,,monthly,
S-eabe72,A-5790f4,,,Basic,33,627,7524,,,,,monthly,
S-fffeb8,A-69fad4,,,Enterprise,10,1990,23880,,,,,annual,
S-92dede,A-9208f0,,,Basic,4,76,912,,,,,monthly,
S-8d122e,A-e6afc1,,,Enterprise,16,3184,38208,,,,,monthly,
S-285534,A-49b828,,,Basic,13,247,2964,,,,,annual,
S-1cebf9,A-dfbd31,,,Pro,60,2940,35280,,,,,annual,
S-36ad61,A-a09355,,,Pro,14,686,8232,,,,,monthly,
S-9fbee8,A-49b828,,,Pro,10,490,5880,,,,,annual,
S-d5d8ef,A-e51ec7,,,Enterprise,83,16517,198204,,,,,monthly,
S-418b7c,A-35083d,,,Pro,19,931,11172,,,,,annual,
S-506cbd,A-9c18c4,,,Enterprise,19,3781,45372,,,,,annual,
S-ee5448,A-cc1d8d,,,Basic,9,171,2052,,,,,annual,
S-d32441,A-781cc0,,,Enterprise,12,2388,28656,,,,,annual,
S-7f5316,A-856b1e,,,Basic,19,0,0,,,,,monthly,
S-bdf8bf,A-cdf020,,,Pro,31,1519,18228,,,,,monthly,
S-795878,A-5b1bcd,,,Enterprise,73,14527,174324,,,,,annual,
S-2fc8fa,A-65a46c,,,Pro,13,637,7644,,,,,monthly,
S-c508b3,A-671f31,,,Enterprise,59,11741,140892,,,,,annual,
S-42d724,A-7a0d69,,,Pro,4,0,0,,,,,annual,
S-bd9394,A-039727,,,Enterprise,64,0,0,,,,,annual,
S-9b12da,A-702032,,,Pro,28,1372,16464,,,,,annual,
S-3632aa,A-f25509,,,Enterprise,32,6368,76416,,,,,monthly,
S-9488ec,A-1e1b80,,,Enterprise,50,9950,119400,,,,,annual,
S-f40318,A-e19ff6,,,Enterprise,14,0,0,,,,,annual,
S-214edb,A-558c72,,,Basic,77,1463,17556,,,,,monthly,
S-d43a40,A-4e0e85,,,Basic,15,0,0,,,,,annual,
S-565c4b,A-7920cc,,,Basic,39,741,8892,,,,,annual,
S-1ebe39,A-0651a4,,,Enterprise,19,3781,45372,,,,,annual,
S-dc3bbc,A-80eeb6,,,Pro,25,1225,14700,,,,,annual,
S-937207,A-8bde0c,,,Enterprise,12,2388,28656,,,,,monthly,
S-14c8b9,A-aa9511,,,Enterprise,33,6567,78804,,,,,monthly,
S-fd648e,A-396e5f,,,Pro,37,1813,21756,,,,,annual,
S-3b3fac,A-7641d3,,,Basic,10,190,2280,,,,,annual,
S-561850,A-0a62f5,,,Pro,16,784,9408,,,,,annual,
S-2ded36,A-a1b80b,,,Enterprise,16,3184,38208,,,,,annual,
S-6904e6,A-39b19f,,,Pro,16,784,9408,,,,,monthly,
S-07f282,A-88c6ca,,,Enterprise,5,995,11940,,,,,monthly,
S-343743,A-2d1036,,,Pro,69,3381,40572,,,,,annual,
S-d92159,A-b30291,,,Pro,5,245,2940,,,,,annual,
S-a9916f,A-054577,,,Pro,7,343,4116,,,,,annual,
S-ec690c,A-328bd0,,,Basic,18,342,4104,,,,,annual,
S-ee2669,A-e43bf7,,,Enterprise,44,8756,105072,,,,,annual,
S-e6cfc1,A-1e6fc3,,,Basic,1,0,0,,,,,annual,
S-195f9b,A-92a333,,,Pro,14,686,8232,,,,,annual,
S-704b48,A-a7bd4b,,,Enterprise,15,0,0,,,,,annual,
S-a1d67e,A-bbc346,,,Pro,20,980,11760,,,,,annual,
S-55a3e4,A-f5641b,,,Pro,31,1519,18228,,,,,annual,
S-ffd591,A-157070,,,Basic,17,323,3876,,,,,monthly,
S-f0972b,A-b7b7b7,,,Enterprise,27,5373,64476,,,,,monthly,
S-65491f,A-039727,,,Pro,25,1225,14700,,,,,monthly,
S-ad26e3,A-c37601,,,Pro,6,0,0,,,,,monthly,
S-53fa80,A-462d45,,,Enterprise,14,2786,33432,,,,,monthly,
S-592443,A-c1dfe1,,,Enterprise,26,5174,62088,,,,,monthly,
S-6c6e91,A-2bc93d,,,Pro,31,1519,18228,,,,,monthly,
S-c17a35,A-1ac5e0,,,Pro,33,1617,19404,,,,,monthly,
S-3a79ac,A-f92792,,,Basic,4,0,0,,,,,monthly,
S-2f138c,A-ce66f8,,,Pro,29,1421,17052,,,,,annual,
S-d2b5db,A-db5e9e,,,Pro,13,0,0,,,,,annual,
S-b6c0a0,A-443b7c,,,Basic,3,57,684,,,,,monthly,
S-770018,A-149a69,,,Enterprise,34,6766,81192,,,,,annual,
S-18f7e5,A-2789e3,,,Enterprise,30,5970,71640,,,,,annual,
S-80632f,A-068fc6,,,Pro,35,1715,20580,,,,,monthly,
S-c0e639,A-7920cc,,,Pro,50,0,0,,,,,annual,
S-63606e,A-7a0d69,,,Pro,4,196,2352,,,,,monthly,
S-038c7d,A-712426,,,Basic,9,0,0,,,,,monthly,
S-0c03b0,A-39b19f,,,Pro,36,1764,21168,,,,,monthly,
S-18f829,A-a33200,,,Pro,36,1764,21168,,,,,annual,
S-4bfa1d,A-ce550d,,,Pro,35,1715,20580,,,,,monthly,
S-c657b6,A-7c5768,,,Enterprise,5,995,11940,,,,,annual,
S-8b721c,A-8b25f2,,,Enterprise,28,5572,66864,,,,,annual,
S-290ee5,A-68f37c,,,Basic,67,1273,15276,,,,,annual,
S-f6f1e1,A-337bc1,,,Basic,40,760,9120,,,,,annual,
S-597873,A-05f0e5,,,Enterprise,32,6368,76416,,,,,monthly,
S-e50d84,A-0baac2,,,Enterprise,14,2786,33432,,,,,annual,
S-9ed535,A-4f18f0,,,Enterprise,24,4776,57312,,,,,annual,
S-e66f1a,A-fa2041,,,Basic,20,0,0,,,,,monthly,
S-c8ba3e,A-5b4ebb,,,Basic,21,399,4788,,,,,annual,
S-755e1b,A-e4144b,,,Pro,41,2009,24108,,,,,annual,
S-5cba26,A-8b25f2,,,Basic,6,114,1368,,,,,monthly,
S-579a24,A-32fb14,,,Basic,26,494,5928,,,,,monthly,
S-e561b9,A-d26ab4,,,Pro,18,882,10584,,,,,monthly,
S-8ae804,A-0dbdc6,,,Enterprise,50,9950,119400,,,,,monthly,
S-d97ff1,A-7d514c,,,Basic,17,323,3876,,,,,monthly,
S-bb8429,A-dbc825,,,Pro,19,931,11172,,,,,annual,
S-78ba09,A-f97b9a,,,Pro,54,2646,31752,,,,,annual,
S-979365,A-bb2f49,,,Pro,68,3332,39984,,,,,monthly,
S-b96ee3,A-c16b88,,,Basic,23,437,5244,,,,,monthly,
S-70cc83,A-313be3,,,Pro,47,2303,27636,,,,,monthly,
S-3b29ea,A-c37cab,,,Basic,13,247,2964,,,,,monthly,
S-8ff318,A-e7beab,,,Pro,5,245,2940,,,,,monthly,
S-0509b8,A-e351e1,,,Basic,33,627,7524,,,,,annual,
S-95cf94,A-1ac5e0,,,Basic,33,627,7524,,,,,annual,
S-7da02b,A-f44180,,,Enterprise,89,17711,212532,,,,,annual,
S-07ff57,A-c608c8,,,Pro,58,2842,34104,,,,,monthly,
S-a0ba0c,A-eb1312,,,Basic,42,798,9576,,,,,monthly,
S-b250cc,A-029f69,,,Enterprise,3,597,7164,,,,,annual,
S-d11e9f,A-186a44,,,Basic,20,380,4560,,,,,monthly,
S-24a63d,A-712533,,,Basic,36,684,8208,,,,,annual,
S-aba835,A-5b1bcd,,,Basic,73,1387,16644,,,,,annual,
S-a0c517,A-7f6b86,,,Pro,59,2891,34692,,,,,monthly,
S-c3cb12,A-ce550d,,,Enterprise,54,10746,128952,,,,,annual,
S-a88726,A-a33200,,,Basic,29,551,6612,,,,,annual,
S-d7ae8c,A-72799b,,,Basic,20,380,4560,,,,,monthly,
S-86fd71,A-0651a4,,,Enterprise,60,11940,143280,,,,,annual,
S-cac22d,A-19b2c8,,,Basic,20,380,4560,,,,,annual,
S-f463d3,A-acb7f7,,,Enterprise,32,6368,76416,,,,,monthly,
S-6ceec5,A-7e0a10,,,Basic,46,874,10488,,,,,annual,
S-9220c9,A-417d2f,,,Pro,4,196,2352,,,,,monthly,
S-d97185,A-592832,,,Pro,37,1813,21756,,,,,annual,
S-0e3b42,A-cb5333,,,Pro,33,1617,19404,,,,,annual,
S-1ad0ca,A-ed510f,,,Enterprise,42,8358,100296,,,,,annual,
S-21e372,A-4e960a,,,Basic,12,228,2736,,,,,monthly,
S-05624a,A-c37cab,,,Pro,13,637,7644,,,,,annual,
S-44a7c3,A-50f3f7,,,Enterprise,31,6169,74028,,,,,monthly,
S-a9e864,A-44dc83,,,Basic,17,0,0,,,,,annual,
S-5e558a,A-10b8f2,,,Enterprise,47,9353,112236,,,,,annual,
S-ea5984,A-977ca0,,,Enterprise,6,1194,14328,,,,,annual,
S-d6d433,A-5247b3,,,Basic,16,0,0,,,,,annual,
S-d93967,A-075038,,,Pro,50,2450,29400,,,,,monthly,
S-0e8ae2,A-4814a3,,,Pro,87,0,0,,,,,monthly,
S-5eb846,A-2789e3,,,Pro,11,539,6468,,,,,monthly,
S-472fda,A-883b7d,,,Pro,27,1323,15876,,,,,annual,
S-afc4cb,A-86fc1d,,,Basic,26,494,5928,,,,,monthly,
S-a69aed,A-0b0d6d,,,Basic,3,57,684,,,,,monthly,
S-41f762,A-faa28c,,,Basic,48,0,0,,,,,monthly,
S-853f5d,A-bcf664,,,Basic,13,247,2964,,,,,monthly,
S-35a22f,A-b07b56,,,Pro,34,1666,19992,,,,,annual,
S-fd04d6,A-b07346,,,Enterprise,51,0,0,,,,,annual,
S-5ed35a,A-32fb14,,,Basic,47,893,10716,,,,,monthly,
S-2ddf94,A-19b2c8,,,Enterprise,20,3980,47760,,,,,annual,
S-02be35,A-e08cd3,,,Pro,67,3283,39396,,,,,monthly,
S-6e0edc,A-a1b80b,,,Enterprise,16,3184,38208,,,,,annual,
S-01990c,A-d62e02,,,Enterprise,16,3184,38208,,,,,monthly,
S-28eb12,A-d535f6,,,Pro,12,588,7056,,,,,monthly,
S-5e06b2,A-5247b3,,,Pro,16,0,0,,,,,monthly,
S-a01aad,A-5f7781,,,Enterprise,22,4378,52536,,,,,monthly,
S-e42331,A-94f8c9,,,Enterprise,23,0,0,,,,,annual,
S-36ee88,A-fabe19,,,Enterprise,31,6169,74028,,,,,monthly,
S-b147b9,A-fce879,,,Basic,21,399,4788,,,,,annual,
S-fc44ed,A-f5641b,,,Enterprise,31,6169,74028,,,,,annual,
S-3ee7c3,A-cdf020,,,Enterprise,23,4577,54924,,,,,monthly,
S-7a9d40,A-157070,,,Basic,38,722,8664,,,,,annual,
S-53d6be,A-993085,,,Enterprise,31,0,0,,,,,monthly,
S-dbd6b9,A-cea1f0,,,Pro,8,0,0,,,,,annual,
S-e63c67,A-1f7acb,,,Pro,64,3136,37632,,,,,annual,
S-82eb3e,A-49b828,,,Enterprise,6,1194,14328,,,,,annual,
S-5a18e5,A-3d957b,,,Enterprise,14,2786,33432,,,,,monthly,
S-193d88,A-4437e4,,,Enterprise,6,1194,14328,,,,,annual,
S-29b014,A-a1b80b,,,Pro,36,1764,21168,,,,,annual,
S-7ce677,A-2e4581,,,Pro,9,441,5292,,,,,monthly,
S-7f7e38,A-bb1486,,,Pro,42,2058,24696,,,,,monthly,
S-c5723e,A-544d0a,,,Basic,11,209,2508,,,,,annual,
S-388190,A-d40bf7,,,Enterprise,59,11741,140892,,,,,annual,
S-da0fb6,A-d77f4c,,,Enterprise,55,10945,131340,,,,,monthly,
S-95c467,A-c37601,,,Pro,10,490,5880,,,,,annual,
S-15a058,A-9208f0,,,Pro,2,98,1176,,,,,monthly,
S-67474a,A-7d514c,,,Pro,17,833,9996,,,,,monthly,
S-8c767b,A-b07b56,,,Enterprise,29,0,0,,,,,monthly,
S-5bde76,A-cb5333,,,Pro,33,1617,19404,,,,,monthly,
S-746e1b,A-90a8c8,,,Enterprise,73,14527,174324,,,,,annual,
S-460deb,A-832ec2,,,Enterprise,22,4378,52536,,,,,annual,
S-62af97,A-05f0e5,,,Pro,46,2254,27048,,,,,annual,
S-7b01d4,A-cbbe12,,,Pro,49,2401,28812,,,,,monthly,
S-59f6b6,A-dec005,,,Basic,21,399,4788,,,,,monthly,
S-8013f6,A-6a7c9d,,,Basic,47,893,10716,,,,,monthly,
S-dcd084,A-d27f50,,,Enterprise,48,9552,114624,,,,,annual,
S-8e6903,A-bd4708,,,Basic,37,703,8436,,,,,monthly,
S-a96f6c,A-b30291,,,Pro,13,0,0,,,,,monthly,
S-7730b1,A-e51ec7,,,Pro,4,196,2352,,,,,annual,
S-62f048,A-c45b23,,,Pro,7,343,4116,,,,,monthly,
S-4f56f5,A-922109,,,Enterprise,3,597,7164,,,,,monthly,
S-851743,A-443b7c,,,Pro,13,637,7644,,,,,monthly,
S-8bfab5,A-af0cd2,,,Pro,19,931,11172,,,,,monthly,
S-f5d8ce,A-756192,,,Pro,19,931,11172,,,,,monthly,
S-58a152,A-90a8c8,,,Enterprise,15,2985,35820,,,,,monthly,
S-ec41f7,A-8bde0c,,,Enterprise,19,3781,45372,,,,,monthly,
S-8a4156,A-5a184f,,,Pro,19,0,0,,,,,annual,
S-b0af8f,A-ff79f2,,,Enterprise,8,0,0,,,,,monthly,
S-6cafdf,A-6f8ad2,,,Pro,7,343,4116,,,,,annual,
S-708924,A-7a0d69,,,Basic,22,0,0,,,,,annual,
S-fced99,A-39b19f,,,Enterprise,42,0,0,,,,,monthly,
S-8c61f4,A-72799b,,,Basic,34,646,7752,,,,,annual,
S-2daa17,A-c62e55,,,Enterprise,15,2985,35820,,,,,monthly,
S-81fe83,A-b48f73,,,Basic,80,1520,18240,,,,,monthly,
S-53f831,A-82861f,,,Basic,41,779,9348,,,,,monthly,
S-fe0c52,A-6f8ad2,,,Basic,29,0,0,,,,,monthly,
S-6d3f0b,A-82d8a6,,,Basic,36,684,8208,,,,,annual,
S-25b756,A-d82ef9,,,Pro,58,2842,34104,,,,,annual,
S-c899a3,A-2446e3,,,Pro,27,1323,15876,,,,,monthly,
S-05ef15,A-d42431,,,Basic,35,665,7980,,,,,monthly,
S-8ececc,A-533452,,,Pro,9,441,5292,,,,,annual,
S-a24db6,A-96215d,,,Enterprise,14,2786,33432,,,,,monthly,
S-9acc7f,A-4437e4,,,Enterprise,16,3184,38208,,,,,monthly,
S-bb1a91,A-5c046d,,,Basic,93,1767,21204,,,,,annual,
S-80c296,A-e888d1,,,Pro,17,833,9996,,,,,monthly,
S-275d57,A-b3fe05,,,Basic,15,285,3420,,,,,monthly,
S-6ca46a,A-0cc442,,,Enterprise,53,10547,126564,,,,,annual,
S-98845b,A-db5e9e,,,Basic,42,798,9576,,,,,annual,
S-fb285f,A-82d8a6,,,Basic,32,608,7296,,,,,annual,
S-da9f05,A-151c9a,,,Pro,23,1127,13524,,,,,annual,
S-9f38a5,A-cc102e,,,Basic,13,247,2964,,,,,monthly,
S-dc7143,A-3ce5b8,,,Enterprise,14,2786,33432,,,,,monthly,
S-68ecd5,A-684255,,,Enterprise,9,1791,21492,,,,,annual,
S-601bbe,A-0532a9,,,Pro,21,1029,12348,,,,,monthly,
S-a34e37,A-10b8da,,,Enterprise,23,0,0,,,,,annual,
S-0a70a3,A-5b051a,,,Basic,22,418,5016,,,,,annual,
S-de543d,A-1e50e0,,,Enterprise,19,0,0,,,,,annual,
S-084e4f,A-054577,,,Basic,25,475,5700,,,,,annual,
S-febd10,A-e61e98,,,Pro,32,0,0,,,,,annual,
S-25a969,A-c9bb3e,,,Basic,15,285,3420,,,,,annual,
S-5d299e,A-560d27,,,Enterprise,23,4577,54924,,,,,monthly,
S-5a1fc3,A-05d3b3,,,Enterprise,13,2587,31044,,,,,monthly,
S-af854c,A-cab532,,,Enterprise,58,0,0,,,,,annual,
S-70b1cf,A-4ae22a,,,Basic,28,532,6384,,,,,monthly,
S-feaca1,A-2ebb4b,,,Enterprise,65,12935,155220,,,,,monthly,
S-f1aa04,A-7f4db3,,,Pro,7,343,4116,,,,,monthly,
S-ca0eb1,A-6e08f3,,,Enterprise,24,0,0,,,,,monthly,
S-a4b1af,A-17939a,,,Enterprise,13,2587,31044,,,,,monthly,
S-b15faf,A-3a5ad8,,,Basic,95,1805,21660,,,,,monthly,
S-108282,A-49b828,,,Pro,30,1470,17640,,,,,annual,
S-9b623b,A-712426,,,Enterprise,13,2587,31044,,,,,annual,
S-b28ec2,A-ee42db,,,Basic,33,627,7524,,,,,monthly,
S-d1ef4d,A-3a5ad8,,,Enterprise,9,0,0,,,,,annual,
S-c4a98e,A-ced9aa,,,Enterprise,5,995,11940,,,,,monthly,
S-bff8c5,A-202b67,,,Basic,11,209,2508,,,,,monthly,
S-3401bf,A-1619f8,,,Enterprise,55,10945,131340,,,,,annual,
S-a583df,A-84ebe4,,,Enterprise,45,8955,107460,,,,,annual,
S-f80617,A-d4ac0e,,,Basic,18,342,4104,,,,,annual,
S-e7e013,A-241e75,,,Basic,18,342,4104,,,,,monthly,
S-4d2392,A-e61e98,,,Pro,19,931,11172,,,,,monthly,
S-f6b264,A-4a4c2d,,,Pro,54,2646,31752,,,,,monthly,
S-c8fd93,A-0354fe,,,Basic,34,646,7752,,,,,monthly,
S-f60667,A-b7ef83,,,Enterprise,5,995,11940,,,,,annual,
S-8e602b,A-a33200,,,Pro,29,1421,17052,,,,,monthly,
S-2ba4ee,A-cab532,,,Basic,20,0,0,,,,,annual,
S-ed75af,A-1f0636,,,Pro,105,5145,61740,,,,,monthly,
S-214d98,A-560d27,,,Pro,23,1127,13524,,,,,annual,
S-343642,A-3cc791,,,Basic,25,0,0,,,,,annual,
S-f5c7b2,A-f44180,,,Enterprise,9,1791,21492,,,,,annual,
S-33df6f,A-0baac2,,,Enterprise,14,2786,33432,,,,,monthly,
S-9225ac,A-eafc6e,,,Pro,31,0,0,,,,,annual,
S-a332ba,A-69b156,,,Pro,7,343,4116,,,,,annual,
S-c2168a,A-37f969,,,Basic,30,570,6840,,,,,monthly,
S-31090f,A-328bd0,,,Basic,18,342,4104,,,,,monthly,
S-f316d5,A-f25509,,,Basic,57,1083,12996,,,,,annual,
S-6d0817,A-fa2041,,,Pro,21,1029,12348,,,,,monthly,
S-b63db8,A-faa28c,,,Enterprise,48,9552,114624,,,,,monthly,
S-cfcd07,A-4a267b,,,Basic,25,0,0,,,,,annual,
S-c192eb,A-ff79f2,,,Enterprise,83,16517,198204,,,,,monthly,
S-bfc0f8,A-7cfe77,,,Basic,69,1311,15732,,,,,monthly,
S-90525e,A-ed510f,,,Enterprise,42,8358,100296,,,,,annual,
S-4d9bfd,A-2bc93d,,,Enterprise,14,0,0,,,,,annual,
S-741431,A-6e7827,,,Enterprise,11,2189,26268,,,,,monthly,
S-c3660c,A-779e4e,,,Pro,5,245,2940,,,,,monthly,
S-9a8d01,A-751c58,,,Pro,33,1617,19404,,,,,monthly,
S-18e3a5,A-c43359,,,Basic,38,722,8664,,,,,annual,
S-a04ba5,A-afa505,,,Enterprise,70,13930,167160,,,,,annual,
S-be601b,A-8ae05d,,,Basic,86,1634,19608,,,,,monthly,
S-951de6,A-ccb686,,,Basic,10,190,2280,,,,,annual,
S-665df9,A-a0ca4e,,,Pro,11,539,6468,,,,,annual,
S-a0f3f7,A-c37cab,,,Enterprise,21,4179,50148,,,,,annual,
S-e090ae,A-e2cd1b,,,Enterprise,15,2985,35820,,,,,annual,
S-dad08c,A-977ca0,,,Pro,20,0,0,,,,,monthly,
S-053142,A-ffc04f,,,Basic,16,304,3648,,,,,monthly,
S-5a6941,A-4a267b,,,Pro,25,1225,14700,,,,,monthly,
S-856241,A-32fb14,,,Basic,26,494,5928,,,,,monthly,
S-eaa2c2,A-2ebb4b,,,Basic,41,779,9348,,,,,monthly,
S-e567db,A-716841,,,Enterprise,45,0,0,,,,,annual,
S-94fc5d,A-86902e,,,Basic,34,0,0,,,,,monthly,
S-474b5a,A-05d3b3,,,Basic,11,209,2508,,,,,annual,
S-bf304b,A-89ee83,,,Enterprise,18,3582,42984,,,,,monthly,
S-b22602,A-b9f5b1,,,Enterprise,39,0,0,,,,,annual,
S-09c11e,A-19b2c8,,,Basic,20,380,4560,,,,,annual,
S-13d6d1,A-ff79f2,,,Pro,10,490,5880,,,,,monthly,
S-9eda4d,A-524364,,,Enterprise,3,0,0,,,,,monthly,
S-779baa,A-eafc6e,,,Basic,30,0,0,,,,,monthly,
S-20952f,A-d82ef9,,,Pro,26,1274,15288,,,,,annual,
S-d2fae0,A-2789e3,,,Enterprise,11,0,0,,,,,monthly,
S-0206eb,A-883b7d,,,Basic,31,589,7068,,,,,monthly,
S-3bd95c,A-51ec1b,,,Enterprise,17,3383,40596,,,,,annual,
S-88cb91,A-cab532,,,Pro,35,1715,20580,,,,,annual,
S-bb45bb,A-b07346,,,Enterprise,51,10149,121788,,,,,annual,
S-5c631b,A-b7ef83,,,Enterprise,26,5174,62088,,,,,annual,
S-6f6fca,A-560d27,,,Enterprise,50,0,0,,,,,annual,
S-b6ab32,A-dbc825,,,Enterprise,19,3781,45372,,,,,annual,
S-9a6596,A-503d5a,,,Basic,49,931,11172,,,,,monthly,
S-8e5df4,A-b3fe05,,,Basic,15,285,3420,,,,,monthly,
S-d2624d,A-4e0e85,,,Pro,6,294,3528,,,,,annual,
S-3c1038,A-30b4ca,,,Pro,86,0,0,,,,,monthly,
S-ee53e8,A-1b9609,,,Basic,17,323,3876,,,,,annual,
S-11eef4,A-5c046d,,,Pro,93,4557,54684,,,,,annual,
S-9a065e,A-92a3af,,,Pro,25,1225,14700,,,,,monthly,
S-7a2991,A-4d1e75,,,Pro,39,1911,22932,,,,,annual,
S-ca136e,A-cb5333,,,Basic,44,836,10032,,,,,monthly,
S-52b9a9,A-86902e,,,Enterprise,34,6766,81192,,,,,annual,
S-712e04,A-cc98bc,,,Basic,32,0,0,,,,,monthly,
S-70e232,A-331424,,,Enterprise,11,2189,26268,,,,,annual,
S-04911c,A-bc87bc,,,Pro,3,0,0,,,,,annual,
S-384681,A-e08cd3,,,Basic,67,1273,15276,,,,,annual,
S-875cf3,A-54ecc2,,,Enterprise,30,5970,71640,,,,,monthly,
S-335e1e,A-22f2df,,,Pro,40,1960,23520,,,,,monthly,
S-da8d5f,A-55f257,,,Pro,14,686,8232,,,,,monthly,
S-8cd315,A-c1e51e,,,Enterprise,55,10945,131340,,,,,monthly,
S-0bb284,A-b07b56,,,Pro,27,1323,15876,,,,,monthly,
S-0283b5,A-443f6f,,,Pro,19,931,11172,,,,,annual,
S-9a8f71,A-a7bd4b,,,Pro,8,392,4704,,,,,annual,
S-44c9ae,A-f3ff05,,,Basic,2,0,0,,,,,annual,
S-c98905,A-de24d5,,,Pro,5,245,2940,,,,,monthly,
S-bcbe03,A-2789e3,,,Basic,11,209,2508,,,,,monthly,
S-9871f4,A-8e47ca,,,Basic,19,361,4332,,,,,monthly,
S-635c1e,A-b2af2e,,,Basic,54,1026,12312,,,,,annual,
S-d32fbc,A-798a3f,,,Basic,12,228,2736,,,,,monthly,
S-17e05f,A-fa3095,,,Pro,70,3430,41160,,,,,annual,
S-9c6bd0,A-075038,,,Basic,17,323,3876,,,,,monthly,
S-90d405,A-d62e02,,,Enterprise,6,1194,14328,,,,,monthly,
S-d80516,A-f19409,,,Pro,44,2156,25872,,,,,annual,
S-425607,A-ffdfd5,,,Basic,21,399,4788,,,,,annual,
S-0eb2e0,A-970c97,,,Enterprise,14,2786,33432,,,,,monthly,
S-fe753c,A-0532a9,,,Basic,19,361,4332,,,,,monthly,
S-cb54dc,A-560d27,,,Enterprise,42,0,0,,,,,annual,
S-e338a1,A-d40bf7,,,Pro,59,2891,34692,,,,,monthly,
S-441ab2,A-e36807,,,Basic,25,0,0,,,,,annual,
S-bb9299,A-7da956,,,Pro,13,0,0,,,,,annual,
S-07c505,A-bc4d48,,,Pro,35,1715,20580,,,,,monthly,
S-cd3a01,A-98a59a,,,Basic,56,1064,12768,,,,,monthly,
S-9d78e2,A-d3c88e,,,Enterprise,47,9353,112236,,,,,monthly,
S-8ca516,A-f19409,,,Pro,23,1127,13524,,,,,annual,
S-cafa84,A-bbc346,,,Enterprise,19,3781,45372,,,,,annual,
S-92f4b4,A-6da850,,,Basic,18,342,4104,,,,,monthly,
S-1ad713,A-f97b9a,,,Enterprise,16,3184,38208,,,,,annual,
S-d9eb73,A-32fb14,,,Basic,26,0,0,,,,,annual,
S-31ac79,A-f19b24,,,Basic,29,551,6612,,,,,monthly,
S-2f8dbb,A-13466a,,,Basic,2,38,456,,,,,annual,
S-f554b0,A-faa28c,,,Enterprise,48,9552,114624,,,,,annual,
S-81d63a,A-c62e55,,,Pro,56,2744,32928,,,,,annual,
S-1b6221,A-f6b2fb,,,Enterprise,23,0,0,,,,,monthly,
S-e1ee60,A-712533,,,Enterprise,18,3582,42984,,,,,monthly,
S-44c5dd,A-eb7c38,,,Basic,5,95,1140,,,,,annual,
S-f0fe0a,A-d5a319,,,Pro,24,1176,14112,,,,,monthly,
S-653165,A-ac85cd,,,Basic,53,1007,12084,,,,,annual,
S-5c8af8,A-a2485e,,,Pro,10,490,5880,,,,,monthly,
S-878fe0,A-5a215a,,,Pro,87,4263,51156,,,,,annual,
S-4d8a27,A-977ca0,,,Basic,20,380,4560,,,,,monthly,
S-5c4ef1,A-922109,,,Pro,38,1862,22344,,,,,annual,
S-d4c0a0,A-81edc3,,,Pro,18,882,10584,,,,,annual,
S-2d62ad,A-dcc2f0,,,Enterprise,15,2985,35820,,,,,monthly,
S-7d2c1b,A-34d880,,,Pro,9,0,0,,,,,monthly,
S-6bfd97,A-016043,,,Enterprise,59,0,0,,,,,annual,
S-b4c914,A-bd4513,,,Pro,50,2450,29400,,,,,monthly,
S-e9e03c,A-e40f45,,,Enterprise,21,4179,50148,,,,,monthly,
S-906b0c,A-712533,,,Pro,18,882,10584,,,,,monthly,
S-783694,A-fa3095,,,Enterprise,70,13930,167160,,,,,annual,
S-9c5590,A-9affe6,,,Enterprise,7,1393,16716,,,,,annual,
S-b7c506,A-c37cab,,,Basic,30,570,6840,,,,,monthly,
S-48ce17,A-d42431,,,Enterprise,22,4378,52536,,,,,annual,
S-a2aa70,A-4d1e75,,,Pro,47,0,0,,,,,monthly,
S-6ff09c,A-d62e02,,,Basic,16,304,3648,,,,,annual,
S-b40b4d,A-9f0b68,,,Basic,36,684,8208,,,,,monthly,
S-c51ab8,A-82861f,,,Enterprise,41,8159,97908,,,,,annual,
S-07ace5,A-71615e,,,Enterprise,32,6368,76416,,,,,monthly,
S-e715bb,A-6a4e2d,,,Basic,14,266,3192,,,,,monthly,
S-fcfb31,A-089363,,,Enterprise,31,0,0,,,,,monthly,
S-8cb02e,A-de24d5,,,Pro,77,3773,45276,,,,,annual,
S-79ba6e,A-fd7ad3,,,Enterprise,24,0,0,,,,,annual,
S-4f2ca8,A-544d0a,,,Enterprise,64,12736,152832,,,,,annual,
S-c97604,A-d77f4c,,,Enterprise,13,2587,31044,,,,,annual,
S-595693,A-2d4502,,,Basic,67,0,0,,,,,annual,
S-276d44,A-87aa7b,,,Pro,24,1176,14112,,,,,monthly,
S-6c9ec4,A-b9eed8,,,Basic,18,342,4104,,,,,monthly,
S-e33883,A-f9cc74,,,Pro,30,0,0,,,,,monthly,
S-c25e9d,A-cc1d8d,,,Basic,5,95,1140,,,,,monthly,
S-1d7e7f,A-d922bf,,,Enterprise,15,2985,35820,,,,,annual,
S-c9199e,A-d4ac0e,,,Pro,33,1617,19404,,,,,annual,
S-cdc347,A-8ed5dd,,,Enterprise,5,995,11940,,,,,monthly,
S-3df0c3,A-922109,,,Basic,72,1368,16416,,,,,annual,
S-ea4844,A-c16b88,,,Pro,23,1127,13524,,,,,monthly,
S-a1d3ad,A-8ae05d,,,Basic,86,0,0,,,,,monthly,
S-19b415,A-f446b6,,,Basic,30,570,6840,,,,,annual,
S-4df6ec,A-c9bb3e,,,Basic,10,190,2280,,,,,monthly,
S-8dfd77,A-2922b6,,,Pro,20,980,11760,,,,,annual,
S-126e7e,A-0f7d77,,,Enterprise,7,1393,16716,,,,,monthly,
S-b608f5,A-977ca0,,,Pro,31,1519,18228,,,,,annual,
S-1c45b4,A-13466a,,,Basic,65,0,0,,,,,monthly,
S-4a8fda,A-e1462e,,,Basic,15,285,3420,,,,,annual,
S-ccc10f,A-87aa7b,,,Basic,24,456,5472,,,,,annual,
S-689032,A-410e86,,,Enterprise,24,0,0,,,,,monthly,
S-5e5ff0,A-832ec2,,,Pro,6,0,0,,,,,annual,
S-bf43b4,A-6f8ad2,,,Pro,41,2009,24108,,,,,monthly,
S-379d32,A-a8b49c,,,Enterprise,22,4378,52536,,,,,annual,
S-0adca9,A-b3fe05,,,Basic,55,1045,12540,,,,,monthly,
S-413a1d,A-7df7a7,,,Enterprise,7,1393,16716,,,,,monthly,
S-8451e7,A-82861f,,,Enterprise,41,8159,97908,,,,,annual,
S-9c0df6,A-883b7d,,,Pro,41,2009,24108,,,,,monthly,
S-be0fc9,A-e693b6,,,Enterprise,55,0,0,,,,,annual,
S-e3903e,A-6da850,,,Pro,31,1519,18228,,,,,annual,
S-8fcce1,A-ccb686,,,Pro,19,931,11172,,,,,monthly,
S-3279f1,A-c4ea60,,,Enterprise,18,3582,42984,,,,,annual,
S-0da40c,A-6e7827,,,Pro,50,2450,29400,,,,,annual,
S-343bab,A-f1f639,,,Enterprise,5,995,11940,,,,,monthly,
S-b2d7c6,A-c9bb3e,,,Enterprise,28,0,0,,,,,monthly,
S-d322a2,A-4c6f11,,,Basic,24,456,5472,,,,,monthly,
S-b76de2,A-993085,,,Pro,31,1519,18228,,,,,annual,
S-64dcb7,A-f92792,,,Pro,8,392,4704,,,,,annual,
S-969f4c,A-b11cd0,,,Basic,26,0,0,,,,,monthly,
S-b2409c,A-dcc2f0,,,Enterprise,15,2985,35820,,,,,monthly,
S-430691,A-4814a3,,,Pro,87,4263,51156,,,,,monthly,
S-4bb483,A-9f9299,,,Enterprise,28,5572,66864,,,,,monthly,
S-4ed473,A-bcf664,,,Enterprise,12,2388,28656,,,,,annual,
S-223221,A-2bc93d,,,Enterprise,40,7960,95520,,,,,monthly,
S-5eaab8,A-0f3e88,,,Pro,7,343,4116,,,,,monthly,
S-f5bd45,A-b7b7b7,,,Enterprise,39,7761,93132,,,,,monthly,
S-a6285f,A-039727,,,Enterprise,30,5970,71640,,,,,annual,
S-dc2418,A-35083d,,,Basic,34,646,7752,,,,,monthly,
S-d0d19f,A-157070,,,Pro,33,0,0,,,,,annual,
S-e73303,A-ba6516,,,Enterprise,38,7562,90744,,,,,monthly,
S-7f15a3,A-53f4e3,,,Enterprise,13,2587,31044,,,,,annual,
S-ee941d,A-241e75,,,Basic,14,266,3192,,,,,annual,
S-ccf11b,A-a0ca4e,,,Pro,11,539,6468,,,,,annual,
S-a9ec8b,A-e3bd71,,,Enterprise,31,6169,74028,,,,,monthly,
S-d959d3,A-3b5cd1,,,Enterprise,21,4179,50148,,,,,annual,
S-124336,A-9f0b68,,,Pro,18,0,0,,,,,annual,
S-5cb8a6,A-9779ad,,,Pro,40,1960,23520,,,,,monthly,
S-aced77,A-5c046d,,,Enterprise,93,18507,222084,,,,,annual,
S-a6e444,A-81edc3,,,Enterprise,5,995,11940,,,,,monthly,
S-4f7b91,A-5247b3,,,Enterprise,16,3184,38208,,,,,annual,
S-8f8c47,A-e6afc1,,,Pro,28,0,0,,,,,monthly,
S-b9ea73,A-b30291,,,Basic,5,95,1140,,,,,monthly,
S-97efb2,A-410e86,,,Enterprise,24,4776,57312,,,,,annual,
S-76c7da,A-88c6ca,,,Enterprise,11,0,0,,,,,annual,
S-334ceb,A-bece89,,,Basic,26,494,5928,,,,,monthly,
S-09223a,A-e40f45,,,Basic,21,399,4788,,,,,monthly,
S-2fcf09,A-d792a6,,,Enterprise,58,0,0,,,,,monthly,
S-e740b4,A-5c9849,,,Basic,65,1235,14820,,,,,monthly,
S-150c71,A-4437e4,,,Enterprise,11,2189,26268,,,,,monthly,
S-6ba608,A-e7beab,,,Enterprise,11,2189,26268,,,,,monthly,
S-e0bfb1,A-029f69,,,Pro,21,1029,12348,,,,,annual,
S-1e15d1,A-700ade,,,Pro,25,1225,14700,,,,,annual,
S-7d9605,A-fb186e,,,Basic,33,0,0,,,,,annual,
S-0ae33f,A-075038,,,Pro,103,5047,60564,,,,,annual,
S-eff018,A-0532a9,,,Pro,19,931,11172,,,,,annual,
S-08a3d4,A-faa28c,,,Basic,49,931,11172,,,,,annual,
S-48d1f2,A-e08cd3,,,Enterprise,67,13333,159996,,,,,annual,
S-92dbcc,A-faa28c,,,Pro,48,2352,28224,,,,,monthly,
S-da164e,A-9174e0,,,Pro,37,1813,21756,,,,,monthly,
S-3dc066,A-dcc3f1,,,Basic,21,399,4788,,,,,annual,
S-4fd561,A-0dbdc6,,,Basic,30,570,6840,,,,,monthly,
S-feb4b0,A-a45270,,,Enterprise,10,1990,23880,,,,,annual,
S-3ba19e,A-075038,,,Basic,49,0,0,,,,,annual,
S-461988,A-02cd81,,,Basic,44,836,10032,,,,,annual,
S-0b6899,A-313be3,,,Enterprise,47,9353,112236,,,,,annual,
S-bff540,A-798a3f,,,Enterprise,12,2388,28656,,,,,monthly,
S-a57b2c,A-fd9422,,,Pro,58,0,0,,,,,annual,
S-e8776c,A-c222ab,,,Enterprise,32,6368,76416,,,,,monthly,
S-de9e50,A-67be94,,,Basic,41,779,9348,,,,,annual,
S-429220,A-18793f,,,Pro,148,7252,87024,,,,,monthly,
S-601f31,A-625d0b,,,Pro,14,686,8232,,,,,annual,
S-8dd1f6,A-098560,,,Pro,12,588,7056,,,,,monthly,
S-ff109c,A-df1e44,,,Pro,12,588,7056,,,,,annual,
S-556071,A-9077b0,,,Pro,63,0,0,,,,,monthly,
S-f4019e,A-7988d1,,,Basic,33,627,7524,,,,,monthly,
S-246f9c,A-544d0a,,,Pro,6,294,3528,,,,,monthly,
S-5639de,A-eb1312,,,Pro,25,1225,14700,,,,,annual,
S-104053,A-2bc93d,,,Pro,35,1715,20580,,,,,monthly,
S-4bfe7b,A-9b9fe9,,,Basic,11,0,0,,,,,monthly,
S-deb65c,A-1f0636,,,Basic,105,1995,23940,,,,,annual,
S-cfb108,A-c608c8,,,Enterprise,3,597,7164,,,,,annual,
S-e62fc9,A-0651a4,,,Pro,16,784,9408,,,,,monthly,
S-935e79,A-c4ea60,,,Basic,58,0,0,,,,,annual,
S-92e8cb,A-d4e0d4,,,Pro,117,5733,68796,,,,,monthly,
S-1f4db5,A-2e3bad,,,Enterprise,61,12139,145668,,,,,annual,
S-4893cd,A-9c18c4,,,Enterprise,11,2189,26268,,,,,monthly,
S-0abdec,A-4a4c2d,,,Basic,54,1026,12312,,,,,monthly,
S-31428b,A-86cdb4,,,Basic,52,988,11856,,,,,annual,
S-381420,A-42b791,,,Basic,27,513,6156,,,,,monthly,
S-0a28cd,A-e5d6ab,,,Enterprise,21,4179,50148,,,,,monthly,
S-25ff39,A-798a3f,,,Basic,42,798,9576,,,,,annual,
S-a82639,A-89ee83,,,Enterprise,40,7960,95520,,,,,monthly,
S-ada718,A-f6b2fb,,,Basic,23,437,5244,,,,,monthly,
S-06e837,A-7c4956,,,Basic,9,0,0,,,,,annual,
S-b488bc,A-f45426,,,Pro,11,0,0,,,,,monthly,
S-d11408,A-781cc0,,,Enterprise,12,0,0,,,,,monthly,
S-36f26c,A-e36807,,,Basic,63,1197,14364,,,,,monthly,
S-7cc0ec,A-a6d261,,,Pro,9,441,5292,,,,,monthly,
S-cb8654,A-94d3da,,,Basic,41,0,0,,,,,annual,
S-934f6d,A-40a557,,,Pro,16,784,9408,,,,,monthly,
S-e9737c,A-3c1a3f,,,Enterprise,29,5771,69252,,,,,monthly,
S-7f0419,A-84ebe4,,,Enterprise,18,3582,42984,,,,,annual,
S-e002a1,A-940b8b,,,Basic,45,0,0,,,,,annual,
S-5f30ce,A-9077b0,,,Basic,2,38,456,,,,,monthly,
S-557f3e,A-b7ef83,,,Enterprise,13,2587,31044,,,,,annual,
S-a3e1e3,A-05d3b3,,,Enterprise,9,0,0,,,,,monthly,
S-70a554,A-f19409,,,Enterprise,23,4577,54924,,,,,annual,
S-b35b20,A-0b0d6d,,,Pro,3,147,1764,,,,,monthly,
S-95d1dd,A-c58f49,,,Enterprise,70,13930,167160,,,,,monthly,
S-540cee,A-202b67,,,Enterprise,25,4975,59700,,,,,annual,
S-635570,A-883b7d,,,Enterprise,50,0,0,,,,,annual,
S-172953,A-e60f9d,,,Basic,29,551,6612,,,,,monthly,
S-0d0202,A-adc1f3,,,Enterprise,50,9950,119400,,,,,annual,
S-21f8b3,A-7f4db3,,,Enterprise,4,0,0,,,,,monthly,
S-8faa60,A-328bd0,,,Pro,39,1911,22932,,,,,monthly,
S-93cd57,A-6f8ad2,,,Enterprise,20,3980,47760,,,,,annual,
S-8ec197,A-7c4956,,,Basic,51,0,0,,,,,monthly,
S-842638,A-35083d,,,Pro,19,931,11172,,,,,annual,
S-763e52,A-bece89,,,Enterprise,26,5174,62088,,,,,annual,
S-ed4c45,A-4e44e8,,,Enterprise,78,15522,186264,,,,,monthly,
S-390955,A-98a59a,,,Pro,56,2744,32928,,,,,monthly,
S-3ab534,A-f446b6,,,Enterprise,18,3582,42984,,,,,annual,
S-9be237,A-a6d261,,,Pro,26,1274,15288,,,,,annual,
S-021004,A-186a44,,,Basic,20,380,4560,,,,,monthly,
S-e36786,A-5b1bcd,,,Basic,73,1387,16644,,,,,monthly,
S-4691f1,A-c16cf7,,,Basic,13,247,2964,,,,,annual,
S-d35d49,A-bc87bc,,,Basic,18,342,4104,,,,,annual,
S-374628,A-35083d,,,Basic,19,361,4332,,,,,monthly,
S-36f84f,A-e08cd3,,,Pro,67,3283,39396,,,,,monthly,
S-e0cd01,A-0cc442,,,Basic,45,855,10260,,,,,annual,
S-edc542,A-1f0636,,,Enterprise,105,20895,250740,,,,,annual,
S-1bbdf0,A-781cc0,,,Basic,16,304,3648,,,,,annual,
S-a4d121,A-118d55,,,Enterprise,8,1592,19104,,,,,monthly,
S-5b4149,A-df10db,,,Basic,7,133,1596,,,,,annual,
S-ffe125,A-e89151,,,Basic,20,380,4560,,,,,monthly,
S-5aea91,A-427b69,,,Enterprise,34,6766,81192,,,,,monthly,
S-a5baf1,A-c7e58b,,,Enterprise,7,1393,16716,,,,,monthly,
S-5aacfa,A-f3ff05,,,Enterprise,48,9552,114624,,,,,annual,
S-69cc68,A-7f4db3,,,Enterprise,7,1393,16716,,,,,annual,
S-5cff9b,A-0f3e88,,,Pro,7,0,0,,,,,monthly,
S-573f93,A-50bb9f,,,Enterprise,2,398,4776,,,,,monthly,
S-ea2c98,A-1ac5e0,,,Pro,33,1617,19404,,,,,monthly,
S-b2f3f3,A-bc87bc,,,Basic,8,152,1824,,,,,monthly,
S-5bc277,A-05d3b3,,,Basic,9,171,2052,,,,,annual,
S-d0429b,A-5247b3,,,Basic,74,1406,16872,,,,,annual,
S-d2a604,A-20736a,,,Pro,61,2989,35868,,,,,monthly,
S-f586ed,A-de24d5,,,Basic,17,323,3876,,,,,monthly,
S-f874e5,A-417d2f,,,Enterprise,51,10149,121788,,,,,annual,
S-28d401,A-d792a6,,,Basic,5,95,1140,,,,,annual,
S-fa05d7,A-180abf,,,Basic,64,1216,14592,,,,,monthly,
S-8ed77f,A-8b0451,,,Pro,41,2009,24108,,,,,monthly,
S-0d391c,A-f9cc74,,,Enterprise,30,0,0,,,,,monthly,
S-beaa35,A-781cc0,,,Pro,12,0,0,,,,,monthly,
S-d44108,A-7c83a1,,,Pro,12,0,0,,,,,monthly,
S-925f82,A-c7e58b,,,Enterprise,7,1393,16716,,,,,annual,
S-7d43e0,A-f9cc74,,,Enterprise,30,5970,71640,,,,,monthly,
S-dc1cf4,A-1986ca,,,Enterprise,20,3980,47760,,,,,monthly,
S-bff3b5,A-10b8f2,,,Pro,47,2303,27636,,,,,monthly,
S-f11653,A-d4e0d4,,,Enterprise,117,23283,279396,,,,,annual,
S-f42cc4,A-f44180,,,Enterprise,14,2786,33432,,,,,annual,
S-22014f,A-0be015,,,Basic,19,361,4332,,,,,annual,
S-1acdd2,A-7a0d69,,,Enterprise,26,5174,62088,,,,,monthly,
S-c85167,A-7a0d69,,,Basic,15,285,3420,,,,,monthly,
S-b112eb,A-8bde0c,,,Basic,53,1007,12084,,,,,monthly,
S-79bf38,A-9779ad,,,Enterprise,40,7960,95520,,,,,monthly,
S-ab152e,A-3793ee,,,Enterprise,49,9751,117012,,,,,monthly,
S-dbde43,A-54d94a,,,Pro,27,1323,15876,,,,,annual,
S-2bbf5c,A-a09355,,,Enterprise,14,2786,33432,,,,,annual,
S-dfd629,A-7da956,,,Basic,26,0,0,,,,,annual,
S-233c23,A-39b19f,,,Pro,54,2646,31752,,,,,monthly,
S-770d98,A-e693b6,,,Enterprise,55,10945,131340,,,,,annual,
S-972512,A-de24d5,,,Pro,54,0,0,,,,,monthly,
S-3965a4,A-8b25f2,,,Basic,47,893,10716,,,,,annual,
S-632bba,A-a09355,,,Pro,15,735,8820,,,,,monthly,
S-307e49,A-4c38bc,,,Pro,36,1764,21168,,,,,monthly,
S-b84175,A-bb2f49,,,Pro,9,441,5292,,,,,monthly,
S-83b2ee,A-7c83a1,,,Enterprise,26,5174,62088,,,,,monthly,
S-969aac,A-37f969,,,Enterprise,30,5970,71640,,,,,monthly,
S-aa5f00,A-241e75,,,Pro,13,637,7644,,,,,annual,
S-f7fa56,A-c16cf7,,,Pro,13,637,7644,,,,,monthly,
S-d50f1d,A-08e34e,,,Basic,29,0,0,,,,,annual,
S-5b9267,A-410e86,,,Pro,33,0,0,,,,,annual,
S-199697,A-bcf664,,,Enterprise,7,1393,16716,,,,,annual,
S-cbe349,A-e89151,,,Enterprise,8,1592,19104,,,,,annual,
S-2b4a26,A-66224b,,,Basic,92,0,0,,,,,annual,
S-704195,A-dfbd31,,,Basic,14,266,3192,,,,,monthly,
S-4dae4c,A-158f4e,,,Pro,61,2989,35868,,,,,monthly,
S-d425c9,A-e4144b,,,Enterprise,41,8159,97908,,,,,annual,
S-078e94,A-3a7284,,,Enterprise,31,6169,74028,,,,,monthly,
S-f869a0,A-726cfa,,,Basic,24,456,5472,,,,,monthly,
S-b57a5e,A-17939a,,,Basic,20,380,4560,,,,,annual,
S-a66766,A-9f9299,,,Basic,28,532,6384,,,,,monthly,
S-13a013,A-8bde0c,,,Basic,23,437,5244,,,,,annual,
S-813cdc,A-39b19f,,,Pro,20,980,11760,,,,,annual,
S-b6e15a,A-67be94,,,Enterprise,37,7363,88356,,,,,monthly,
S-db3856,A-ccabf0,,,Pro,21,1029,12348,,,,,annual,
S-dbc4d5,A-751c58,,,Pro,15,735,8820,,,,,annual,
S-eabdce,A-9208f0,,,Enterprise,14,2786,33432,,,,,annual,
S-19029a,A-712f1c,,,Pro,17,833,9996,,,,,annual,
S-05be05,A-e7beab,,,Enterprise,5,995,11940,,,,,annual,
S-222167,A-c1e51e,,,Basic,41,779,9348,,,,,annual,
S-a68d25,A-31ab9a,,,Basic,15,285,3420,,,,,monthly,
S-4305f1,A-afa505,,,Pro,70,3430,41160,,,,,monthly,
S-95cc5a,A-9bfc9f,,,Basic,53,1007,12084,,,,,annual,
S-0b7de7,A-eb7fac,,,Enterprise,16,3184,38208,,,,,monthly,
S-f5888c,A-4e631b,,,Basic,22,418,5016,,,,,annual,
S-28489e,A-fd7ad3,,,Basic,12,0,0,,,,,annual,
S-98dd7d,A-e6afc1,,,Enterprise,51,10149,121788,,,,,annual,
S-b10cfa,A-503d5a,,,Pro,6,294,3528,,,,,monthly,
S-3199cf,A-068fc6,,,Pro,35,1715,20580,,,,,monthly,
S-61d573,A-0dbdc6,,,Pro,30,1470,17640,,,,,annual,
S-2dbf26,A-dfbd31,,,Pro,14,0,0,,,,,annual,
S-eae773,A-88c6ca,,,Pro,11,539,6468,,,,,monthly,
S-18b808,A-425e76,,,Enterprise,9,1791,21492,,,,,annual,
S-d90f0a,A-e19ff6,,,Pro,26,1274,15288,,,,,monthly,
S-82be96,A-7920cc,,,Pro,39,1911,22932,,,,,annual,
S-7bd2d7,A-9b9fe9,,,Enterprise,50,9950,119400,,,,,monthly,
S-5f3359,A-9174e0,,,Pro,37,1813,21756,,,,,annual,
S-9d7c19,A-82d8a6,,,Pro,5,245,2940,,,,,annual,
S-2bc644,A-2d4502,,,Pro,8,392,4704,,,,,annual,
S-ec8b34,A-de58ca,,,Enterprise,62,12338,148056,,,,,annual,
S-1d2d00,A-a7bd4b,,,Basic,9,171,2052,,,,,monthly,
S-9a44ec,A-bf7919,,,Pro,15,735,8820,,,,,annual,
S-6c109f,A-c42f1f,,,Enterprise,12,2388,28656,,,,,annual,
S-f99f9e,A-dbc825,,,Enterprise,55,10945,131340,,,,,monthly,
S-9dda85,A-462d45,,,Basic,89,1691,20292,,,,,annual,
S-94009b,A-9f0b68,,,Enterprise,10,1990,23880,,,,,annual,
S-834097,A-9badbd,,,Enterprise,5,995,11940,,,,,annual,
S-61efc1,A-05d3b3,,,Pro,9,0,0,,,,,monthly,
S-d1527e,A-956988,,,Pro,26,1274,15288,,,,,annual,
S-caec41,A-55f257,,,Enterprise,23,4577,54924,,,,,annual,
S-921dc3,A-a865bd,,,Enterprise,38,7562,90744,,,,,annual,
S-038f6f,A-82d8a6,,,Enterprise,10,0,0,,,,,monthly,
S-93dc0e,A-8e47ca,,,Enterprise,25,4975,59700,,,,,monthly,
S-10702d,A-59f724,,,Basic,3,0,0,,,,,monthly,
S-737a28,A-a1bbb6,,,Pro,8,392,4704,,,,,monthly,
S-e77b1e,A-296d7c,,,Basic,6,114,1368,,,,,annual,
S-d841e4,A-a1b80b,,,Enterprise,16,3184,38208,,,,,annual,
S-c6dc67,A-9f2731,,,Pro,33,1617,19404,,,,,monthly,
S-aaf1d0,A-fd9422,,,Enterprise,58,0,0,,,,,monthly,
S-e77144,A-49b828,,,Enterprise,25,4975,59700,,,,,monthly,
S-9b8504,A-c37cab,,,Pro,13,637,7644,,,,,annual,
S-504683,A-bbc346,,,Enterprise,19,3781,45372,,,,,annual,
S-f3138f,A-3b5cd1,,,Enterprise,55,0,0,,,,,annual,
S-73688c,A-d535f6,,,Basic,12,0,0,,,,,monthly,
S-6e5a3d,A-bb1486,,,Pro,41,2009,24108,,,,,annual,
S-af6f53,A-410e86,,,Basic,24,456,5472,,,,,monthly,
S-134753,A-e83938,,,Enterprise,16,3184,38208,,,,,monthly,
S-3503b4,A-58b9ff,,,Enterprise,2,398,4776,,,,,monthly,
S-81e9f1,A-05d3b3,,,Basic,9,171,2052,,,,,monthly,
S-31e347,A-cb6cc6,,,Basic,14,266,3192,,,,,annual,
S-102ebf,A-e60f9d,,,Enterprise,29,5771,69252,,,,,annual,
S-a06b03,A-9b9fe9,,,Pro,68,3332,39984,,,,,annual,
S-c14b9d,A-91e948,,,Basic,41,779,9348,,,,,monthly,
S-a5cf6d,A-e51ec7,,,Enterprise,25,4975,59700,,,,,monthly,
S-6d96c9,A-a33200,,,Pro,29,1421,17052,,,,,monthly,
S-d81959,A-039727,,,Basic,25,475,5700,,,,,annual,
S-c77f0c,A-034368,,,Basic,29,551,6612,,,,,monthly,
S-6eb56d,A-10b8da,,,Pro,34,1666,19992,,,,,monthly,
S-b1dce0,A-fd7ad3,,,Basic,12,228,2736,,,,,monthly,
S-a07c46,A-e693b6,,,Pro,55,2695,32340,,,,,monthly,
S-df91b0,A-ba6516,,,Basic,27,513,6156,,,,,monthly,
S-f16bb2,A-0f6450,,,Enterprise,28,0,0,,,,,monthly,
S-94cf13,A-8adedc,,,Basic,5,95,1140,,,,,annual,
S-f9df40,A-956988,,,Basic,70,1330,15960,,,,,annual,
S-f366b3,A-ac85cd,,,Pro,85,4165,49980,,,,,annual,
S-c38acd,A-726cfa,,,Enterprise,31,6169,74028,,,,,monthly,
S-0d93fe,A-993085,,,Basic,31,589,7068,,,,,monthly,
S-8d8dd0,A-902ef7,,,Enterprise,83,16517,198204,,,,,monthly,
S-9395a2,A-0e966d,,,Basic,11,209,2508,,,,,monthly,
S-b1c57d,A-712533,,,Basic,18,342,4104,,,,,annual,
S-f039f9,A-7a0d69,,,Enterprise,16,3184,38208,,,,,monthly,
S-76b43f,A-b48f73,,,Basic,80,1520,18240,,,,,monthly,
S-27552b,A-1d5444,,,Pro,24,1176,14112,,,,,annual,
S-5bf2e5,A-484819,,,Basic,22,418,5016,,,,,annual,
S-0c56e1,A-6f8ad2,,,Basic,29,551,6612,,,,,annual,
S-47985c,A-1b707d,,,Basic,2,0,0,,,,,annual,
S-43b137,A-756192,,,Enterprise,39,7761,93132,,,,,annual,
S-8d2824,A-417d2f,,,Basic,37,703,8436,,,,,annual,
S-2186ea,A-dbc825,,,Pro,19,931,11172,,,,,annual,
S-2f8d64,A-ab438f,,,Enterprise,13,2587,31044,,,,,annual,
S-7501c9,A-94c3cd,,,Pro,32,0,0,,,,,monthly,
S-718bf5,A-5a3eb9,,,Pro,18,882,10584,,,,,annual,
S-96e431,A-8b25f2,,,Pro,6,294,3528,,,,,annual,
S-084f4a,A-faa28c,,,Enterprise,48,9552,114624,,,,,monthly,
S-fc8f09,A-68f37c,,,Enterprise,4,796,9552,,,,,monthly,
S-5abbac,A-94d3da,,,Pro,41,0,0,,,,,annual,
S-5aff5f,A-d82ef9,,,Basic,26,494,5928,,,,,monthly,
S-43cd30,A-8145a0,,,Basic,37,0,0,,,,,annual,
S-339fce,A-e888d1,,,Pro,14,686,8232,,,,,monthly,
S-9dcfb5,A-7d514c,,,Enterprise,17,3383,40596,,,,,annual,
S-2fd650,A-019782,,,Enterprise,15,0,0,,,,,annual,
S-50a388,A-089363,,,Pro,34,0,0,,,,,annual,
S-1fd72a,A-09316c,,,Pro,70,3430,41160,,,,,annual,
S-40cbc0,A-474ad4,,,Basic,8,152,1824,,,,,annual,
S-0b831e,A-4c38bc,,,Pro,36,1764,21168,,,,,annual,
S-b5035b,A-7c4956,,,Enterprise,5,995,11940,,,,,monthly,
S-1ac1b4,A-ac14bb,,,Enterprise,21,4179,50148,,,,,monthly,
S-86e226,A-58b9ff,,,Pro,25,0,0,,,,,monthly,
S-e60ba0,A-d26ab4,,,Pro,62,0,0,,,,,annual,
S-377ced,A-432483,,,Enterprise,60,11940,143280,,,,,monthly,
S-72cf21,A-855a48,,,Enterprise,40,7960,95520,,,,,annual,
S-d114e2,A-016043,,,Basic,11,209,2508,,,,,annual,
S-5521a1,A-b7b7b7,,,Pro,45,2205,26460,,,,,annual,
S-206227,A-4e960a,,,Enterprise,12,2388,28656,,,,,monthly,
S-eac553,A-ac9111,,,Basic,28,532,6384,,,,,annual,
S-26191b,A-cbbe12,,,Pro,40,0,0,,,,,annual,
S-8c8315,A-34ea2f,,,Pro,8,0,0,,,,,annual,
S-7af0d5,A-c4ea60,,,Basic,48,912,10944,,,,,annual,
S-b45a45,A-bcbe98,,,Pro,46,2254,27048,,,,,annual,
S-639d60,A-84ebe4,,,Enterprise,18,0,0,,,,,annual,
S-aaeb34,A-90a8c8,,,Enterprise,28,5572,66864,,,,,annual,
S-bef342,A-4814a3,,,Enterprise,87,17313,207756,,,,,annual,
S-162d54,A-922109,,,Basic,11,209,2508,,,,,monthly,
S-cf44af,A-3be56b,,,Pro,17,833,9996,,,,,annual,
S-2c3d7d,A-c62e55,,,Pro,14,686,8232,,,,,annual,
S-92795b,A-e36807,,,Basic,81,1539,18468,,,,,monthly,
S-9cb1f7,A-118d55,,,Pro,17,833,9996,,,,,monthly,
S-ee994a,A-49b828,,,Pro,25,1225,14700,,,,,monthly,
S-97df3f,A-9123ac,,,Pro,9,441,5292,,,,,annual,
S-c2b710,A-88c6ca,,,Enterprise,5,995,11940,,,,,monthly,
S-e768f5,A-1ac5e0,,,Enterprise,33,6567,78804,,,,,annual,
S-6aa20b,A-a6d261,,,Enterprise,9,0,0,,,,,monthly,
S-feea3a,A-82d8a6,,,Basic,5,95,1140,,,,,monthly,
S-f86bcf,A-592832,,,Pro,44,2156,25872,,,,,annual,
S-6608d9,A-c9bb3e,,,Enterprise,18,3582,42984,,,,,annual,
S-f5efe4,A-313be3,,,Enterprise,47,0,0,,,,,annual,
S-32b223,A-2edab2,,,Pro,17,833,9996,,,,,annual,
S-155e15,A-b07b56,,,Pro,30,1470,17640,,,,,monthly,
S-a6010b,A-5a92e7,,,Basic,6,0,0,,,,,monthly,
S-e60306,A-f45426,,,Enterprise,46,9154,109848,,,,,annual,
S-6bde88,A-157070,,,Pro,49,0,0,,,,,annual,
S-6ca5ab,A-55f257,,,Basic,14,0,0,,,,,annual,
S-eafea7,A-cbd1a3,,,Enterprise,28,5572,66864,,,,,monthly,
S-55db9e,A-8ae05d,,,Basic,86,1634,19608,,,,,annual,
S-be079b,A-6da850,,,Basic,5,0,0,,,,,monthly,
S-bd5207,A-7cfe77,,,Basic,69,1311,15732,,,,,annual,
S-f74bdd,A-c16101,,,Enterprise,14,2786,33432,,,,,annual,
S-b3071c,A-cab532,,,Pro,31,1519,18228,,,,,monthly,
S-ed1026,A-9a532a,,,Enterprise,11,2189,26268,,,,,annual,
S-8cfa7f,A-d922bf,,,Enterprise,15,0,0,,,,,annual,
S-2dbf11,A-e888d1,,,Pro,14,686,8232,,,,,annual,
S-4311fb,A-2b9d3e,,,Pro,14,686,8232,,,,,monthly,
S-5d729e,A-4a267b,,,Enterprise,29,5771,69252,,,,,monthly,
S-50e517,A-e7a1e2,,,Basic,12,228,2736,,,,,annual,
S-814624,A-671f31,,,Enterprise,82,0,0,,,,,annual,
S-f2d47e,A-6dee43,,,Enterprise,54,0,0,,,,,monthly,
S-a405f7,A-0b0d6d,,,Pro,22,1078,12936,,,,,annual,
S-0c46bb,A-c45b23,,,Basic,12,228,2736,,,,,annual,
S-8b486a,A-59f724,,,Pro,77,0,0,,,,,annual,
S-ddb09e,A-cc1d8d,,,Enterprise,8,1592,19104,,,,,monthly,
S-561e21,A-87aa7b,,,Pro,24,0,0,,,,,annual,
S-8b1c37,A-acb7f7,,,Pro,32,0,0,,,,,monthly,
S-fc6cb4,A-34d880,,,Basic,41,779,9348,,,,,monthly,
S-13dfe7,A-956988,,,Pro,2,98,1176,,,,,annual,
S-14d060,A-bcf664,,,Pro,47,2303,27636,,,,,annual,
S-43f9f8,A-712f1c,,,Basic,24,456,5472,,,,,monthly,
S-8c41e8,A-c16101,,,Basic,16,304,3648,,,,,annual,
S-0a9660,A-c7e58b,,,Enterprise,10,1990,23880,,,,,monthly,
S-9c85b0,A-78f02b,,,Enterprise,11,2189,26268,,,,,annual,
S-f09b6c,A-0f6450,,,Basic,28,532,6384,,,,,monthly,
S-a1e688,A-2f6a32,,,Basic,47,893,10716,,,,,annual,
S-0b62cc,A-a09355,,,Enterprise,17,3383,40596,,,,,monthly,
S-e41941,A-aa9511,,,Enterprise,30,5970,71640,,,,,monthly,
S-b7deea,A-65aeb5,,,Enterprise,63,12537,150444,,,,,monthly,
S-b81c97,A-0b0d6d,,,Pro,18,882,10584,,,,,monthly,
S-462547,A-e2cd1b,,,Basic,119,2261,27132,,,,,annual,
S-38ac0c,A-794a0b,,,Enterprise,31,6169,74028,,,,,monthly,
S-4704e5,A-6dee43,,,Basic,3,57,684,,,,,monthly,
S-8b349c,A-32728c,,,Basic,20,380,4560,,,,,annual,
S-33472f,A-f03140,,,Enterprise,27,5373,64476,,,,,monthly,
S-70c369,A-4bfa33,,,Pro,72,3528,42336,,,,,monthly,
S-2a6e4a,A-17939a,,,Pro,31,1519,18228,,,,,annual,
S-091a8d,A-098560,,,Pro,23,0,0,,,,,monthly,
S-a2afb0,A-139c3b,,,Enterprise,18,3582,42984,,,,,annual,
S-85022b,A-d62e02,,,Basic,6,114,1368,,,,,monthly,
S-b71b3a,A-cd458b,,,Enterprise,47,9353,112236,,,,,monthly,
S-cc80ee,A-034368,,,Enterprise,23,4577,54924,,,,,monthly,
S-2e8409,A-029f69,,,Pro,10,490,5880,,,,,annual,
S-de9b4b,A-600734,,,Pro,36,1764,21168,,,,,monthly,
S-e5efce,A-cea1f0,,,Pro,8,392,4704,,,,,annual,
S-d925e2,A-ce550d,,,Pro,35,1715,20580,,,,,annual,
S-0ab4e8,A-6a4e2d,,,Pro,16,784,9408,,,,,monthly,
S-585c3b,A-cc1d8d,,,Pro,6,0,0,,,,,annual,
S-a4fd17,A-cbbe12,,,Basic,40,760,9120,,,,,monthly,
S-68b261,A-d535f6,,,Pro,19,931,11172,,,,,annual,
S-567afa,A-c16cf7,,,Pro,18,882,10584,,,,,annual,
S-39b850,A-297a2d,,,Basic,27,0,0,,,,,annual,
S-2a9676,A-92a3af,,,Pro,25,1225,14700,,,,,annual,
S-fedcd9,A-65c341,,,Enterprise,11,2189,26268,,,,,annual,
S-627697,A-977ca0,,,Basic,26,494,5928,,,,,monthly,
S-65e38d,A-eb1312,,,Enterprise,25,4975,59700,,,,,monthly,
S-8e5fd4,A-43a9e3,,,Basic,27,513,6156,,,,,annual,
S-cf55da,A-2f6a32,,,Basic,19,0,0,,,,,monthly,
S-e8488d,A-52dd88,,,Enterprise,26,5174,62088,,,,,monthly,
S-344c0d,A-87aa7b,,,Enterprise,24,4776,57312,,,,,annual,
S-3f0fb6,A-016043,,,Pro,27,1323,15876,,,,,annual,
S-cd2085,A-7c83a1,,,Basic,12,228,2736,,,,,monthly,
S-91419b,A-94c3cd,,,Pro,37,1813,21756,,,,,annual,
S-a84c82,A-186a44,,,Pro,20,980,11760,,,,,annual,
S-c9d323,A-3a7284,,,Pro,31,1519,18228,,,,,monthly,
S-404ecd,A-592832,,,Enterprise,18,3582,42984,,,,,monthly,
S-d224a1,A-42b791,,,Pro,29,1421,17052,,,,,monthly,
S-a7ea10,A-96e141,,,Basic,15,285,3420,,,,,annual,
S-3d1043,A-e4144b,,,Enterprise,41,8159,97908,,,,,annual,
S-7c1eb7,A-02cd81,,,Pro,44,2156,25872,,,,,monthly,
S-4eb120,A-e1b9cd,,,Basic,40,760,9120,,,,,monthly,
S-b11225,A-7cfe77,,,Pro,69,3381,40572,,,,,annual,
S-dbceba,A-3cc791,,,Pro,36,1764,21168,,,,,monthly,
S-b89305,A-0aaf6e,,,Basic,4,76,912,,,,,monthly,
S-81b6ee,A-e1b9cd,,,Pro,40,1960,23520,,,,,annual,
S-fbbd54,A-692f18,,,Pro,5,0,0,,,,,monthly,
S-f1fa8b,A-ffc04f,,,Pro,55,2695,32340,,,,,monthly,
S-c6d8ce,A-249769,,,Pro,11,539,6468,,,,,monthly,
S-226cf3,A-956988,,,Pro,42,2058,24696,,,,,monthly,
S-9e2c78,A-e4144b,,,Basic,41,0,0,,,,,annual,
S-61bcfb,A-4e631b,,,Basic,22,418,5016,,,,,monthly,
S-96a469,A-e693b6,,,Pro,55,2695,32340,,,,,annual,
S-5c2991,A-94c3cd,,,Enterprise,32,0,0,,,,,annual,
S-771f7b,A-5c9849,,,Enterprise,62,12338,148056,,,,,annual,
S-bdd5df,A-a45270,,,Enterprise,25,4975,59700,,,,,monthly,
S-c46499,A-00cac8,,,Basic,8,152,1824,,,,,annual,
S-03a5b0,A-068fc6,,,Enterprise,35,6965,83580,,,,,monthly,
S-973e8e,A-0a282f,,,Enterprise,6,1194,14328,,,,,annual,
S-8c8905,A-ba6516,,,Enterprise,27,5373,64476,,,,,annual,
S-6d09f2,A-f92792,,,Basic,3,57,684,,,,,monthly,
S-32d56d,A-9f9299,,,Enterprise,28,5572,66864,,,,,annual,
S-54e8b2,A-19b2c8,,,Pro,20,980,11760,,,,,monthly,
S-2664e1,A-2d4502,,,Enterprise,41,8159,97908,,,,,annual,
S-ceaff7,A-a8b49c,,,Basic,16,304,3648,,,,,annual,
S-307b2b,A-4e44e8,,,Pro,8,392,4704,,,,,annual,
S-491216,A-b7ef83,,,Pro,31,1519,18228,,,,,annual,
S-a70baa,A-883b7d,,,Enterprise,17,3383,40596,,,,,annual,
S-b5337b,A-7c6b6b,,,Pro,7,343,4116,,,,,annual,
S-b2b1b9,A-49b828,,,Enterprise,49,9751,117012,,,,,annual,
S-6a02fe,A-35083d,,,Basic,25,475,5700,,,,,monthly,
S-0865f1,A-95b24a,,,Basic,38,722,8664,,,,,annual,
S-4f21c1,A-9f9299,,,Enterprise,28,5572,66864,,,,,annual,
S-0ce88b,A-9ee962,,,Basic,9,171,2052,,,,,annual,
S-446c54,A-296d7c,,,Enterprise,2,398,4776,,,,,annual,
S-55aafd,A-e89151,,,Basic,8,152,1824,,,,,monthly,
S-f4caa8,A-9badbd,,,Basic,23,437,5244,,,,,annual,
S-7c24f6,A-f25509,,,Enterprise,32,0,0,,,,,annual,
S-c555c4,A-bcf87c,,,Enterprise,17,3383,40596,,,,,monthly,
S-503afa,A-4e631b,,,Enterprise,40,7960,95520,,,,,monthly,
S-98f176,A-05d3b3,,,Basic,55,0,0,,,,,annual,
S-de473d,A-e6afc1,,,Pro,6,294,3528,,,,,monthly,
S-1876fb,A-4f18f0,,,Enterprise,59,11741,140892,,,,,monthly,
S-8fd22d,A-354f12,,,Enterprise,1,199,2388,,,,,monthly,
S-7ded4d,A-0f3e88,,,Basic,17,323,3876,,,,,monthly,
S-2cb298,A-9077b0,,,Enterprise,2,398,4776,,,,,annual,
S-dfbd79,A-977ca0,,,Pro,14,686,8232,,,,,annual,
S-162e73,A-55f257,,,Enterprise,38,0,0,,,,,annual,
S-f0c747,A-5b1bcd,,,Enterprise,73,14527,174324,,,,,monthly,
S-cf72c8,A-2e3bad,,,Basic,61,1159,13908,,,,,annual,
S-befdba,A-ff79f2,,,Basic,36,684,8208,,,,,annual,
S-921f19,A-eb7c38,,,Pro,39,0,0,,,,,monthly,
S-e9395e,A-180abf,,,Pro,64,3136,37632,,,,,monthly,
S-24cdb5,A-592832,,,Basic,35,665,7980,,,,,annual,
S-5aa4ba,A-2d1036,,,Pro,69,3381,40572,,,,,monthly,
S-207046,A-94d3da,,,Pro,41,0,0,,,,,annual,
S-0d6ea4,A-f44180,,,Enterprise,9,1791,21492,,,,,monthly,
S-5de79e,A-1619f8,,,Basic,29,551,6612,,,,,annual,
S-a04ec4,A-4ef964,,,Pro,17,833,9996,,,,,annual,
S-33deb8,A-427b69,,,Pro,17,833,9996,,,,,annual,
S-08f8d3,A-bcf87c,,,Pro,21,1029,12348,,,,,monthly,
S-292c06,A-089363,,,Pro,26,1274,15288,,,,,monthly,
S-0e9334,A-8ed5dd,,,Basic,23,437,5244,,,,,monthly,
S-6a7c79,A-4ef964,,,Pro,17,0,0,,,,,monthly,
S-1cfab2,A-712f1c,,,Enterprise,37,7363,88356,,,,,monthly,
S-0c0691,A-19b2c8,,,Enterprise,20,3980,47760,,,,,monthly,
S-b18ae9,A-b78bf8,,,Pro,33,1617,19404,,,,,monthly,
S-a0abcf,A-42b791,,,Pro,14,686,8232,,,,,annual,
S-567f8f,A-02cd81,,,Enterprise,44,8756,105072,,,,,annual,
S-3673f2,A-cd458b,,,Enterprise,47,9353,112236,,,,,annual,
S-3ff7bb,A-10b8f2,,,Basic,47,0,0,,,,,monthly,
S-b9d674,A-cc98bc,,,Enterprise,32,6368,76416,,,,,monthly,
S-381917,A-474ad4,,,Pro,17,833,9996,,,,,monthly,
S-67c1d8,A-328bd0,,,Pro,18,882,10584,,,,,annual,
S-c85c63,A-5c046d,,,Basic,93,1767,21204,,,,,monthly,
S-8dd1cf,A-4d1e75,,,Basic,20,380,4560,,,,,monthly,
S-3741b9,A-c16b88,,,Basic,23,0,0,,,,,annual,
S-90dd19,A-297a2d,,,Pro,27,1323,15876,,,,,annual,
S-d62a15,A-089363,,,Enterprise,10,1990,23880,,,,,annual,
S-2a928c,A-fa3095,,,Basic,70,1330,15960,,,,,monthly,
S-be86e3,A-3a5ad8,,,Enterprise,11,2189,26268,,,,,annual,
S-3dc46b,A-5790f4,,,Pro,12,588,7056,,,,,monthly,
S-d6106b,A-0a282f,,,Basic,6,114,1368,,,,,monthly,
S-c5a75d,A-66224b,,,Pro,92,4508,54096,,,,,annual,
S-2f11bb,A-82d8a6,,,Pro,5,245,2940,,,,,annual,
S-8f2b13,A-034368,,,Enterprise,28,5572,66864,,,,,annual,
S-4047a8,A-e19ff6,,,Basic,1,19,228,,,,,monthly,
S-969c1d,A-5b4ebb,,,Basic,29,551,6612,,,,,monthly,
S-f41a31,A-659280,,,Enterprise,13,2587,31044,,,,,monthly,
S-7a36ee,A-b11cd0,,,Basic,26,494,5928,,,,,monthly,
S-b1d153,A-3793ee,,,Pro,49,2401,28812,,,,,monthly,
S-515485,A-f3ff05,,,Pro,35,1715,20580,,,,,monthly,
S-fe910d,A-241e75,,,Basic,5,95,1140,,,,,monthly,
S-cd74b9,A-157070,,,Enterprise,16,3184,38208,,,,,annual,
S-604bd0,A-0e966d,,,Pro,57,2793,33516,,,,,monthly,
S-cea51e,A-cc1d8d,,,Enterprise,20,0,0,,,,,monthly,
S-1d63bf,A-69fad4,,,Enterprise,22,4378,52536,,,,,monthly,
S-951c06,A-0532a9,,,Basic,19,361,4332,,,,,annual,
S-6e780e,A-de58ca,,,Enterprise,36,7164,85968,,,,,annual,
S-501046,A-c4ea60,,,Pro,18,882,10584,,,,,annual,
S-d88f58,A-4ef964,,,Basic,17,323,3876,,,,,monthly,
S-3012fa,A-902ef7,,,Pro,83,4067,48804,,,,,annual,
S-936e80,A-5a3eb9,,,Pro,18,882,10584,,,,,annual,
S-7bebc1,A-054577,,,Basic,24,456,5472,,,,,annual,
S-cd8a6a,A-96215d,,,Pro,10,490,5880,,,,,annual,
S-810a67,A-592832,,,Pro,18,882,10584,,,,,monthly,
S-370135,A-e693b6,,,Pro,55,2695,32340,,,,,monthly,
S-1ad030,A-92a3af,,,Enterprise,25,4975,59700,,,,,annual,
S-fc155b,A-ccabf0,,,Enterprise,1,199,2388,,,,,annual,
S-9c23e1,A-f92792,,,Enterprise,18,3582,42984,,,,,annual,
S-af5a51,A-ccb686,,,Enterprise,53,10547,126564,,,,,annual,
S-7e86a2,A-7c5768,,,Basic,3,57,684,,,,,monthly,
S-12902a,A-3932db,,,Enterprise,19,3781,45372,,,,,monthly,
S-7d4240,A-09316c,,,Basic,70,1330,15960,,,,,monthly,
S-a94f54,A-e888d1,,,Enterprise,16,3184,38208,,,,,monthly,
S-64b181,A-bbe56f,,,Pro,21,1029,12348,,,,,annual,
S-239429,A-65aeb5,,,Enterprise,9,0,0,,,,,monthly,
S-c1ad26,A-10b8da,,,Pro,14,686,8232,,,,,annual,
S-02b3a1,A-e6afc1,,,Basic,18,342,4104,,,,,monthly,
S-83b45d,A-5a92e7,,,Pro,5,0,0,,,,,annual,
S-43aa0e,A-4d1e75,,,Basic,36,0,0,,,,,monthly,
S-ab06f4,A-90a8c8,,,Pro,15,735,8820,,,,,annual,
S-4d2011,A-751c58,,,Enterprise,15,2985,35820,,,,,annual,
S-dc28c6,A-e7beab,,,Enterprise,58,0,0,,,,,monthly,
S-709b46,A-ed510f,,,Pro,42,2058,24696,,,,,annual,
S-05eff5,A-118f1c,,,Basic,32,608,7296,,,,,monthly,
S-e11cde,A-0f6450,,,Enterprise,28,5572,66864,,,,,monthly,
S-db47af,A-d535f6,,,Basic,54,1026,12312,,,,,monthly,
S-9af385,A-157070,,,Basic,27,513,6156,,,,,monthly,
S-491caf,A-6f50ae,,,Basic,19,361,4332,,,,,annual,
S-6bd30a,A-5c9849,,,Enterprise,91,18109,217308,,,,,monthly,
S-6cdfb7,A-432483,,,Pro,31,1519,18228,,,,,annual,
S-2b7664,A-cb6cc6,,,Basic,13,247,2964,,,,,monthly,
S-e6b35a,A-3c1a3f,,,Basic,4,76,912,,,,,monthly,
S-221db6,A-1d5444,,,Pro,24,0,0,,,,,annual,
S-408c2f,A-993085,,,Basic,31,589,7068,,,,,annual,
S-f690b4,A-dfbd31,,,Pro,35,1715,20580,,,,,annual,
S-f4dc54,A-eb1312,,,Basic,25,475,5700,,,,,monthly,
S-5717da,A-54d94a,,,Pro,27,1323,15876,,,,,monthly,
S-36c07b,A-2922b6,,,Pro,15,735,8820,,,,,annual,
S-01afa4,A-a09355,,,Enterprise,14,2786,33432,,,,,annual,
S-f7234f,A-5f7781,,,Pro,85,0,0,,,,,monthly,
S-dd1d46,A-72799b,,,Enterprise,20,0,0,,,,,monthly,
S-fa0094,A-2bc93d,,,Pro,14,686,8232,,,,,annual,
S-bf89e6,A-812c5b,,,Pro,130,6370,76440,,,,,monthly,
S-078c2b,A-354f12,,,Basic,7,133,1596,,,,,monthly,
S-496c1e,A-f19b24,,,Basic,29,551,6612,,,,,annual,
S-40dcf4,A-249769,,,Enterprise,56,11144,133728,,,,,annual,
S-4cd678,A-40de06,,,Pro,28,1372,16464,,,,,monthly,
S-f981fe,A-3cc791,,,Enterprise,22,4378,52536,,,,,monthly,
S-5da6e7,A-5a215a,,,Pro,87,4263,51156,,,,,annual,
S-1a5fa7,A-1f559b,,,Enterprise,26,5174,62088,,,,,annual,
S-067edc,A-075038,,,Pro,23,0,0,,,,,monthly,
S-16ce94,A-c4ea60,,,Pro,18,882,10584,,,,,annual,
S-f2710b,A-309e54,,,Enterprise,46,0,0,,,,,annual,
S-709f67,A-484819,,,Enterprise,18,3582,42984,,,,,annual,
S-1bc5a4,A-560d27,,,Enterprise,23,4577,54924,,,,,monthly,
S-4d5623,A-d40bf7,,,Enterprise,59,11741,140892,,,,,annual,
S-91b63c,A-f17767,,,Enterprise,39,7761,93132,,,,,annual,
S-f5bef8,A-993085,,,Enterprise,40,7960,95520,,,,,monthly,
S-e6c900,A-cd458b,,,Pro,10,490,5880,,,,,annual,
S-3c9115,A-9badbd,,,Enterprise,30,5970,71640,,,,,monthly,
S-79af01,A-4ae22a,,,Enterprise,6,1194,14328,,,,,monthly,
S-9fa738,A-977ca0,,,Basic,10,0,0,,,,,monthly,
S-786ead,A-88c6ca,,,Pro,8,392,4704,,,,,monthly,
S-9b5be4,A-ffdfd5,,,Enterprise,4,796,9552,,,,,monthly,
S-3a4336,A-c1dfe1,,,Enterprise,26,5174,62088,,,,,monthly,
S-9a410c,A-d535f6,,,Pro,46,2254,27048,,,,,annual,
S-cd3f49,A-b2225d,,,Enterprise,47,0,0,,,,,annual,
S-896293,A-337bc1,,,Basic,30,0,0,,,,,monthly,
S-643ccd,A-45ce7a,,,Basic,16,304,3648,,,,,annual,
S-34f8ad,A-484819,,,Basic,18,342,4104,,,,,annual,
S-d85c2f,A-e6afc1,,,Pro,85,4165,49980,,,,,annual,
S-826d19,A-5790f4,,,Enterprise,8,1592,19104,,,,,annual,
S-323f3e,A-b48f73,,,Pro,80,3920,47040,,,,,annual,
S-202695,A-d535f6,,,Basic,12,228,2736,,,,,monthly,
S-905752,A-bcf664,,,Basic,30,570,6840,,,,,monthly,
S-e53224,A-d82ef9,,,Pro,26,0,0,,,,,annual,
S-040422,A-463db0,,,Basic,15,285,3420,,,,,annual,
S-aef80b,A-ccabf0,,,Enterprise,13,2587,31044,,,,,annual,
S-dda23d,A-1b707d,,,Pro,7,343,4116,,,,,annual,
S-d29830,A-684255,,,Basic,9,171,2052,,,,,annual,
S-fc86d6,A-038089,,,Pro,5,245,2940,,,,,annual,
S-7179fd,A-bcf664,,,Basic,59,1121,13452,,,,,monthly,
S-01daf5,A-9affe6,,,Pro,23,1127,13524,,,,,monthly,
S-916876,A-5ed98d,,,Pro,24,1176,14112,,,,,monthly,
S-4eef1a,A-3a7284,,,Basic,31,589,7068,,,,,monthly,
S-166024,A-443b7c,,,Basic,24,456,5472,,,,,monthly,
S-3ee288,A-05d3b3,,,Enterprise,19,3781,45372,,,,,annual,
S-4da04b,A-54ecc2,,,Pro,7,343,4116,,,,,annual,
S-2d494e,A-922109,,,Basic,5,0,0,,,,,monthly,
S-a80511,A-993085,,,Pro,31,1519,18228,,,,,annual,
S-bc4da7,A-02cd81,,,Basic,44,0,0,,,,,annual,
S-149409,A-0cc442,,,Pro,45,0,0,,,,,monthly,
S-5488ba,A-d3c88e,,,Enterprise,16,3184,38208,,,,,annual,
S-d5ce9f,A-acb7f7,,,Basic,39,741,8892,,,,,monthly,
S-680dbe,A-b07b56,,,Enterprise,25,4975,59700,,,,,annual,
S-129a62,A-8bde0c,,,Basic,34,0,0,,,,,monthly,
S-b821f4,A-adc1f3,,,Enterprise,5,995,11940,,,,,monthly,
S-b5d3cc,A-d3c88e,,,Enterprise,16,3184,38208,,,,,monthly,
S-115510,A-3b37d9,,,Enterprise,23,0,0,,,,,monthly,
S-244df8,A-94d3da,,,Basic,41,779,9348,,,,,monthly,
S-688851,A-50f3f7,,,Basic,51,969,11628,,,,,annual,
S-36aedb,A-2bc93d,,,Enterprise,14,2786,33432,,,,,annual,
S-642365,A-bd4513,,,Basic,50,950,11400,,,,,annual,
S-4d47e3,A-7f4db3,,,Pro,4,196,2352,,,,,monthly,
S-69b3ac,A-de58ca,,,Enterprise,80,0,0,,,,,annual,
S-650c13,A-692f18,,,Basic,6,114,1368,,,,,monthly,
S-380617,A-b2225d,,,Basic,47,893,10716,,,,,annual,
S-a1874c,A-9174e0,,,Pro,37,1813,21756,,,,,monthly,
S-26dbbf,A-432483,,,Pro,19,931,11172,,,,,monthly,
S-467918,A-396e5f,,,Pro,34,1666,19992,,,,,monthly,
S-5a4fb5,A-462d45,,,Pro,13,637,7644,,,,,annual,
S-023f5f,A-b2225d,,,Basic,47,893,10716,,,,,annual,
S-4793bb,A-0f7d77,,,Pro,3,147,1764,,,,,annual,
S-0da8be,A-cc8c8f,,,Basic,23,0,0,,,,,monthly,
S-6d6ab6,A-54d94a,,,Basic,27,513,6156,,,,,annual,
S-c033fa,A-151c9a,,,Pro,52,2548,30576,,,,,monthly,
S-330989,A-671f31,,,Pro,59,2891,34692,,,,,annual,
S-2632a2,A-5a3eb9,,,Basic,18,342,4104,,,,,annual,
S-e195f5,A-956988,,,Enterprise,12,2388,28656,,,,,monthly,
S-132103,A-a2485e,,,Pro,9,441,5292,,,,,monthly,
S-53361d,A-1ac5e0,,,Enterprise,33,0,0,,,,,monthly,
S-0c42bc,A-712426,,,Pro,9,441,5292,,,,,annual,
S-b2cfac,A-7f8241,,,Enterprise,34,6766,81192,,,,,monthly,
S-fe2139,A-0f6450,,,Pro,28,1372,16464,,,,,monthly,
S-0386c2,A-0f6450,,,Enterprise,28,5572,66864,,,,,annual,
S-3fb8f4,A-118f1c,,,Enterprise,32,6368,76416,,,,,annual,
S-022a1e,A-c42f1f,,,Pro,11,539,6468,,,,,annual,
S-a7a7c7,A-2ebb4b,,,Basic,41,0,0,,,,,monthly,
S-89d586,A-970c97,,,Pro,29,1421,17052,,,,,annual,
S-fdc127,A-7641d3,,,Pro,76,0,0,,,,,monthly,
S-5fb9ab,A-7f6b86,,,Enterprise,45,0,0,,,,,annual,
S-e36ccb,A-30b4ca,,,Enterprise,86,17114,205368,,,,,monthly,
S-88bc66,A-544d0a,,,Pro,43,2107,25284,,,,,monthly,
S-6aa72f,A-58b9ff,,,Enterprise,3,0,0,,,,,annual,
S-029065,A-4c56c9,,,Basic,11,0,0,,,,,annual,
S-7070de,A-bcbe98,,,Enterprise,46,9154,109848,,,,,annual,
S-76b06c,A-54d94a,,,Pro,27,1323,15876,,,,,monthly,
S-a102aa,A-ccc747,,,Pro,37,1813,21756,,,,,monthly,
S-79c82e,A-40906c,,,Basic,92,1748,20976,,,,,monthly,
S-af4059,A-acb7f7,,,Enterprise,32,6368,76416,,,,,annual,
S-22eb3c,A-0a282f,,,Basic,60,1140,13680,,,,,monthly,
S-4e0220,A-fa2041,,,Enterprise,15,2985,35820,,,,,annual,
S-0ecec7,A-756192,,,Enterprise,19,3781,45372,,,,,monthly,
S-1b8454,A-d4e0d4,,,Enterprise,117,23283,279396,,,,,monthly,
S-ad8055,A-bc87bc,,,Enterprise,3,597,7164,,,,,monthly,
S-f762a3,A-158f4e,,,Enterprise,61,12139,145668,,,,,annual,
S-d29575,A-0cc442,,,Enterprise,45,8955,107460,,,,,monthly,
S-0756ce,A-9badbd,,,Pro,77,3773,45276,,,,,monthly,
S-f6bb38,A-b2af2e,,,Basic,11,209,2508,,,,,monthly,
S-5685bf,A-524364,,,Enterprise,108,0,0,,,,,annual,
S-7c727c,A-adc1f3,,,Enterprise,8,1592,19104,,,,,annual,
S-1c643d,A-5a92e7,,,Basic,6,114,1368,,,,,monthly,
S-7c633c,A-dbc825,,,Basic,19,0,0,,,,,annual,
S-5de583,A-dbc825,,,Basic,19,361,4332,,,,,monthly,
S-80af53,A-fd7ad3,,,Enterprise,12,2388,28656,,,,,monthly,
S-9210e7,A-dec005,,,Enterprise,21,4179,50148,,,,,annual,
S-f9bd62,A-66224b,,,Basic,92,0,0,,,,,monthly,
S-d7c21d,A-8145a0,,,Basic,15,285,3420,,,,,monthly,
S-0b73bd,A-118d55,,,Enterprise,16,3184,38208,,,,,monthly,
S-9a8a30,A-4a267b,,,Enterprise,25,4975,59700,,,,,annual,
S-50e9f3,A-adc1f3,,,Enterprise,6,1194,14328,,,,,annual,
S-f5f01f,A-b179bf,,,Basic,43,817,9804,,,,,annual,
S-0ec1d3,A-86fc1d,,,Pro,56,2744,32928,,,,,annual,
S-b784a1,A-59f724,,,Pro,6,294,3528,,,,,monthly,
S-01ae7f,A-b179bf,,,Pro,43,0,0,,,,,annual,
S-1fabe5,A-0baac2,,,Basic,19,361,4332,,,,,monthly,
S-2b8a8b,A-9f2731,,,Pro,13,637,7644,,,,,annual,
S-c455ec,A-856b1e,,,Pro,19,931,11172,,,,,monthly,
S-f4d491,A-9779ad,,,Enterprise,40,7960,95520,,,,,monthly,
S-30bb47,A-c16cf7,,,Enterprise,13,2587,31044,,,,,annual,
S-9dbe8c,A-d3c88e,,,Basic,16,0,0,,,,,monthly,
S-679c73,A-271f46,,,Pro,38,0,0,,,,,monthly,
S-d9f26e,A-b7724f,,,Basic,29,551,6612,,,,,monthly,
S-e6c842,A-8b0451,,,Basic,41,779,9348,,,,,annual,
S-b53850,A-cd458b,,,Basic,29,551,6612,,,,,annual,
S-0aba5b,A-180abf,,,Pro,64,0,0,,,,,monthly,
S-99271f,A-d62e02,,,Enterprise,27,5373,64476,,,,,monthly,
S-b8a352,A-5f7781,,,Enterprise,22,4378,52536,,,,,annual,
S-be509c,A-49b828,,,Enterprise,6,0,0,,,,,annual,
S-07c2c2,A-f1f639,,,Basic,5,95,1140,,,,,monthly,
S-0e057d,A-cc98bc,,,Pro,57,2793,33516,,,,,annual,
S-606d6d,A-054577,,,Enterprise,14,2786,33432,,,,,monthly,
S-2ae21d,A-0f6450,,,Basic,28,532,6384,,,,,annual,
S-e60f46,A-eb7fac,,,Enterprise,7,1393,16716,,,,,annual,
S-87e8d3,A-8145a0,,,Enterprise,4,796,9552,,,,,monthly,
S-b409d1,A-e98302,,,Pro,18,882,10584,,,,,annual,
S-fb6734,A-bd4513,,,Enterprise,50,9950,119400,,,,,annual,
S-8a46fe,A-7d514c,,,Enterprise,17,3383,40596,,,,,monthly,
S-ee3fa2,A-977ca0,,,Pro,6,294,3528,,,,,annual,
S-8bf576,A-cbbe12,,,Enterprise,40,7960,95520,,,,,monthly,
S-9fa080,A-c1e51e,,,Enterprise,29,5771,69252,,,,,monthly,
S-30e0c1,A-977ca0,,,Pro,35,1715,20580,,,,,monthly,
S-9eb13e,A-4c38bc,,,Basic,36,684,8208,,,,,monthly,
S-d1b062,A-a6d261,,,Enterprise,14,2786,33432,,,,,monthly,
S-9ffb31,A-a8d89d,,,Pro,13,637,7644,,,,,annual,
S-9e2819,A-e43bf7,,,Enterprise,44,8756,105072,,,,,annual,
S-f9b1d0,A-65a46c,,,Basic,18,342,4104,,,,,monthly,
S-7f28f3,A-396e5f,,,Pro,10,490,5880,,,,,annual,
S-c1164e,A-4ef964,,,Pro,70,3430,41160,,,,,monthly,
S-a9fb74,A-c45b23,,,Pro,5,0,0,,,,,annual,
S-3e5a20,A-eafc6e,,,Basic,76,1444,17328,,,,,monthly,
S-78da0b,A-b20d99,,,Enterprise,20,3980,47760,,,,,monthly,
S-e9bcb2,A-eb2fdc,,,Basic,43,817,9804,,,,,monthly,
S-4d30ba,A-600734,,,Basic,29,551,6612,,,,,annual,
S-654529,A-8b25f2,,,Enterprise,6,0,0,,,,,annual,
S-342708,A-ffc04f,,,Pro,41,2009,24108,,,,,annual,
S-c067fc,A-249769,,,Basic,5,95,1140,,,,,monthly,
S-e31e0c,A-977ca0,,,Pro,92,4508,54096,,,,,monthly,
S-cd79c0,A-ccabf0,,,Enterprise,16,3184,38208,,,,,monthly,
S-b69d76,A-b54c01,,,Pro,29,1421,17052,,,,,monthly,
S-612bfb,A-180abf,,,Enterprise,64,12736,152832,,,,,annual,
S-51673a,A-5a92e7,,,Pro,9,0,0,,,,,monthly,
S-0f9910,A-af0cd2,,,Basic,19,0,0,,,,,monthly,
S-d4a76b,A-a45270,,,Basic,29,551,6612,,,,,monthly,
S-2abffe,A-a8b49c,,,Pro,9,441,5292,,,,,monthly,
S-938952,A-df1e44,,,Pro,12,588,7056,,,,,monthly,
S-4f5eb2,A-781cc0,,,Basic,12,228,2736,,,,,monthly,
S-7f92bd,A-4f18f0,,,Basic,24,456,5472,,,,,monthly,
S-ad45ea,A-c1e51e,,,Basic,19,361,4332,,,,,monthly,
S-f78a1a,A-fd7ad3,,,Basic,3,57,684,,,,,annual,
S-3ad221,A-6f50ae,,,Basic,19,361,4332,,,,,monthly,
S-8b3331,A-53f4e3,,,Basic,18,342,4104,,,,,annual,
S-e4ce2c,A-5ed98d,,,Pro,24,1176,14112,,,,,annual,
S-8b0498,A-180abf,,,Pro,64,3136,37632,,,,,monthly,
S-2971ae,A-9c18c4,,,Enterprise,11,2189,26268,,,,,monthly,
S-447189,A-378b99,,,Basic,68,1292,15504,,,,,monthly,
S-474001,A-adc1f3,,,Pro,2,98,1176,,,,,annual,
S-4c7591,A-17939a,,,Pro,28,1372,16464,,,,,monthly,
S-477a57,A-ccabf0,,,Enterprise,59,11741,140892,,,,,monthly,
S-a60299,A-716841,,,Pro,45,0,0,,,,,monthly,
S-f8bff8,A-71615e,,,Basic,15,285,3420,,,,,annual,
S-8f181e,A-5790f4,,,Enterprise,18,3582,42984,,,,,annual,
S-0ec903,A-039727,,,Basic,25,475,5700,,,,,annual,
S-591a64,A-c7e58b,,,Basic,3,57,684,,,,,annual,
S-3af70e,A-3b37d9,,,Enterprise,23,4577,54924,,,,,annual,
S-d44088,A-0651a4,,,Pro,16,0,0,,,,,annual,
S-fb95f2,A-d4ac0e,,,Enterprise,25,4975,59700,,,,,annual,
S-d07886,A-0dbdc6,,,Pro,30,1470,17640,,,,,annual,
S-977d49,A-a865bd,,,Enterprise,38,7562,90744,,,,,monthly,
S-270e94,A-22f2df,,,Basic,6,114,1368,,,,,annual,
S-b8ee76,A-7f4db3,,,Pro,6,294,3528,,,,,monthly,
S-c3472f,A-038089,,,Pro,36,1764,21168,,,,,monthly,
S-46dfac,A-6dee43,,,Pro,17,0,0,,,,,annual,
S-eb8b81,A-1f7acb,,,Basic,64,1216,14592,,,,,monthly,
S-7ea264,A-10b8f2,,,Enterprise,47,9353,112236,,,,,annual,
S-209456,A-95b24a,,,Pro,38,1862,22344,,,,,annual,
S-c63e51,A-cab532,,,Pro,11,539,6468,,,,,annual,
S-40d87e,A-f03140,,,Pro,28,1372,16464,,,,,annual,
S-2ee7ec,A-c16101,,,Basic,12,228,2736,,,,,monthly,
S-2c11c6,A-76fa4d,,,Pro,69,0,0,,,,,monthly,
S-d232ad,A-1619f8,,,Pro,29,0,0,,,,,monthly,
S-3a28cc,A-80eeb6,,,Basic,33,627,7524,,,,,monthly,
S-775dd1,A-378b99,,,Pro,19,931,11172,,,,,monthly,
S-4c2f78,A-533452,,,Pro,51,2499,29988,,,,,monthly,
S-91cd9b,A-cdf020,,,Pro,45,2205,26460,,,,,annual,
S-e0a4c5,A-fabe19,,,Enterprise,1,0,0,,,,,monthly,
S-76c065,A-716841,,,Enterprise,45,8955,107460,,,,,annual,
S-3cae3d,A-ce550d,,,Pro,35,1715,20580,,,,,annual,
S-71c67c,A-0f6450,,,Pro,28,1372,16464,,,,,monthly,
S-fe6eb1,A-2446e3,,,Enterprise,27,5373,64476,,,,,monthly,
S-2dc99d,A-cc102e,,,Basic,22,418,5016,,,,,monthly,
S-cd4dcd,A-cb5333,,,Pro,33,1617,19404,,,,,monthly,
S-21ebb6,A-0baac2,,,Enterprise,31,6169,74028,,,,,annual,
S-94c6a5,A-40de06,,,Pro,28,1372,16464,,,,,monthly,
S-89c7ff,A-2f6a32,,,Pro,33,1617,19404,,,,,annual,
S-6da42f,A-039727,,,Pro,25,1225,14700,,,,,monthly,
S-ec242e,A-8e47ca,,,Enterprise,31,6169,74028,,,,,monthly,
S-7003c5,A-038089,,,Basic,5,95,1140,,,,,annual,
S-ac6f24,A-fdfc91,,,Pro,29,0,0,,,,,monthly,
S-52b74f,A-249769,,,Enterprise,7,1393,16716,,,,,annual,
S-e89b90,A-756192,,,Pro,38,1862,22344,,,,,annual,
S-70d15d,A-8adedc,,,Enterprise,57,11343,136116,,,,,monthly,
S-0d497d,A-432483,,,Enterprise,41,8159,97908,,,,,annual,
S-14f672,A-692f18,,,Pro,12,588,7056,,,,,monthly,
S-7be132,A-cea1f0,,,Basic,14,266,3192,,,,,annual,
S-0fdcfe,A-4c38bc,,,Enterprise,36,7164,85968,,,,,annual,
S-600e05,A-600734,,,Basic,29,551,6612,,,,,monthly,
S-2b0a2d,A-c1dfe1,,,Basic,26,494,5928,,,,,annual,
S-3a6a71,A-462d45,,,Basic,61,1159,13908,,,,,monthly,
S-c27df9,A-6f50ae,,,Pro,19,0,0,,,,,monthly,
S-abddce,A-7d514c,,,Enterprise,43,8557,102684,,,,,monthly,
S-5d0af1,A-977ca0,,,Pro,17,833,9996,,,,,monthly,
S-a2d132,A-66224b,,,Pro,111,0,0,,,,,annual,
S-a610f6,A-98a59a,,,Basic,56,1064,12768,,,,,annual,
S-60890c,A-ff3c73,,,Pro,21,1029,12348,,,,,monthly,
S-be53ea,A-526d93,,,Pro,43,2107,25284,,,,,annual,
S-710a78,A-f6b2fb,,,Enterprise,23,0,0,,,,,annual,
S-9bd0ec,A-fe79a5,,,Enterprise,9,1791,21492,,,,,annual,
S-f36088,A-8adedc,,,Enterprise,43,0,0,,,,,annual,
S-a55d16,A-7da956,,,Basic,13,247,2964,,,,,monthly,
S-7f94c2,A-9bfc9f,,,Pro,53,0,0,,,,,monthly,
S-bff4f8,A-b07346,,,Enterprise,51,10149,121788,,,,,annual,
S-07a006,A-40906c,,,Enterprise,92,18308,219696,,,,,monthly,
S-35a9b6,A-c16cf7,,,Pro,13,637,7644,,,,,annual,
S-c7190f,A-56962b,,,Pro,163,7987,95844,,,,,monthly,
S-7dab19,A-de58ca,,,Basic,47,893,10716,,,,,annual,
S-a7ce33,A-e89151,,,Enterprise,23,4577,54924,,,,,monthly,
S-ddf5ff,A-1f559b,,,Basic,58,1102,13224,,,,,monthly,
S-b262a1,A-180abf,,,Basic,64,1216,14592,,,,,annual,
S-db37e1,A-4a267b,,,Enterprise,63,12537,150444,,,,,annual,
S-a67bb7,A-09316c,,,Enterprise,70,13930,167160,,,,,monthly,
S-2ec763,A-068fc6,,,Pro,35,1715,20580,,,,,monthly,
S-142456,A-22d9d2,,,Basic,10,0,0,,,,,annual,
S-81d580,A-f03140,,,Basic,27,513,6156,,,,,annual,
S-47cfb3,A-22f2df,,,Basic,11,209,2508,,,,,annual,
S-d5bf88,A-462d45,,,Enterprise,52,10348,124176,,,,,annual,
S-62b93c,A-692f18,,,Enterprise,6,0,0,,,,,annual,
S-8bac4e,A-558c72,,,Pro,12,588,7056,,,,,monthly,
S-35cf1c,A-1b9609,,,Basic,49,931,11172,,,,,monthly,
S-820711,A-71615e,,,Enterprise,60,11940,143280,,,,,annual,
S-304196,A-bcf664,,,Basic,6,114,1368,,,,,monthly,
S-39e396,A-443b7c,,,Basic,8,152,1824,,,,,annual,
S-1e8910,A-9b9fe9,,,Pro,5,0,0,,,,,monthly,
S-b465a7,A-66224b,,,Enterprise,92,18308,219696,,,,,monthly,
S-5163bd,A-7988d1,,,Basic,33,627,7524,,,,,annual,
S-20d02a,A-40a557,,,Enterprise,16,3184,38208,,,,,annual,
S-34b845,A-432483,,,Pro,8,392,4704,,,,,monthly,
S-12ca50,A-425e76,,,Enterprise,8,1592,19104,,,,,monthly,
S-6dff9e,A-76fa4d,,,Enterprise,69,13731,164772,,,,,monthly,
S-a24aa1,A-c608c8,,,Pro,21,1029,12348,,,,,monthly,
S-a7360b,A-00bed1,,,Basic,61,1159,13908,,,,,annual,
S-1082f7,A-c7ffc2,,,Basic,57,1083,12996,,,,,annual,
S-d747bc,A-068fc6,,,Basic,35,665,7980,,,,,monthly,
S-4d1a78,A-7dacce,,,Basic,49,0,0,,,,,monthly,
S-a79d1f,A-f45426,,,Enterprise,9,0,0,,,,,monthly,
S-0bd442,A-ad296b,,,Enterprise,38,7562,90744,,,,,monthly,
S-71cefe,A-cb5333,,,Basic,33,627,7524,,,,,annual,
S-a36a36,A-4ef964,,,Pro,17,833,9996,,,,,annual,
S-9d505c,A-8bde0c,,,Basic,61,1159,13908,,,,,monthly,
S-e7416c,A-6dee43,,,Pro,16,784,9408,,,,,annual,
S-a7cab8,A-94d3da,,,Basic,41,779,9348,,,,,monthly,
S-5ae105,A-296d7c,,,Basic,19,361,4332,,,,,monthly,
S-ed9451,A-bd4513,,,Pro,50,2450,29400,,,,,annual,
S-bfd04c,A-2e3bad,,,Basic,61,1159,13908,,,,,monthly,
S-fc2742,A-c9bb3e,,,Enterprise,11,2189,26268,,,,,annual,
S-8e9e9b,A-4e44e8,,,Basic,3,57,684,,,,,annual,
S-2f0291,A-ba6516,,,Enterprise,27,5373,64476,,,,,annual,
S-74a274,A-02fac6,,,Enterprise,22,4378,52536,,,,,monthly,
S-82848e,A-bece89,,,Enterprise,26,5174,62088,,,,,annual,
S-6a0399,A-df1e44,,,Enterprise,12,2388,28656,,,,,monthly,
S-29597a,A-0532a9,,,Enterprise,27,5373,64476,,,,,annual,
S-4c8ab8,A-39ddf4,,,Pro,40,1960,23520,,,,,monthly,
S-0638dc,A-9779ad,,,Enterprise,40,7960,95520,,,,,annual,
S-2557d9,A-692f18,,,Enterprise,10,1990,23880,,,,,monthly,
S-bd1ee1,A-bd4708,,,Enterprise,37,7363,88356,,,,,monthly,
S-ee3466,A-7d514c,,,Enterprise,17,0,0,,,,,monthly,
S-477317,A-d5a319,,,Enterprise,70,13930,167160,,,,,annual,
S-5bb13f,A-089363,,,Enterprise,15,2985,35820,,,,,monthly,
S-6ee6c9,A-396e5f,,,Pro,53,2597,31164,,,,,annual,
S-4a2fc6,A-10b8f2,,,Basic,47,0,0,,,,,annual,
S-e768c6,A-9289f6,,,Basic,22,418,5016,,,,,annual,
S-5cce27,A-d42431,,,Basic,22,418,5016,,,,,annual,
S-8707e7,A-17939a,,,Basic,14,266,3192,,,,,annual,
S-2ff0ab,A-712f1c,,,Basic,17,323,3876,,,,,monthly,
S-5b58b1,A-87aa7b,,,Pro,24,1176,14112,,,,,annual,
S-0ba1fe,A-5a184f,,,Enterprise,46,9154,109848,,,,,monthly,
S-c58d66,A-42b791,,,Basic,3,57,684,,,,,monthly,
S-2cc962,A-3d957b,,,Enterprise,14,2786,33432,,,,,annual,
S-235670,A-3a7284,,,Enterprise,33,6567,78804,,,,,monthly,
S-98126d,A-8145a0,,,Basic,12,228,2736,,,,,monthly,
S-ebfbbe,A-00cac8,,,Basic,8,152,1824,,,,,monthly,
S-7a55d9,A-7e0a10,,,Basic,46,874,10488,,,,,monthly,
S-6ce221,A-65aeb5,,,Basic,9,171,2052,,,,,annual,
S-4cff80,A-f97b9a,,,Enterprise,16,0,0,,,,,monthly,
S-7e2e5c,A-7df7a7,,,Basic,7,133,1596,,,,,monthly,
S-af8f54,A-712426,,,Enterprise,9,1791,21492,,,,,monthly,
S-b152d6,A-c16101,,,Pro,7,343,4116,,,,,monthly,
S-276555,A-d792a6,,,Pro,36,1764,21168,,,,,annual,
S-fcd20b,A-157070,,,Pro,16,784,9408,,,,,annual,
S-41bb1b,A-993085,,,Basic,31,589,7068,,,,,annual,
S-0c63de,A-592832,,,Pro,18,882,10584,,,,,annual,
S-658f5f,A-716841,,,Pro,45,2205,26460,,,,,monthly,
S-4994d6,A-5a3eb9,,,Basic,44,836,10032,,,,,annual,
S-3a897f,A-53f4e3,,,Pro,93,4557,54684,,,,,annual,
S-afa2a9,A-4f18f0,,,Enterprise,24,4776,57312,,,,,annual,
S-998ec2,A-f446b6,,,Basic,5,95,1140,,,,,annual,
S-d19797,A-fd7ad3,,,Basic,1,19,228,,,,,monthly,
S-40e528,A-a0ca4e,,,Enterprise,19,0,0,,,,,annual,
S-5c4b5d,A-4bfa33,,,Pro,8,392,4704,,,,,annual,
S-89c6dc,A-55f257,,,Pro,24,1176,14112,,,,,annual,
S-4291f7,A-afa505,,,Enterprise,70,13930,167160,,,,,monthly,
S-151fce,A-f03140,,,Basic,27,513,6156,,,,,annual,
S-dfaf24,A-970c97,,,Basic,27,513,6156,,,,,annual,
S-1dfa14,A-d3c88e,,,Enterprise,16,3184,38208,,,,,annual,
S-f9e2ca,A-151c9a,,,Enterprise,23,4577,54924,,,,,annual,
S-294fb2,A-bb2f49,,,Enterprise,49,9751,117012,,,,,annual,
S-673c51,A-b7ef83,,,Enterprise,9,1791,21492,,,,,monthly,
S-c2b60b,A-5a184f,,,Basic,1,19,228,,,,,annual,
S-2756ac,A-df1e44,,,Enterprise,39,0,0,,,,,monthly,
S-5e7357,A-9f9299,,,Pro,32,1568,18816,,,,,monthly,
S-f2be88,A-5c046d,,,Enterprise,93,18507,222084,,,,,monthly,
S-461334,A-a0ca4e,,,Basic,11,209,2508,,,,,annual,
S-23dcff,A-aa9511,,,Enterprise,54,10746,128952,,,,,monthly,
S-ed61a2,A-bb1486,,,Pro,69,3381,40572,,,,,monthly,
S-28e491,A-337bc1,,,Pro,30,0,0,,,,,annual,
S-e32bf8,A-3ce5b8,,,Enterprise,8,1592,19104,,,,,annual,
S-09251c,A-8adedc,,,Enterprise,16,3184,38208,,,,,monthly,
S-9a7851,A-4c38bc,,,Pro,36,1764,21168,,,,,annual,
S-ef398a,A-b44e3e,,,Enterprise,40,7960,95520,,,,,annual,
S-e3b379,A-1f559b,,,Basic,13,247,2964,,,,,monthly,
S-dbf124,A-659280,,,Basic,13,247,2964,,,,,monthly,
S-df3e3d,A-44dc83,,,Enterprise,13,0,0,,,,,annual,
S-57f1a7,A-2789e3,,,Enterprise,11,2189,26268,,,,,annual,
S-991f61,A-5247b3,,,Basic,18,342,4104,,,,,monthly,
S-8fb49f,A-8e47ca,,,Enterprise,20,3980,47760,,,,,monthly,
S-450fa9,A-186a44,,,Basic,20,380,4560,,,,,monthly,
S-2d04a6,A-fda07f,,,Basic,8,152,1824,,,,,monthly,
S-7c47af,A-396e5f,,,Basic,18,342,4104,,,,,annual,
S-fb9972,A-0158bb,,,Pro,45,2205,26460,,,,,annual,
S-804fb3,A-b7724f,,,Basic,71,1349,16188,,,,,monthly,
S-1883dc,A-05f0e5,,,Basic,56,1064,12768,,,,,annual,
S-a8bed8,A-9badbd,,,Basic,17,323,3876,,,,,annual,
S-049667,A-ac14bb,,,Basic,28,532,6384,,,,,annual,
S-9a952b,A-bcf664,,,Basic,5,0,0,,,,,monthly,
S-ac462f,A-313be3,,,Basic,47,0,0,,,,,monthly,
S-ff582b,A-3b5cd1,,,Enterprise,13,2587,31044,,,,,monthly,
S-05555d,A-4437e4,,,Enterprise,16,3184,38208,,,,,annual,
S-9fc9f5,A-970c97,,,Pro,14,686,8232,,,,,annual,
S-a30f36,A-dcc2f0,,,Pro,15,735,8820,,,,,annual,
S-5521f5,A-098560,,,Pro,25,1225,14700,,,,,monthly,
S-9f123c,A-9c18c4,,,Enterprise,11,0,0,,,,,annual,
S-694aa7,A-779e4e,,,Basic,98,1862,22344,,,,,annual,
S-b72911,A-7c83a1,,,Basic,12,228,2736,,,,,monthly,
S-1d5f4e,A-ab438f,,,Pro,13,637,7644,,,,,monthly,
S-dd85c4,A-65c341,,,Enterprise,31,6169,74028,,,,,monthly,
S-cdcf4a,A-22d9d2,,,Enterprise,16,3184,38208,,,,,annual,
S-c8fedf,A-fd9422,,,Enterprise,58,11542,138504,,,,,monthly,
S-fa8c75,A-43a9e3,,,Pro,18,882,10584,,,,,monthly,
S-3abf3f,A-6a7c9d,,,Basic,27,513,6156,,,,,annual,
S-58c146,A-e3bd71,,,Basic,41,779,9348,,,,,annual,
S-0e594f,A-af0cd2,,,Basic,45,0,0,,,,,annual,
S-d3ecc2,A-9123ac,,,Enterprise,10,1990,23880,,,,,monthly,
S-7252b5,A-5247b3,,,Pro,16,784,9408,,,,,monthly,
S-da0c62,A-d4ac0e,,,Enterprise,21,0,0,,,,,monthly,
S-e2a10c,A-118d55,,,Basic,18,342,4104,,,,,annual,
S-e8a2fa,A-bf7919,,,Basic,10,0,0,,,,,annual,
S-198dbe,A-18793f,,,Pro,148,7252,87024,,,,,monthly,
S-4a8ce0,A-5a184f,,,Basic,6,114,1368,,,,,monthly,
S-be05fd,A-32728c,,,Enterprise,20,0,0,,,,,monthly,
S-afed2d,A-726cfa,,,Pro,11,539,6468,,,,,annual,
S-22e21a,A-ad296b,,,Enterprise,38,7562,90744,,,,,annual,
S-a2da20,A-ac9111,,,Enterprise,32,6368,76416,,,,,monthly,
S-342037,A-bb3bd4,,,Enterprise,23,4577,54924,,,,,annual,
S-e7c172,A-6a4e2d,,,Basic,22,418,5016,,,,,monthly,
S-b37b2a,A-78f02b,,,Pro,11,539,6468,,,,,annual,
S-3c87b4,A-2ebb4b,,,Pro,41,2009,24108,,,,,monthly,
S-4522a0,A-0aaf6e,,,Basic,18,0,0,,,,,annual,
S-628884,A-f3ff05,,,Basic,19,361,4332,,,,,annual,
S-bf893c,A-6965e1,,,Enterprise,38,7562,90744,,,,,monthly,
S-305a67,A-6da850,,,Basic,12,228,2736,,,,,annual,
S-58a7c0,A-18793f,,,Enterprise,148,0,0,,,,,monthly,
S-4d8612,A-f97b9a,,,Enterprise,16,0,0,,,,,monthly,
S-eadebb,A-87aa7b,,,Pro,24,1176,14112,,,,,annual,
S-f61f42,A-72799b,,,Enterprise,20,3980,47760,,,,,monthly,
S-d3f138,A-560d27,,,Enterprise,23,4577,54924,,,,,monthly,
S-0f3df6,A-68f37c,,,Enterprise,121,24079,288948,,,,,annual,
S-7791c3,A-856b1e,,,Pro,19,931,11172,,,,,monthly,
S-1bbdb1,A-0651a4,,,Basic,54,0,0,,,,,annual,
S-cc4bf0,A-a1bbb6,,,Enterprise,28,5572,66864,,,,,annual,
S-46b63b,A-d5a319,,,Enterprise,31,6169,74028,,,,,monthly,
S-f020d4,A-50f3f7,,,Enterprise,31,6169,74028,,,,,annual,
S-63671f,A-df1e44,,,Pro,12,588,7056,,,,,annual,
S-6c9763,A-f9cc74,,,Basic,30,570,6840,,,,,annual,
S-e78857,A-432483,,,Enterprise,10,1990,23880,,,,,monthly,
S-5bb58e,A-5a215a,,,Basic,87,1653,19836,,,,,annual,
S-cd13b5,A-6e7827,,,Pro,35,1715,20580,,,,,monthly,
S-7554c2,A-d40bf7,,,Pro,59,0,0,,,,,annual,
S-06c096,A-eb2fdc,,,Pro,31,1519,18228,,,,,annual,
S-883efd,A-089363,,,Pro,2,0,0,,,,,monthly,
S-a9762e,A-902ef7,,,Pro,83,4067,48804,,,,,annual,
S-85c06f,A-bb2f49,,,Enterprise,8,1592,19104,,,,,annual,
S-cccce3,A-3b5cd1,,,Pro,13,637,7644,,,,,monthly,
S-d69e2c,A-39ddf4,,,Pro,40,1960,23520,,,,,annual,
S-16fb78,A-6843f2,,,Enterprise,21,4179,50148,,,,,monthly,
S-b01b1c,A-76fa4d,,,Pro,69,3381,40572,,,,,monthly,
S-574b52,A-039727,,,Enterprise,25,4975,59700,,,,,monthly,
S-de705a,A-f44180,,,Basic,17,0,0,,,,,annual,
S-0ae114,A-309e54,,,Basic,71,1349,16188,,,,,monthly,
S-8e701b,A-4437e4,,,Enterprise,3,597,7164,,,,,monthly,
S-374be8,A-b7ef83,,,Basic,23,437,5244,,,,,annual,
S-737994,A-712533,,,Basic,24,456,5472,,,,,monthly,
S-41acf0,A-378b99,,,Enterprise,16,3184,38208,,,,,annual,
S-faf395,A-a6d261,,,Basic,9,171,2052,,,,,annual,
S-ab7022,A-7df7a7,,,Basic,85,0,0,,,,,monthly,
S-76cdf1,A-aa9511,,,Pro,23,1127,13524,,,,,monthly,
S-cb5020,A-2ebb4b,,,Enterprise,41,8159,97908,,,,,monthly,
S-b7cbc2,A-940b8b,,,Enterprise,7,0,0,,,,,annual,
S-6b97b7,A-50f3f7,,,Enterprise,31,6169,74028,,,,,annual,
S-3c853b,A-22d9d2,,,Basic,8,152,1824,,,,,monthly,
S-21bd25,A-7f8241,,,Pro,34,1666,19992,,,,,monthly,
S-a175c2,A-d40bf7,,,Enterprise,59,0,0,,,,,annual,
S-2f2ba3,A-50f3f7,,,Enterprise,31,6169,74028,,,,,monthly,
S-f29e7f,A-bbe56f,,,Basic,22,418,5016,,,,,annual,
S-783131,A-51ec1b,,,Enterprise,7,1393,16716,,,,,annual,
S-c87441,A-b07b56,,,Basic,25,475,5700,,,,,annual,
S-39a28e,A-08e34e,,,Enterprise,14,0,0,,,,,monthly,
S-775719,A-34d880,,,Pro,4,196,2352,,,,,annual,
S-8e3b74,A-08e34e,,,Enterprise,29,5771,69252,,,,,monthly,
S-7553fb,A-54d94a,,,Enterprise,52,0,0,,,,,monthly,
S-8e5ceb,A-7f4db3,,,Enterprise,9,0,0,,,,,monthly,
S-9c8d9e,A-5f2961,,,Pro,24,1176,14112,,,,,monthly,
S-c2c321,A-684255,,,Enterprise,14,0,0,,,,,monthly,
S-43af5a,A-f3ff05,,,Pro,4,196,2352,,,,,monthly,
S-39539d,A-2bc93d,,,Enterprise,14,2786,33432,,,,,annual,
S-aa0c6b,A-702032,,,Basic,28,0,0,,,,,monthly,
S-a01486,A-52dd88,,,Basic,23,437,5244,,,,,annual,
S-951053,A-4814a3,,,Pro,87,4263,51156,,,,,monthly,
S-b5e9e7,A-e7a1e2,,,Enterprise,12,2388,28656,,,,,annual,
S-246942,A-0b0d6d,,,Enterprise,45,8955,107460,,,,,monthly,
S-1d7003,A-a33200,,,Enterprise,29,5771,69252,,,,,monthly,
S-3e24ed,A-e2cd1b,,,Basic,44,836,10032,,,,,monthly,
S-4bfab2,A-544d0a,,,Basic,2,38,456,,,,,monthly,
S-003fc0,A-65c341,,,Basic,11,0,0,,,,,annual,
S-b7f657,A-019782,,,Enterprise,13,2587,31044,,,,,annual,
S-3d6100,A-854864,,,Pro,20,980,11760,,,,,annual,
S-5818be,A-692f18,,,Pro,5,245,2940,,,,,annual,
S-125201,A-7f8241,,,Enterprise,34,0,0,,,,,annual,
S-987539,A-9c18c4,,,Enterprise,19,3781,45372,,,,,monthly,
S-127844,A-f446b6,,,Enterprise,7,1393,16716,,,,,monthly,
S-bc5755,A-ffdfd5,,,Enterprise,7,1393,16716,,,,,monthly,
S-882f1d,A-249769,,,Basic,7,133,1596,,,,,annual,
S-0ec442,A-d4e0d4,,,Pro,117,5733,68796,,,,,monthly,
S-62c824,A-0e966d,,,Basic,11,209,2508,,,,,annual,
S-11dba6,A-9badbd,,,Basic,41,779,9348,,,,,annual,
S-8fd62c,A-8145a0,,,Enterprise,2,398,4776,,,,,monthly,
S-05ad41,A-139c3b,,,Pro,41,2009,24108,,,,,monthly,
S-77ca30,A-82d8a6,,,Pro,37,1813,21756,,,,,monthly,
S-6450ac,A-b2225d,,,Basic,47,0,0,,,,,annual,
S-d2863b,A-ac9111,,,Basic,21,399,4788,,,,,annual,
S-fade3d,A-2edab2,,,Basic,17,323,3876,,,,,annual,
S-2223bf,A-5a215a,,,Pro,87,4263,51156,,,,,monthly,
S-6bbf29,A-a09355,,,Basic,14,266,3192,,,,,annual,
S-d76f8b,A-e1b9cd,,,Basic,40,760,9120,,,,,annual,
S-b7d290,A-7920cc,,,Enterprise,69,13731,164772,,,,,annual,
S-b36569,A-ff3c73,,,Basic,21,399,4788,,,,,annual,
S-79d1e0,A-ce550d,,,Enterprise,109,21691,260292,,,,,monthly,
S-089fa7,A-9174e0,,,Enterprise,37,7363,88356,,,,,annual,
S-de059a,A-35083d,,,Enterprise,19,3781,45372,,,,,monthly,
S-eccbe0,A-e3bd71,,,Pro,31,1519,18228,,,,,annual,
S-9a4589,A-3a7284,,,Pro,31,1519,18228,,,,,annual,
S-e83351,A-bd4708,,,Pro,69,3381,40572,,,,,annual,
S-6e8126,A-560d27,,,Basic,23,437,5244,,,,,annual,
S-134439,A-cbd1a3,,,Pro,6,294,3528,,,,,annual,
S-8bab7f,A-72799b,,,Basic,20,380,4560,,,,,monthly,
S-dd3b36,A-1b7577,,,Basic,4,76,912,,,,,monthly,
S-085f96,A-2bc93d,,,Enterprise,40,7960,95520,,,,,annual,
S-6895d0,A-5a92e7,,,Pro,29,1421,17052,,,,,monthly,
S-670476,A-8b0451,,,Enterprise,41,8159,97908,,,,,monthly,
S-2d807a,A-34d880,,,Enterprise,53,10547,126564,,,,,monthly,
S-2245c0,A-6f50ae,,,Enterprise,19,3781,45372,,,,,monthly,
S-0a5cd7,A-ffdfd5,,,Enterprise,30,5970,71640,,,,,annual,
S-f93185,A-7df7a7,,,Enterprise,10,1990,23880,,,,,monthly,
S-3c072b,A-ced9aa,,,Basic,3,57,684,,,,,monthly,
S-7c81dd,A-104f1a,,,Pro,40,1960,23520,,,,,monthly,
S-a7a9c3,A-fd9422,,,Basic,58,1102,13224,,,,,annual,
S-8856af,A-c70870,,,Basic,31,0,0,,,,,annual,
S-0a8acf,A-55f257,,,Pro,13,637,7644,,,,,monthly,
S-dbad62,A-58b9ff,,,Basic,12,228,2736,,,,,annual,
S-7134c2,A-544d0a,,,Pro,29,1421,17052,,,,,annual,
S-18f80d,A-484819,,,Enterprise,18,3582,42984,,,,,annual,
S-92d873,A-e83938,,,Enterprise,13,0,0,,,,,monthly,
S-37bdb4,A-6dee43,,,Enterprise,80,15920,191040,,,,,annual,
S-c226ae,A-b20d99,,,Basic,34,646,7752,,,,,annual,
S-16b6dc,A-794a0b,,,Pro,23,1127,13524,,,,,monthly,
S-3b98b1,A-0a282f,,,Enterprise,29,5771,69252,,,,,monthly,
S-234115,A-bd4513,,,Basic,50,950,11400,,,,,monthly,
S-862572,A-6e08f3,,,Basic,8,152,1824,,,,,monthly,
S-aad754,A-902ef7,,,Basic,83,1577,18924,,,,,annual,
S-59fe1d,A-9badbd,,,Basic,21,0,0,,,,,monthly,
S-3a3d0f,A-751c58,,,Basic,18,342,4104,,,,,annual,
S-575bef,A-68f37c,,,Pro,15,735,8820,,,,,annual,
S-74761f,A-9123ac,,,Enterprise,42,8358,100296,,,,,annual,
S-79123c,A-4c38bc,,,Enterprise,36,7164,85968,,,,,annual,
S-600ea7,A-726cfa,,,Pro,11,539,6468,,,,,annual,
S-fc7e8e,A-0a282f,,,Enterprise,2,398,4776,,,,,monthly,
S-b2f038,A-1b707d,,,Pro,13,637,7644,,,,,monthly,
S-1170cb,A-84ebe4,,,Pro,18,882,10584,,,,,annual,
S-ba69a4,A-0158bb,,,Basic,25,0,0,,,,,monthly,
S-56122a,A-ac85cd,,,Enterprise,61,12139,145668,,,,,annual,
S-29a901,A-378b99,,,Pro,8,392,4704,,,,,annual,
S-c6c2f6,A-4e0e85,,,Enterprise,104,0,0,,,,,monthly,
S-13b606,A-5b1bcd,,,Pro,73,3577,42924,,,,,annual,
S-1dceca,A-f92792,,,Basic,15,285,3420,,,,,monthly,
S-c14f97,A-7e0a10,,,Pro,46,2254,27048,,,,,monthly,
S-8a7e47,A-c7ffc2,,,Basic,49,931,11172,,,,,monthly,
S-feba2a,A-e3bd71,,,Pro,69,0,0,,,,,monthly,
S-02d46a,A-8ed5dd,,,Pro,5,245,2940,,,,,annual,
S-b5165e,A-bcf664,,,Pro,32,1568,18816,,,,,monthly,
S-bb47b9,A-e4144b,,,Enterprise,41,8159,97908,,,,,monthly,
S-4920e0,A-52dd88,,,Basic,23,437,5244,,,,,annual,
S-3781d0,A-5a215a,,,Enterprise,87,17313,207756,,,,,annual,
S-fec1cd,A-186a44,,,Enterprise,20,3980,47760,,,,,monthly,
S-75cba6,A-5a215a,,,Enterprise,87,17313,207756,,,,,monthly,
S-f5ce8e,A-8b25f2,,,Enterprise,13,2587,31044,,,,,monthly,
S-444c6a,A-95b24a,,,Basic,38,722,8664,,,,,annual,
S-1a2f35,A-832ec2,,,Basic,12,228,2736,,,,,monthly,
S-9d8525,A-cab532,,,Enterprise,11,2189,26268,,,,,monthly,
S-9b8421,A-6a4e2d,,,Pro,56,0,0,,,,,annual,
S-704cf3,A-5a215a,,,Basic,87,1653,19836,,,,,monthly,
S-d31de5,A-f45426,,,Pro,17,833,9996,,,,,monthly,
S-383fc5,A-474ad4,,,Enterprise,8,0,0,,,,,monthly,
S-ce0d60,A-712426,,,Pro,14,686,8232,,,,,annual,
S-5e8d9f,A-df10db,,,Enterprise,33,6567,78804,,,,,annual,
S-5bbfe3,A-1ac5e0,,,Basic,33,627,7524,,,,,monthly,
S-c935b8,A-684255,,,Basic,32,608,7296,,,,,annual,
S-e4b79e,A-2e3bad,,,Pro,61,2989,35868,,,,,annual,
S-76767f,A-068fc6,,,Pro,35,1715,20580,,,,,monthly,
S-e07b30,A-029f69,,,Pro,3,147,1764,,,,,annual,
S-da78bb,A-712426,,,Basic,9,171,2052,,,,,monthly,
S-1862f2,A-098560,,,Basic,29,551,6612,,,,,annual,
S-f9cb2b,A-6965e1,,,Enterprise,34,6766,81192,,,,,annual,
S-02a3aa,A-e2cd1b,,,Basic,15,0,0,,,,,annual,
S-ce61e0,A-f3ff05,,,Basic,2,38,456,,,,,monthly,
S-e98bfd,A-8adedc,,,Basic,4,76,912,,,,,annual,
S-1b524a,A-4a4c2d,,,Basic,54,1026,12312,,,,,annual,
S-bc2633,A-ba6516,,,Pro,27,1323,15876,,,,,monthly,
S-1d69ca,A-cea1f0,,,Basic,30,570,6840,,,,,monthly,
S-dcf449,A-adc1f3,,,Enterprise,50,9950,119400,,,,,annual,
S-67965d,A-bc87bc,,,Pro,3,147,1764,,,,,annual,
S-c86cb0,A-4ae22a,,,Enterprise,6,1194,14328,,,,,monthly,
S-9c4090,A-6f50ae,,,Basic,19,361,4332,,,,,annual,
S-162441,A-249769,,,Enterprise,4,796,9552,,,,,monthly,
S-a63da6,A-157070,,,Pro,30,1470,17640,,,,,monthly,
S-4b5470,A-b78bf8,,,Enterprise,33,6567,78804,,,,,monthly,
S-fd2307,A-bbe56f,,,Enterprise,21,4179,50148,,,,,annual,
S-78f738,A-c70870,,,Enterprise,170,33830,405960,,,,,monthly,
S-81d174,A-271f46,,,Enterprise,38,7562,90744,,,,,annual,
S-cfd4a3,A-8bde0c,,,Pro,93,4557,54684,,,,,annual,
S-86673a,A-ced9aa,,,Basic,22,418,5016,,,,,monthly,
S-df262a,A-43a9e3,,,Enterprise,28,5572,66864,,,,,monthly,
S-58d2c8,A-a6d261,,,Basic,13,247,2964,,,,,annual,
S-02949d,A-bd4708,,,Pro,37,1813,21756,,,,,annual,
S-d5c6cc,A-34ea2f,,,Pro,83,4067,48804,,,,,annual,
S-35c7c8,A-f51f16,,,Basic,4,76,912,,,,,monthly,
S-f9ec8f,A-30b4ca,,,Basic,86,1634,19608,,,,,annual,
S-5da1b8,A-684255,,,Pro,20,980,11760,,,,,annual,
S-0e9f1e,A-7c83a1,,,Basic,12,228,2736,,,,,monthly,
S-8d516f,A-d535f6,,,Enterprise,12,2388,28656,,,,,monthly,
S-34a131,A-2e4581,,,Enterprise,9,1791,21492,,,,,annual,
S-ee4c5c,A-5b1bcd,,,Enterprise,73,14527,174324,,,,,annual,
S-9781fe,A-40de06,,,Pro,28,1372,16464,,,,,annual,
S-527d18,A-5b1bcd,,,Enterprise,73,14527,174324,,,,,monthly,
S-060019,A-d535f6,,,Basic,19,0,0,,,,,annual,
S-bc2ca5,A-7988d1,,,Basic,33,627,7524,,,,,monthly,
S-abdeb7,A-40de06,,,Enterprise,28,0,0,,,,,annual,
S-d55d8a,A-dec005,,,Enterprise,21,4179,50148,,,,,monthly,
S-99aaa4,A-f6b2fb,,,Basic,23,437,5244,,,,,annual,
S-cb117a,A-671f31,,,Enterprise,59,11741,140892,,,,,annual,
S-e5fdf9,A-9208f0,,,Basic,17,0,0,,,,,annual,
S-455183,A-22d9d2,,,Pro,8,392,4704,,,,,monthly,
S-57bdc2,A-c70870,,,Pro,31,0,0,,,,,monthly,
S-96b8d5,A-659280,,,Basic,20,380,4560,,,,,annual,
S-bc7cab,A-cc8c8f,,,Basic,48,0,0,,,,,annual,
S-751802,A-592832,,,Basic,18,342,4104,,,,,monthly,
S-2e2d6c,A-f6b2fb,,,Enterprise,24,4776,57312,,,,,monthly,
S-90a2c8,A-44dc83,,,Basic,24,456,5472,,,,,annual,
S-08fc73,A-7df7a7,,,Enterprise,7,1393,16716,,,,,annual,
S-89e27e,A-94f8c9,,,Basic,13,247,2964,,,,,monthly,
S-e4df5d,A-65c341,,,Pro,17,833,9996,,,,,annual,
S-73d0eb,A-592832,,,Basic,60,1140,13680,,,,,monthly,
S-cb38be,A-f92792,,,Basic,2,38,456,,,,,annual,
S-415065,A-9174e0,,,Enterprise,37,7363,88356,,,,,monthly,
S-0e1d53,A-016043,,,Basic,6,114,1368,,,,,annual,
S-20a297,A-34ea2f,,,Basic,8,152,1824,,,,,monthly,
S-bf424e,A-8b0451,,,Enterprise,41,8159,97908,,,,,annual,
S-0b80b4,A-659280,,,Pro,47,2303,27636,,,,,annual,
S-c5cfb0,A-8b0451,,,Basic,41,0,0,,,,,monthly,
S-f4a4c8,A-c37cab,,,Enterprise,98,19502,234024,,,,,monthly,
S-16a545,A-592832,,,Basic,35,665,7980,,,,,annual,
S-f95951,A-02fac6,,,Pro,22,1078,12936,,,,,monthly,
S-1e349b,A-2e4581,,,Basic,102,1938,23256,,,,,monthly,
S-d660d6,A-cab532,,,Basic,33,627,7524,,,,,annual,
S-1bb4f4,A-6843f2,,,Basic,21,399,4788,,,,,annual,
S-c43200,A-94c3cd,,,Enterprise,32,6368,76416,,,,,monthly,
S-1da72c,A-4bfa33,,,Basic,20,380,4560,,,,,monthly,
S-9e15d0,A-02fac6,,,Pro,22,1078,12936,,,,,monthly,
S-9e7060,A-c62e55,,,Basic,10,190,2280,,,,,annual,
S-15a8c0,A-700ade,,,Basic,50,950,11400,,,,,monthly,
S-27ab7f,A-dcc2f0,,,Basic,25,475,5700,,,,,annual,
S-bedd26,A-20736a,,,Enterprise,50,9950,119400,,,,,monthly,
S-1319ac,A-e3bd71,,,Basic,91,1729,20748,,,,,annual,
S-abd9be,A-2b9d3e,,,Pro,18,882,10584,,,,,monthly,
S-56ed05,A-bbc346,,,Pro,19,0,0,,,,,annual,
S-d20d7c,A-970c97,,,Enterprise,28,5572,66864,,,,,monthly,
S-da4a98,A-d4e0d4,,,Basic,117,2223,26676,,,,,monthly,
S-4a90fd,A-d27f50,,,Pro,44,2156,25872,,,,,annual,
S-cd4d67,A-40de06,,,Basic,28,532,6384,,,,,monthly,
S-d6cffe,A-e7a1e2,,,Enterprise,6,0,0,,,,,annual,
S-53bced,A-a1bbb6,,,Pro,5,245,2940,,,,,monthly,
S-772ef0,A-c7ffc2,,,Pro,30,1470,17640,,,,,annual,
S-f4059b,A-c70870,,,Pro,43,0,0,,,,,annual,
S-71827b,A-65c341,,,Pro,39,1911,22932,,,,,monthly,
S-063586,A-13466a,,,Enterprise,22,4378,52536,,,,,annual,
S-478ae9,A-e4bf56,,,Pro,35,1715,20580,,,,,monthly,
S-018501,A-a865bd,,,Pro,56,2744,32928,,,,,monthly,
S-7536e5,A-3f9cc0,,,Basic,22,418,5016,,,,,annual,
S-c80ac4,A-43a9e3,,,Basic,18,342,4104,,,,,annual,
S-9f4914,A-417d2f,,,Basic,37,703,8436,,,,,monthly,
S-67c2c9,A-396e5f,,,Pro,7,343,4116,,,,,monthly,
S-5eeb46,A-37f969,,,Basic,30,570,6840,,,,,annual,
S-e71f4a,A-5a184f,,,Basic,7,133,1596,,,,,monthly,
S-812c7c,A-f5641b,,,Basic,31,0,0,,,,,monthly,
S-18356d,A-779e4e,,,Enterprise,18,3582,42984,,,,,annual,
S-23a6c5,A-dfbd31,,,Enterprise,24,0,0,,,,,monthly,
S-934bd4,A-ccc747,,,Basic,16,304,3648,,,,,annual,
S-695606,A-0f3e88,,,Basic,16,304,3648,,,,,monthly,
S-c59d50,A-7a0d69,,,Basic,40,0,0,,,,,monthly,
S-009027,A-1b7577,,,Enterprise,9,1791,21492,,,,,annual,
S-f6f97e,A-02cd81,,,Pro,44,2156,25872,,,,,annual,
S-8b3e35,A-e693b6,,,Enterprise,55,0,0,,,,,annual,
S-d1201a,A-b2af2e,,,Pro,18,882,10584,,,,,monthly,
S-c7c366,A-9208f0,,,Enterprise,38,0,0,,,,,monthly,
S-c1d6cf,A-dcc2f0,,,Enterprise,16,3184,38208,,,,,monthly,
S-ba672b,A-1b9609,,,Pro,4,196,2352,,,,,annual,
S-1f149a,A-5a3eb9,,,Pro,21,1029,12348,,,,,annual,
S-e14e00,A-a7bd4b,,,Pro,6,294,3528,,,,,monthly,
S-7b3464,A-c16101,,,Enterprise,7,1393,16716,,,,,annual,
S-ea3c2c,A-d792a6,,,Enterprise,9,1791,21492,,,,,monthly,
S-d90f5e,A-bd4513,,,Basic,50,950,11400,,,,,annual,
S-9cca23,A-3a5ad8,,,Enterprise,9,1791,21492,,,,,monthly,
S-b7d291,A-f6b2fb,,,Pro,23,1127,13524,,,,,annual,
S-ae1278,A-2ebb4b,,,Pro,41,2009,24108,,,,,monthly,
S-a5d949,A-e19ff6,,,Enterprise,2,0,0,,,,,annual,
S-cfa635,A-503d5a,,,Basic,50,950,11400,,,,,monthly,
S-001561,A-1b7577,,,Enterprise,6,1194,14328,,,,,annual,
S-c5e371,A-956988,,,Pro,41,2009,24108,,,,,monthly,
S-539566,A-4e960a,,,Basic,12,228,2736,,,,,monthly,
S-36b46e,A-202b67,,,Pro,11,539,6468,,,,,monthly,
S-b94bce,A-f51f16,,,Enterprise,2,0,0,,,,,monthly,
S-f8357e,A-f17767,,,Basic,2,38,456,,,,,monthly,
S-1bdc35,A-bcf87c,,,Basic,10,190,2280,,,,,monthly,
S-56c529,A-856b1e,,,Pro,30,1470,17640,,,,,monthly,
S-cdfe99,A-296d7c,,,Pro,6,294,3528,,,,,annual,
S-e11518,A-3ce5b8,,,Pro,189,9261,111132,,,,,annual,
S-82a7dd,A-309e54,,,Basic,15,285,3420,,,,,monthly,
S-f110db,A-86902e,,,Enterprise,34,6766,81192,,,,,monthly,
S-651c01,A-bd4708,,,Basic,37,0,0,,,,,annual,
S-531970,A-ff3c73,,,Basic,45,855,10260,,,,,annual,
S-93ce26,A-726cfa,,,Enterprise,11,0,0,,,,,monthly,
S-b520e9,A-427b69,,,Enterprise,26,5174,62088,,,,,monthly,
S-ade2d5,A-bcbe98,,,Enterprise,46,0,0,,,,,monthly,
S-767957,A-751c58,,,Enterprise,15,0,0,,,,,annual,
S-2c80ba,A-4ae22a,,,Basic,6,114,1368,,,,,annual,
S-cd0f21,A-b78bf8,,,Enterprise,49,9751,117012,,,,,annual,
S-18f498,A-684255,,,Basic,28,532,6384,,,,,monthly,
S-d61475,A-89ee83,,,Basic,3,57,684,,,,,monthly,
S-66ffe0,A-625d0b,,,Pro,38,1862,22344,,,,,monthly,
S-fd790e,A-7920cc,,,Basic,39,0,0,,,,,annual,
S-d1a6c6,A-443b7c,,,Basic,17,323,3876,,,,,monthly,
S-6c1ca5,A-977ca0,,,Basic,6,114,1368,,,,,monthly,
S-ea71b5,A-bad8c1,,,Enterprise,10,0,0,,,,,annual,
S-61c27e,A-158f4e,,,Basic,61,1159,13908,,,,,monthly,
S-a7d34e,A-a7bd4b,,,Pro,51,2499,29988,,,,,annual,
S-0eba5a,A-fb186e,,,Enterprise,29,5771,69252,,,,,monthly,
S-1d661c,A-9c18c4,,,Enterprise,12,2388,28656,,,,,annual,
S-6a56f1,A-684255,,,Pro,12,588,7056,,,,,annual,
S-ff4a47,A-f03140,,,Enterprise,27,5373,64476,,,,,monthly,
S-9e74ba,A-b48f73,,,Enterprise,80,0,0,,,,,annual,
S-d53c0a,A-8e47ca,,,Enterprise,19,3781,45372,,,,,annual,
S-22cbb3,A-92a3af,,,Pro,77,3773,45276,,,,,monthly,
S-5313fa,A-e40f45,,,Enterprise,21,4179,50148,,,,,monthly,
S-d8fa45,A-5a215a,,,Basic,87,1653,19836,,,,,monthly,
S-24d19a,A-34ea2f,,,Pro,8,392,4704,,,,,annual,
S-c87391,A-fe79a5,,,Pro,9,0,0,,,,,monthly,
S-a9952f,A-0aaf6e,,,Pro,11,0,0,,,,,monthly,
S-3867d6,A-e60f9d,,,Pro,29,0,0,,,,,annual,
S-60cb51,A-4c38bc,,,Basic,36,684,8208,,,,,monthly,
S-8ba974,A-cc98bc,,,Pro,32,1568,18816,,,,,annual,
S-f7e37f,A-794a0b,,,Pro,23,0,0,,,,,annual,
S-ff1b11,A-dcc2f0,,,Basic,32,608,7296,,,,,annual,
S-f6e116,A-4d1e75,,,Pro,20,980,11760,,,,,monthly,
S-ed7a72,A-533452,,,Pro,25,1225,14700,,,,,monthly,
S-27e42e,A-600734,,,Pro,29,1421,17052,,,,,monthly,
S-bd3e24,A-ffc04f,,,Pro,13,637,7644,,,,,annual,
S-9e64bd,A-c7e58b,,,Pro,16,0,0,,,,,monthly,
S-ad5d94,A-35083d,,,Basic,19,0,0,,,,,annual,
S-44483e,A-bbc346,,,Enterprise,19,0,0,,,,,monthly,
S-b75a31,A-a8b49c,,,Pro,7,343,4116,,,,,annual,
S-731ee3,A-9077b0,,,Enterprise,14,2786,33432,,,,,annual,
S-0c91c4,A-2789e3,,,Enterprise,11,2189,26268,,,,,annual,
S-148506,A-3a5ad8,,,Basic,9,171,2052,,,,,annual,
S-23d802,A-ad64c6,,,Basic,54,0,0,,,,,monthly,
S-3e3033,A-e60f9d,,,Pro,31,0,0,,,,,annual,
S-d5ac8c,A-ef84cf,,,Enterprise,34,6766,81192,,,,,annual,
S-ad31b0,A-5b051a,,,Pro,22,1078,12936,,,,,monthly,
S-a61006,A-8bde0c,,,Enterprise,12,2388,28656,,,,,monthly,
S-467d4a,A-1b7577,,,Pro,9,441,5292,,,,,annual,
S-e1dc0b,A-e5d6ab,,,Pro,17,0,0,,,,,monthly,
S-4b7873,A-0651a4,,,Basic,16,304,3648,,,,,annual,
S-9f57f5,A-96e141,,,Enterprise,14,2786,33432,,,,,monthly,
S-a82473,A-fda07f,,,Enterprise,16,3184,38208,,,,,annual,
S-15582c,A-600734,,,Basic,29,551,6612,,,,,monthly,
S-caca4f,A-e83938,,,Basic,54,1026,12312,,,,,annual,
S-4911f9,A-bb2f49,,,Basic,8,152,1824,,,,,annual,
S-f7f6d7,A-425e76,,,Basic,14,266,3192,,,,,monthly,
S-1a0f22,A-d26ab4,,,Enterprise,18,3582,42984,,,,,monthly,
S-3037ab,A-b9eed8,,,Basic,17,323,3876,,,,,annual,
S-722103,A-a09355,,,Enterprise,14,0,0,,,,,monthly,
S-ca1cb9,A-5a215a,,,Enterprise,87,17313,207756,,,,,annual,
S-00f31d,A-410e86,,,Pro,24,1176,14112,,,,,annual,
S-3236ee,A-0b0d6d,,,Basic,13,247,2964,,,,,monthly,
S-5cb87c,A-e89151,,,Pro,24,1176,14112,,,,,monthly,
S-3baf90,A-5a3eb9,,,Basic,40,760,9120,,,,,annual,
S-3110d9,A-692f18,,,Enterprise,17,3383,40596,,,,,annual,
S-a0a5e3,A-6a7c9d,,,Enterprise,26,5174,62088,,,,,monthly,
S-fc2bf2,A-f3ff05,,,Basic,28,532,6384,,,,,monthly,
S-9c67ab,A-c62e55,,,Basic,8,152,1824,,,,,annual,
S-f22b7f,A-b44e3e,,,Enterprise,40,7960,95520,,,,,annual,
S-71d31c,A-bd4708,,,Basic,37,0,0,,,,,annual,
S-64d8c9,A-34ea2f,,,Basic,41,779,9348,,,,,monthly,
S-f4335b,A-075038,,,Enterprise,17,3383,40596,,,,,annual,
S-1ad9cb,A-4d1e75,,,Pro,20,980,11760,,,,,monthly,
S-866608,A-88c6ca,,,Pro,23,1127,13524,,,,,annual,
S-fccc09,A-1f0ac7,,,Pro,24,1176,14112,,,,,monthly,
S-19858e,A-92a3af,,,Pro,30,1470,17640,,,,,annual,
S-db0f41,A-afa505,,,Enterprise,70,13930,167160,,,,,monthly,
S-897d69,A-0a282f,,,Pro,55,2695,32340,,,,,monthly,
S-b57dcd,A-e5d6ab,,,Basic,5,95,1140,,,,,annual,
S-6d3477,A-cd458b,,,Enterprise,47,9353,112236,,,,,annual,
S-6c3700,A-9779ad,,,Enterprise,40,7960,95520,,,,,annual,
S-50334b,A-f17767,,,Pro,12,588,7056,,,,,monthly,
S-9f9dfe,A-c62e55,,,Pro,30,1470,17640,,,,,monthly,
S-fa2170,A-ad3abd,,,Pro,44,2156,25872,,,,,monthly,
S-f50851,A-c58f49,,,Enterprise,70,13930,167160,,,,,monthly,
S-89e98a,A-c222ab,,,Pro,32,1568,18816,,,,,monthly,
S-51dd23,A-7c6b6b,,,Basic,6,114,1368,,,,,monthly,
S-532e80,A-993085,,,Enterprise,31,6169,74028,,,,,annual,
S-1682d4,A-c16b88,,,Enterprise,23,4577,54924,,,,,annual,
S-dcbf45,A-0f3e88,,,Pro,22,1078,12936,,,,,monthly,
S-7151d9,A-eb7c38,,,Basic,102,1938,23256,,,,,annual,
S-523cce,A-1b9609,,,Enterprise,30,5970,71640,,,,,monthly,
S-c069ab,A-956988,,,Enterprise,55,10945,131340,,,,,annual,
S-d66d63,A-6c093d,,,Pro,13,637,7644,,,,,annual,
S-6f75be,A-65a46c,,,Enterprise,78,15522,186264,,,,,monthly,
S-ea3d54,A-439b2f,,,Enterprise,1,199,2388,,,,,monthly,
S-dc6a2a,A-309e54,,,Pro,15,0,0,,,,,monthly,
S-e21910,A-50f3f7,,,Basic,31,589,7068,,,,,monthly,
S-6cfb27,A-a8d89d,,,Basic,13,247,2964,,,,,monthly,
S-37a280,A-40906c,,,Basic,92,0,0,,,,,monthly,
S-81caea,A-3932db,,,Basic,19,361,4332,,,,,monthly,
S-af430c,A-1b7577,,,Pro,11,539,6468,,,,,monthly,
S-e2c20a,A-3be56b,,,Pro,62,3038,36456,,,,,monthly,
S-cbfd83,A-fa2041,,,Pro,52,2548,30576,,,,,monthly,
S-864157,A-039727,,,Pro,25,1225,14700,,,,,annual,
S-d9d6ac,A-054577,,,Enterprise,3,597,7164,,,,,annual,
S-67da25,A-5a92e7,,,Basic,7,133,1596,,,,,annual,
S-80016a,A-1b9609,,,Enterprise,5,995,11940,,,,,monthly,
S-817cf0,A-378b99,,,Pro,9,441,5292,,,,,annual,
S-c9e261,A-dcc3f1,,,Enterprise,21,4179,50148,,,,,monthly,
S-49b0da,A-fe79a5,,,Enterprise,9,1791,21492,,,,,annual,
S-765100,A-b7ef83,,,Basic,43,817,9804,,,,,monthly,
S-62fb8e,A-ef84cf,,,Enterprise,8,0,0,,,,,monthly,
S-3e0382,A-425e76,,,Basic,27,513,6156,,,,,monthly,
S-fc4ac6,A-ac14bb,,,Basic,21,399,4788,,,,,monthly,
S-798707,A-6e7827,,,Pro,8,392,4704,,,,,annual,
S-039a8e,A-331424,,,Basic,11,209,2508,,,,,annual,
S-d9f518,A-09540c,,,Pro,67,3283,39396,,,,,annual,
S-eb23dd,A-4ef964,,,Basic,38,722,8664,,,,,monthly,
S-816354,A-186a44,,,Pro,20,0,0,,,,,monthly,
S-4e4b10,A-4e631b,,,Basic,22,418,5016,,,,,monthly,
S-2fd486,A-18793f,,,Pro,148,7252,87024,,,,,annual,
S-70a8d6,A-bcbe98,,,Pro,46,2254,27048,,,,,annual,
S-3bb8a2,A-659280,,,Enterprise,19,3781,45372,,,,,monthly,
S-b0e621,A-ced9aa,,,Pro,3,147,1764,,,,,monthly,
S-7018bf,A-625d0b,,,Pro,42,2058,24696,,,,,monthly,
S-326577,A-fda07f,,,Basic,7,133,1596,,,,,annual,
S-26deeb,A-8adedc,,,Pro,68,3332,39984,,,,,annual,
S-59c612,A-aa9511,,,Basic,23,437,5244,,,,,monthly,
S-d933e7,A-fdfc91,,,Pro,29,1421,17052,,,,,monthly,
S-45ee20,A-1619f8,,,Basic,29,551,6612,,,,,monthly,
S-8c9649,A-c9bb3e,,,Pro,10,490,5880,,,,,monthly,
S-83b708,A-2d1036,,,Basic,69,1311,15732,,,,,monthly,
S-f84a6f,A-d27f50,,,Enterprise,44,8756,105072,,,,,monthly,
S-369495,A-b3fe05,,,Pro,8,392,4704,,,,,monthly,
S-6f0aa3,A-1986ca,,,Enterprise,20,0,0,,,,,monthly,
S-da198f,A-b07346,,,Basic,51,969,11628,,,,,annual,
S-c0a7d8,A-0dbdc6,,,Enterprise,30,5970,71640,,,,,monthly,
S-b6aefa,A-6da850,,,Pro,5,245,2940,,,,,annual,
S-d19216,A-17939a,,,Basic,86,1634,19608,,,,,monthly,
S-330457,A-ad3abd,,,Pro,44,2156,25872,,,,,monthly,
S-495d33,A-50f3f7,,,Basic,31,589,7068,,,,,monthly,
S-adf00a,A-de24d5,,,Enterprise,17,3383,40596,,,,,annual,
S-a54381,A-149a69,,,Basic,34,646,7752,,,,,monthly,
S-21b68e,A-4f18f0,,,Enterprise,25,0,0,,,,,monthly,
S-4040a9,A-6f50ae,,,Pro,19,931,11172,,,,,monthly,
S-8966c9,A-cd458b,,,Basic,27,513,6156,,,,,monthly,
S-70275b,A-f45426,,,Basic,20,380,4560,,,,,annual,
S-6cff51,A-c37601,,,Pro,28,1372,16464,,,,,annual,
S-0185ce,A-50f3f7,,,Pro,31,0,0,,,,,annual,
S-e5bed6,A-05f0e5,,,Pro,58,2842,34104,,,,,annual,
S-3e453b,A-883b7d,,,Pro,17,833,9996,,,,,annual,
S-c341e1,A-bb2f49,,,Pro,14,686,8232,,,,,monthly,
S-2bef13,A-c16b88,,,Enterprise,45,8955,107460,,,,,monthly,
S-ccf9c8,A-956988,,,Basic,1,19,228,,,,,monthly,
S-8eff6d,A-9b9fe9,,,Pro,9,441,5292,,,,,annual,
S-927235,A-e61e98,,,Basic,19,361,4332,,,,,monthly,
S-0ff1eb,A-cb5333,,,Enterprise,33,6567,78804,,,,,monthly,
S-c287ef,A-6dee43,,,Basic,23,437,5244,,,,,annual,
S-8eb955,A-bcbe98,,,Basic,46,874,10488,,,,,monthly,
S-0891f1,A-e1b9cd,,,Basic,40,760,9120,,,,,annual,
S-266ada,A-794a0b,,,Pro,23,1127,13524,,,,,monthly,
S-e50f43,A-4a4c2d,,,Enterprise,54,10746,128952,,,,,annual,
S-3647aa,A-94d3da,,,Pro,41,0,0,,,,,monthly,
S-cfb886,A-54d94a,,,Pro,27,1323,15876,,,,,annual,
S-15d2d2,A-96bbc6,,,Enterprise,39,7761,93132,,,,,monthly,
S-462bd2,A-e7a1e2,,,Enterprise,3,0,0,,,,,annual,
S-83e7bb,A-781cc0,,,Pro,16,0,0,,,,,annual,
S-5178de,A-e61e98,,,Pro,40,1960,23520,,,,,annual,
S-375190,A-d4ac0e,,,Pro,25,1225,14700,,,,,monthly,
S-2c5e1c,A-4814a3,,,Enterprise,87,17313,207756,,,,,monthly,
S-84e146,A-d82ef9,,,Basic,53,1007,12084,,,,,monthly,
S-5fea89,A-2e3bad,,,Enterprise,61,12139,145668,,,,,monthly,
S-a18bb2,A-09540c,,,Pro,67,3283,39396,,,,,monthly,
S-41d4ca,A-90a8c8,,,Pro,21,0,0,,,,,monthly,
S-c6acda,A-1e1b80,,,Enterprise,50,0,0,,,,,annual,
S-918151,A-855a48,,,Enterprise,27,5373,64476,,,,,annual,
S-38a5fb,A-6843f2,,,Enterprise,21,4179,50148,,,,,monthly,
S-dea1f5,A-bb1eaa,,,Basic,21,399,4788,,,,,annual,
S-fee7b2,A-1986ca,,,Enterprise,31,6169,74028,,,,,monthly,
S-875645,A-2d1036,,,Basic,69,1311,15732,,,,,monthly,
S-f018e9,A-019782,,,Basic,14,266,3192,,,,,annual,
S-8a74bb,A-ac9111,,,Enterprise,36,0,0,,,,,monthly,
S-2aa395,A-c45b23,,,Basic,5,95,1140,,,,,monthly,
S-7de656,A-f17767,,,Pro,14,686,8232,,,,,annual,
S-f2ccdd,A-956988,,,Enterprise,32,6368,76416,,,,,annual,
S-e2fd71,A-158f4e,,,Basic,61,1159,13908,,,,,monthly,
S-9b493e,A-5b051a,,,Basic,22,418,5016,,,,,monthly,
S-742e23,A-aa9511,,,Pro,23,1127,13524,,,,,annual,
S-e7fe6f,A-35083d,,,Pro,42,2058,24696,,,,,annual,
S-2940a5,A-b2225d,,,Enterprise,47,0,0,,,,,annual,
S-0fc93f,A-5fe118,,,Basic,39,741,8892,,,,,annual,
S-81a509,A-8b25f2,,,Basic,11,209,2508,,,,,annual,
S-62f5b1,A-20736a,,,Enterprise,50,9950,119400,,,,,annual,
S-a801d1,A-4c38bc,,,Enterprise,36,7164,85968,,,,,monthly,
S-ad1e4a,A-d3c88e,,,Basic,16,0,0,,,,,monthly,
S-ad3ef7,A-35083d,,,Enterprise,19,0,0,,,,,annual,
S-a5a40b,A-180abf,,,Enterprise,64,12736,152832,,,,,annual,
S-05b245,A-e61e98,,,Enterprise,34,6766,81192,,,,,annual,
S-3cc641,A-3be56b,,,Basic,7,133,1596,,,,,monthly,
S-f973d4,A-5247b3,,,Pro,24,1176,14112,,,,,monthly,
S-f25e72,A-66224b,,,Pro,92,4508,54096,,,,,annual,
S-4f81c2,A-ed510f,,,Pro,42,2058,24696,,,,,monthly,
S-b65ff3,A-c37601,,,Enterprise,6,1194,14328,,,,,annual,
S-5f5b36,A-d42431,,,Enterprise,22,4378,52536,,,,,monthly,
S-e5c35c,A-66224b,,,Enterprise,92,18308,219696,,,,,monthly,
S-bc66af,A-157070,,,Pro,18,882,10584,,,,,monthly,
S-eff39c,A-118f1c,,,Enterprise,32,6368,76416,,,,,annual,
S-3c0075,A-9123ac,,,Basic,11,209,2508,,,,,monthly,
S-aaaa83,A-712533,,,Basic,45,0,0,,,,,monthly,
S-a09141,A-e3bd71,,,Enterprise,31,6169,74028,,,,,annual,
S-19edee,A-55f257,,,Enterprise,21,4179,50148,,,,,monthly,
S-6f0169,A-86cdb4,,,Pro,3,147,1764,,,,,monthly,
S-bfdb45,A-cb6cc6,,,Enterprise,13,0,0,,,,,annual,
S-9da0f3,A-1d5444,,,Enterprise,41,8159,97908,,,,,monthly,
S-68adfa,A-7f29a7,,,Basic,41,0,0,,,,,monthly,
S-fcd231,A-712426,,,Enterprise,63,0,0,,,,,annual,
S-9a1e04,A-de24d5,,,Enterprise,5,995,11940,,,,,annual,
S-38b3b4,A-533452,,,Enterprise,26,5174,62088,,,,,annual,
S-b69fa2,A-029f69,,,Pro,27,1323,15876,,,,,monthly,
S-a924c2,A-3cc791,,,Pro,6,294,3528,,,,,annual,
S-05553e,A-bc87bc,,,Enterprise,31,6169,74028,,,,,annual,
S-6ace80,A-6f8ad2,,,Enterprise,7,1393,16716,,,,,monthly,
S-0b2faf,A-c45b23,,,Basic,15,0,0,,,,,monthly,
S-c01d79,A-296d7c,,,Basic,24,0,0,,,,,monthly,
S-df69fe,A-e7a1e2,,,Enterprise,44,8756,105072,,,,,annual,
S-f9d635,A-a1b80b,,,Enterprise,52,10348,124176,,,,,monthly,
S-d96652,A-503d5a,,,Enterprise,7,0,0,,,,,monthly,
S-869bba,A-b9f5b1,,,Enterprise,15,0,0,,,,,annual,
S-7c1eb9,A-d3c88e,,,Basic,21,399,4788,,,,,annual,
S-3f00dc,A-6f50ae,,,Pro,19,931,11172,,,,,annual,
S-60ea07,A-3be56b,,,Pro,14,686,8232,,,,,annual,
S-7052a5,A-d5a319,,,Basic,16,304,3648,,,,,annual,
S-1b713e,A-1d5444,,,Basic,24,0,0,,,,,annual,
S-63e79e,A-7c5768,,,Enterprise,25,0,0,,,,,annual,
S-a54fb2,A-8ae05d,,,Basic,86,1634,19608,,,,,annual,
S-07734f,A-b7ef83,,,Basic,8,152,1824,,,,,annual,
S-6015db,A-b179bf,,,Enterprise,43,8557,102684,,,,,annual,
S-1e3a06,A-2b9d3e,,,Enterprise,2,398,4776,,,,,monthly,
S-82a67a,A-712426,,,Pro,15,735,8820,,,,,annual,
S-531e3a,A-e5d6ab,,,Basic,39,741,8892,,,,,monthly,
S-7d8dde,A-3932db,,,Enterprise,35,6965,83580,,,,,monthly,
S-f00f7e,A-35083d,,,Pro,25,1225,14700,,,,,monthly,
S-92f78a,A-6e08f3,,,Enterprise,11,2189,26268,,,,,monthly,
S-1200b3,A-32fb14,,,Basic,26,494,5928,,,,,annual,
S-e2799b,A-4c56c9,,,Enterprise,13,2587,31044,,,,,monthly,
S-155b3e,A-18793f,,,Enterprise,148,29452,353424,,,,,annual,
S-691bff,A-9174e0,,,Basic,37,703,8436,,,,,annual,
S-5ddf8d,A-7f6b86,,,Basic,45,855,10260,,,,,annual,
S-57019e,A-ad296b,,,Pro,38,0,0,,,,,annual,
S-36480d,A-52dd88,,,Pro,30,1470,17640,,,,,annual,
S-ad7716,A-af0cd2,,,Pro,19,931,11172,,,,,annual,
S-6cd38d,A-202b67,,,Basic,22,418,5016,,,,,annual,
S-88c79e,A-e3bd71,,,Enterprise,31,6169,74028,,,,,monthly,
S-42fb01,A-bece89,,,Pro,28,1372,16464,,,,,monthly,
S-393c51,A-ba6516,,,Basic,27,513,6156,,,,,annual,
S-29ec80,A-625d0b,,,Enterprise,9,1791,21492,,,,,annual,
S-9bf16e,A-533452,,,Pro,9,441,5292,,,,,monthly,
S-5d5a8d,A-2922b6,,,Pro,15,735,8820,,,,,annual,
S-b18d59,A-bd4708,,,Pro,37,1813,21756,,,,,annual,
S-56cb4f,A-cab532,,,Pro,23,1127,13524,,,,,annual,
S-3fa87d,A-81edc3,,,Enterprise,5,995,11940,,,,,monthly,
S-96e3e8,A-d3c88e,,,Basic,16,304,3648,,,,,monthly,
S-b834a9,A-dcc3f1,,,Basic,26,494,5928,,,,,annual,
S-7452a4,A-118d55,,,Enterprise,29,5771,69252,,,,,monthly,
S-7b65f4,A-7f29a7,,,Basic,41,779,9348,,,,,monthly,
S-a3300f,A-81edc3,,,Enterprise,5,995,11940,,,,,annual,
S-a9b904,A-7641d3,,,Basic,8,152,1824,,,,,monthly,
S-43b6e9,A-bbc346,,,Enterprise,27,5373,64476,,,,,monthly,
S-eec4d5,A-0532a9,,,Basic,19,361,4332,,,,,annual,
S-7ac30a,A-54ecc2,,,Enterprise,5,995,11940,,,,,annual,
S-c696fa,A-db5e9e,,,Basic,9,171,2052,,,,,monthly,
S-86ed20,A-3f9cc0,,,Enterprise,22,4378,52536,,,,,monthly,
S-dda681,A-8bde0c,,,Pro,12,588,7056,,,,,monthly,
S-88d746,A-0aaf6e,,,Enterprise,18,3582,42984,,,,,monthly,
S-fc01ba,A-ba6516,,,Pro,35,0,0,,,,,monthly,
S-0586ad,A-7920cc,,,Enterprise,39,7761,93132,,,,,monthly,
S-24631a,A-4d1e75,,,Basic,20,380,4560,,,,,monthly,
S-3d0e5c,A-dcc2f0,,,Enterprise,19,0,0,,,,,monthly,
S-519509,A-1ac5e0,,,Basic,33,627,7524,,,,,annual,
S-8b9deb,A-6c093d,,,Pro,7,343,4116,,,,,monthly,
S-31178d,A-b7ef83,,,Pro,26,1274,15288,,,,,annual,
S-b29d83,A-51ec1b,,,Basic,11,209,2508,,,,,annual,
S-a384d2,A-d62e02,,,Enterprise,21,4179,50148,,,,,monthly,
S-a61485,A-d922bf,,,Enterprise,32,6368,76416,,,,,monthly,
S-d1f12e,A-3a5ad8,,,Enterprise,31,6169,74028,,,,,monthly,
S-021985,A-66224b,,,Enterprise,92,18308,219696,,,,,monthly,
S-6cb472,A-922109,,,Pro,8,392,4704,,,,,annual,
S-fdb8f1,A-09316c,,,Enterprise,70,13930,167160,,,,,annual,
S-d9d52b,A-22d9d2,,,Pro,30,1470,17640,,,,,annual,
S-6754a4,A-1f559b,,,Basic,10,190,2280,,,,,annual,
S-b11cdb,A-05d3b3,,,Basic,24,456,5472,,,,,annual,
S-a84e7f,A-e89151,,,Enterprise,8,1592,19104,,,,,annual,
S-4f3f73,A-1b9609,,,Pro,4,196,2352,,,,,annual,
S-164594,A-c42f1f,,,Basic,15,285,3420,,,,,annual,
S-aef18a,A-4a267b,,,Pro,25,0,0,,,,,annual,
S-16dc40,A-ce550d,,,Pro,51,2499,29988,,,,,monthly,
S-a8299c,A-e60f9d,,,Enterprise,29,5771,69252,,,,,monthly,
S-842582,A-104f1a,,,Pro,45,0,0,,,,,annual,
S-6956dc,A-40906c,,,Pro,92,4508,54096,,,,,annual,
S-2aad81,A-700ade,,,Basic,7,133,1596,,,,,annual,
S-f09511,A-4437e4,,,Enterprise,3,597,7164,,,,,monthly,
S-52d03a,A-342303,,,Enterprise,10,0,0,,,,,annual,
S-70b537,A-526d93,,,Enterprise,43,8557,102684,,,,,annual,
S-8e7d28,A-7f6b86,,,Pro,45,0,0,,,,,monthly,
S-3128b4,A-30b4ca,,,Enterprise,86,17114,205368,,,,,monthly,
S-ce9977,A-42e5e1,,,Enterprise,53,0,0,,,,,monthly,
S-16486d,A-0651a4,,,Pro,16,784,9408,,,,,monthly,
S-c5835c,A-812c5b,,,Basic,55,0,0,,,,,monthly,
S-890baf,A-6e7827,,,Pro,3,147,1764,,,,,monthly,
S-ec0efa,A-45ce7a,,,Basic,22,418,5016,,,,,monthly,
S-09ada1,A-87aa7b,,,Basic,24,456,5472,,,,,annual,
S-2ecaea,A-756192,,,Enterprise,25,4975,59700,,,,,monthly,
S-0d86a4,A-700ade,,,Pro,12,588,7056,,,,,monthly,
S-a2f231,A-1f559b,,,Pro,59,2891,34692,,,,,monthly,
S-dbcf87,A-a8d89d,,,Enterprise,13,2587,31044,,,,,monthly,
S-d6e421,A-fd7ad3,,,Pro,10,0,0,,,,,annual,
S-50815c,A-e3bd71,,,Basic,31,589,7068,,,,,monthly,
S-25ec8c,A-6965e1,,,Pro,16,0,0,,,,,monthly,
S-180b6c,A-f3ff05,,,Basic,30,570,6840,,,,,monthly,
S-ae20d8,A-9289f6,,,Basic,12,228,2736,,,,,annual,
S-cb3c72,A-69b156,,,Enterprise,13,2587,31044,,,,,monthly,
S-7bb339,A-fa3095,,,Enterprise,70,13930,167160,,,,,annual,
S-374d5f,A-fabe19,,,Enterprise,5,995,11940,,,,,annual,
S-2f7250,A-3ce5b8,,,Pro,36,1764,21168,,,,,monthly,
S-1d081a,A-ad3abd,,,Pro,44,2156,25872,,,,,annual,
S-0e9f04,A-7c83a1,,,Enterprise,12,2388,28656,,,,,monthly,
S-d7163c,A-118d55,,,Pro,11,539,6468,,,,,monthly,
S-3bdedd,A-378b99,,,Basic,59,1121,13452,,,,,monthly,
S-14a95a,A-ffc04f,,,Pro,20,980,11760,,,,,monthly,
S-f15008,A-0aaf6e,,,Pro,12,588,7056,,,,,annual,
S-c76699,A-f9cc74,,,Basic,30,570,6840,,,,,monthly,
S-7456c5,A-8ae3fc,,,Basic,9,171,2052,,,,,monthly,
S-947b62,A-34ea2f,,,Enterprise,16,3184,38208,,,,,annual,
S-7b2efe,A-af0cd2,,,Basic,19,361,4332,,,,,monthly,
S-92421b,A-4e631b,,,Pro,22,0,0,,,,,monthly,
S-ede618,A-463db0,,,Pro,15,735,8820,,,,,annual,
S-65b963,A-e888d1,,,Basic,22,0,0,,,,,monthly,
S-adbb41,A-9289f6,,,Enterprise,24,0,0,,,,,annual,
S-ce6528,A-4a4c2d,,,Basic,54,1026,12312,,,,,annual,
S-c45df0,A-a45270,,,Enterprise,3,597,7164,,,,,monthly,
S-faee8b,A-56962b,,,Pro,163,0,0,,,,,monthly,
S-9bb9da,A-0be015,,,Pro,26,0,0,,,,,monthly,
S-913134,A-bbc346,,,Basic,40,760,9120,,,,,monthly,
S-0ada66,A-c4ea60,,,Enterprise,18,3582,42984,,,,,monthly,
S-75fe32,A-3793ee,,,Pro,49,2401,28812,,,,,annual,
S-1dfdd0,A-712426,,,Basic,13,247,2964,,,,,monthly,
S-4815a3,A-19b2c8,,,Basic,22,418,5016,,,,,monthly,
S-691d69,A-cea1f0,,,Enterprise,22,4378,52536,,,,,monthly,
S-e90e70,A-f51f16,,,Basic,2,38,456,,,,,annual,
S-8eb6df,A-c7ffc2,,,Enterprise,30,5970,71640,,,,,monthly,
S-4dae4f,A-6e08f3,,,Enterprise,20,3980,47760,,,,,monthly,
S-f4376f,A-9ee962,,,Basic,9,171,2052,,,,,annual,
S-ce5e0e,A-158f4e,,,Pro,61,2989,35868,,,,,annual,
S-5bc71c,A-d77f4c,,,Basic,8,152,1824,,,,,monthly,
S-80af85,A-2edab2,,,Basic,17,323,3876,,,,,annual,
S-9a115f,A-f5641b,,,Enterprise,45,8955,107460,,,,,monthly,
S-a959a3,A-ad3abd,,,Enterprise,44,8756,105072,,,,,monthly,
S-6def60,A-1e1b80,,,Basic,50,950,11400,,,,,monthly,
S-2a57b3,A-7e0a10,,,Basic,46,874,10488,,,,,annual,
S-b39049,A-4e44e8,,,Pro,18,0,0,,,,,monthly,
S-802cc6,A-eafc6e,,,Enterprise,34,6766,81192,,,,,annual,
S-19c44c,A-8b0451,,,Basic,41,779,9348,,,,,monthly,
S-396a83,A-1b7577,,,Enterprise,4,796,9552,,,,,monthly,
S-d1aacf,A-c70870,,,Basic,31,589,7068,,,,,annual,
S-2beaee,A-ffdfd5,,,Pro,92,4508,54096,,,,,annual,
S-16e21f,A-82d8a6,,,Enterprise,27,5373,64476,,,,,annual,
S-a918f3,A-d27f50,,,Enterprise,44,8756,105072,,,,,monthly,
S-b4b400,A-35083d,,,Pro,19,931,11172,,,,,annual,
S-52699f,A-df10db,,,Basic,14,266,3192,,,,,monthly,
S-52404a,A-cd458b,,,Basic,26,494,5928,,,,,annual,
S-dacc80,A-6965e1,,,Basic,13,247,2964,,,,,monthly,
S-91c435,A-dfbd31,,,Basic,14,266,3192,,,,,monthly,
S-64d514,A-65aeb5,,,Enterprise,56,11144,133728,,,,,annual,
S-006fed,A-ac9111,,,Basic,21,399,4788,,,,,monthly,
S-2aafa6,A-bbc346,,,Enterprise,19,3781,45372,,,,,annual,
S-1577c3,A-544d0a,,,Basic,3,0,0,,,,,monthly,
S-3ea3af,A-019782,,,Pro,11,539,6468,,,,,monthly,
S-615537,A-7f4db3,,,Pro,16,784,9408,,,,,annual,
S-fc8463,A-4e44e8,,,Basic,10,190,2280,,,,,annual,
S-8106d9,A-3a5ad8,,,Pro,36,1764,21168,,,,,monthly,
S-5b699e,A-b7b7b7,,,Basic,24,456,5472,,,,,annual,
S-021297,A-5ed98d,,,Enterprise,24,4776,57312,,,,,annual,
S-0f7a92,A-700ade,,,Pro,1,49,588,,,,,monthly,
S-85caaf,A-089363,,,Pro,2,98,1176,,,,,annual,
S-d8a52e,A-cc102e,,,Enterprise,15,2985,35820,,,,,monthly,
S-7b3fd3,A-5a92e7,,,Enterprise,4,796,9552,,,,,annual,
S-9a1297,A-b11cd0,,,Pro,26,1274,15288,,,,,annual,
S-858aa0,A-6da850,,,Enterprise,25,4975,59700,,,,,annual,
S-8b345c,A-c43359,,,Pro,38,0,0,,,,,monthly,
S-456829,A-f92792,,,Pro,26,1274,15288,,,,,annual,
S-c2cc5c,A-2bc93d,,,Enterprise,20,3980,47760,,,,,annual,
S-2126cd,A-f45426,,,Pro,9,441,5292,,,,,monthly,
S-91ab2e,A-c62e55,,,Pro,34,1666,19992,,,,,annual,
S-8cba1c,A-4814a3,,,Enterprise,87,0,0,,,,,monthly,
S-6ee525,A-9badbd,,,Enterprise,23,4577,54924,,,,,annual,
S-400e62,A-0f3e88,,,Basic,14,266,3192,,,,,annual,
S-5f2554,A-81edc3,,,Pro,12,588,7056,,,,,monthly,
S-877508,A-b3fe05,,,Pro,11,0,0,,,,,annual,
S-37b367,A-a8d89d,,,Basic,13,247,2964,,,,,annual,
S-ac6547,A-b20d99,,,Basic,20,380,4560,,,,,annual,
S-525864,A-a09355,,,Pro,14,686,8232,,,,,monthly,
S-856627,A-b48f73,,,Pro,80,3920,47040,,,,,annual,
S-195cd5,A-ae052e,,,Pro,40,1960,23520,,,,,monthly,
S-4e4ab7,A-eb1312,,,Basic,25,475,5700,,,,,monthly,
S-cfca40,A-7d514c,,,Enterprise,34,6766,81192,,,,,monthly,
S-a82909,A-3a5ad8,,,Enterprise,70,13930,167160,,,,,annual,
S-ab212b,A-f1f639,,,Basic,2,38,456,,,,,monthly,
S-92e1fc,A-45ce7a,,,Pro,16,0,0,,,,,monthly,
S-add36b,A-e3bd71,,,Enterprise,31,6169,74028,,,,,monthly,
S-dcde3f,A-ffc04f,,,Pro,13,0,0,,,,,monthly,
S-94fa70,A-1b7577,,,Pro,41,2009,24108,,,,,monthly,
S-80f65d,A-474ad4,,,Basic,23,437,5244,,,,,monthly,
S-1b373c,A-5b1bcd,,,Pro,73,3577,42924,,,,,annual,
S-54a3ed,A-f446b6,,,Pro,5,245,2940,,,,,monthly,
S-77c22b,A-6c093d,,,Enterprise,7,1393,16716,,,,,annual,
S-bf9e6d,A-9779ad,,,Enterprise,40,7960,95520,,,,,annual,
S-9daaad,A-e693b6,,,Enterprise,55,0,0,,,,,monthly,
S-d316df,A-726cfa,,,Basic,33,627,7524,,,,,annual,
S-d106d4,A-19b2c8,,,Enterprise,20,3980,47760,,,,,monthly,
S-4757c8,A-32728c,,,Basic,42,798,9576,,,,,annual,
S-504bce,A-474ad4,,,Enterprise,41,0,0,,,,,annual,
S-16be20,A-9c18c4,,,Pro,11,539,6468,,,,,monthly,
S-2ae5d8,A-c9bb3e,,,Pro,5,245,2940,,,,,monthly,
S-6522e4,A-9f0b68,,,Basic,22,418,5016,,,,,annual,
S-bc736c,A-d49cc5,,,Basic,50,950,11400,,,,,monthly,
S-1b7677,A-ced9aa,,,Enterprise,6,1194,14328,,,,,annual,
S-b8d2f6,A-17939a,,,Basic,19,0,0,,,,,monthly,
S-509f0d,A-794a0b,,,Pro,35,1715,20580,,,,,monthly,
S-708ac6,A-ab438f,,,Enterprise,30,5970,71640,,,,,monthly,
S-81510a,A-b54c01,,,Pro,29,1421,17052,,,,,annual,
S-80c24c,A-139c3b,,,Pro,17,833,9996,,,,,monthly,
S-843a53,A-bb1eaa,,,Enterprise,21,4179,50148,,,,,annual,
S-3b5031,A-dcc2f0,,,Pro,22,1078,12936,,,,,annual,
S-a29ba3,A-95b24a,,,Enterprise,38,7562,90744,,,,,monthly,
S-ce7c30,A-075038,,,Enterprise,17,3383,40596,,,,,monthly,
S-90c2a9,A-ced9aa,,,Pro,3,147,1764,,,,,annual,
S-3c52a6,A-2f6a32,,,Basic,19,361,4332,,,,,annual,
S-44ed0c,A-993085,,,Enterprise,31,6169,74028,,,,,annual,
S-2c9cea,A-df1e44,,,Basic,35,0,0,,,,,annual,
S-47cf94,A-e5d6ab,,,Basic,35,665,7980,,,,,annual,
S-f3d5d7,A-49b828,,,Enterprise,20,3980,47760,,,,,annual,
S-519f1c,A-0354fe,,,Basic,34,646,7752,,,,,monthly,
S-b75eaa,A-bf7919,,,Basic,12,228,2736,,,,,monthly,
S-106283,A-a45270,,,Enterprise,23,4577,54924,,,,,annual,
S-f093d0,A-f19b24,,,Pro,29,1421,17052,,,,,monthly,
S-9c19fe,A-bd4513,,,Enterprise,50,9950,119400,,,,,monthly,
S-f27134,A-d4ac0e,,,Basic,29,551,6612,,,,,annual,
S-ef83b4,A-a09355,,,Enterprise,33,6567,78804,,,,,monthly,
S-00fcc5,A-40de06,,,Basic,62,1178,14136,,,,,annual,
S-a6f0f1,A-d792a6,,,Pro,4,196,2352,,,,,annual,
S-2c4527,A-6965e1,,,Pro,13,637,7644,,,,,annual,
S-0144ac,A-5a215a,,,Enterprise,87,17313,207756,,,,,monthly,
S-8a50a0,A-cb5333,,,Basic,33,627,7524,,,,,monthly,
S-363c29,A-e7beab,,,Enterprise,21,4179,50148,,,,,annual,
S-f28cde,A-cdf020,,,Pro,23,1127,13524,,,,,annual,
S-ef00f5,A-e36807,,,Basic,6,114,1368,,,,,annual,
S-dbe2ac,A-5f7781,,,Basic,22,418,5016,,,,,annual,
S-b8fcc5,A-dbc825,,,Basic,85,1615,19380,,,,,annual,
S-37b6b2,A-4c6f11,,,Pro,24,1176,14112,,,,,annual,
S-a83bf1,A-089363,,,Basic,40,760,9120,,,,,monthly,
S-e301c9,A-1e1b80,,,Enterprise,50,0,0,,,,,monthly,
S-762cae,A-6e08f3,,,Pro,18,882,10584,,,,,annual,
S-261a8d,A-b2225d,,,Pro,47,2303,27636,,,,,monthly,
S-1c5955,A-378b99,,,Pro,12,588,7056,,,,,annual,
S-a99771,A-3c1a3f,,,Basic,25,0,0,,,,,annual,
S-ad02b5,A-c58f49,,,Enterprise,70,13930,167160,,,,,monthly,
S-e267d1,A-4a4c2d,,,Enterprise,54,10746,128952,,,,,annual,
S-0c4162,A-a8b49c,,,Basic,19,0,0,,,,,monthly,
S-49b640,A-956988,,,Enterprise,9,1791,21492,,,,,monthly,
S-327a60,A-1f0ac7,,,Basic,47,893,10716,,,,,annual,
S-9a41e6,A-9289f6,,,Enterprise,10,1990,23880,,,,,annual,
S-e1081c,A-5fe118,,,Enterprise,39,7761,93132,,,,,monthly,
S-f44c76,A-58b9ff,,,Pro,14,686,8232,,,,,monthly,
S-8e169f,A-0dbdc6,,,Pro,30,0,0,,,,,annual,
S-68e134,A-dbc825,,,Basic,19,361,4332,,,,,monthly,
S-7820a5,A-019782,,,Pro,15,735,8820,,,,,monthly,
S-d8c527,A-0a62f5,,,Basic,25,475,5700,,,,,monthly,
S-d30894,A-71615e,,,Enterprise,15,2985,35820,,,,,annual,
S-632337,A-7da956,,,Enterprise,14,2786,33432,,,,,monthly,
S-3d4f7a,A-ed510f,,,Pro,42,2058,24696,,,,,monthly,
S-956036,A-d922bf,,,Enterprise,30,5970,71640,,,,,annual,
S-873a22,A-fabe19,,,Enterprise,12,2388,28656,,,,,monthly,
S-868325,A-ac85cd,,,Basic,53,1007,12084,,,,,monthly,
S-0e8b21,A-8adedc,,,Basic,22,418,5016,,,,,monthly,
S-f50afe,A-117171,,,Basic,45,855,10260,,,,,annual,
S-28a4b7,A-1e1b80,,,Enterprise,50,9950,119400,,,,,annual,
S-3d46f8,A-3932db,,,Basic,23,437,5244,,,,,monthly,
S-bc0806,A-d792a6,,,Enterprise,4,796,9552,,,,,monthly,
S-9171f0,A-43a9e3,,,Basic,27,513,6156,,,,,annual,
S-38eb77,A-417d2f,,,Enterprise,26,5174,62088,,,,,monthly,
S-f3ff06,A-249769,,,Pro,8,392,4704,,,,,annual,
S-ecb8d5,A-df1e44,,,Basic,35,665,7980,,,,,annual,
S-1fddda,A-51ec1b,,,Enterprise,18,3582,42984,,,,,monthly,
S-876f0b,A-4c56c9,,,Basic,9,171,2052,,,,,annual,
S-5a5bdb,A-96bbc6,,,Pro,64,3136,37632,,,,,annual,
S-76a214,A-00bed1,,,Enterprise,49,9751,117012,,,,,annual,
S-4a89a7,A-10b8f2,,,Basic,47,893,10716,,,,,monthly,
S-c43a91,A-0e966d,,,Pro,13,637,7644,,,,,annual,
S-0a8200,A-5b1bcd,,,Enterprise,73,14527,174324,,,,,annual,
S-ece5a5,A-9ee962,,,Pro,30,1470,17640,,,,,annual,
S-80ed6b,A-b7b7b7,,,Pro,24,1176,14112,,,,,annual,
S-19950d,A-f9cc74,,,Pro,30,1470,17640,,,,,annual,
S-aaf847,A-ffc04f,,,Enterprise,13,2587,31044,,,,,monthly,
S-5d0f41,A-956988,,,Pro,23,1127,13524,,,,,monthly,
S-d041d2,A-054577,,,Pro,2,0,0,,,,,monthly,
S-4c6ee1,A-8bde0c,,,Pro,15,735,8820,,,,,annual,
S-991d05,A-cdf020,,,Pro,39,1911,22932,,,,,annual,
S-a3ab14,A-fdfc91,,,Pro,29,1421,17052,,,,,annual,
S-70c743,A-a2485e,,,Pro,68,3332,39984,,,,,annual,
S-c52d77,A-6e7827,,,Pro,1,49,588,,,,,monthly,
S-5d5250,A-afa505,,,Pro,70,3430,41160,,,,,monthly,
S-5f40a3,A-6da850,,,Basic,5,0,0,,,,,monthly,
S-b23d8d,A-2d1036,,,Basic,69,1311,15732,,,,,annual,
S-87db32,A-526d93,,,Enterprise,49,9751,117012,,,,,monthly,
S-38dcab,A-ad3abd,,,Basic,44,836,10032,,,,,annual,
S-aa7247,A-c7ffc2,,,Basic,30,570,6840,,,,,monthly,
S-58ccb4,A-bb1486,,,Pro,41,2009,24108,,,,,monthly,
S-3b5458,A-98a59a,,,Enterprise,56,11144,133728,,,,,monthly,
S-a9b8a2,A-b78bf8,,,Pro,33,1617,19404,,,,,annual,
S-41cf50,A-fa2041,,,Enterprise,15,2985,35820,,,,,monthly,
S-48d2b5,A-9c18c4,,,Basic,12,228,2736,,,,,monthly,
S-be655e,A-7f29a7,,,Basic,41,779,9348,,,,,annual,
S-8985d3,A-016043,,,Basic,26,494,5928,,,,,monthly,
S-9bf1a0,A-3932db,,,Basic,41,779,9348,,,,,monthly,
S-4571b1,A-df1e44,,,Basic,12,228,2736,,,,,annual,
S-1b4be3,A-b44e3e,,,Pro,40,1960,23520,,,,,annual,
S-ab37ae,A-f92792,,,Basic,6,0,0,,,,,monthly,
S-c23126,A-a45270,,,Enterprise,11,2189,26268,,,,,annual,
S-150930,A-592832,,,Enterprise,42,8358,100296,,,,,monthly,
S-7dcec3,A-c37601,,,Enterprise,15,2985,35820,,,,,annual,
S-88338a,A-503d5a,,,Enterprise,56,11144,133728,,,,,annual,
S-869430,A-9affe6,,,Pro,29,1421,17052,,,,,monthly,
S-5e6790,A-ba6516,,,Pro,27,1323,15876,,,,,monthly,
S-55ef07,A-94f8c9,,,Enterprise,13,2587,31044,,,,,annual,
S-8cc2e2,A-4437e4,,,Pro,27,1323,15876,,,,,monthly,
S-f71bb0,A-e51ec7,,,Enterprise,2,398,4776,,,,,annual,
S-cb7ea9,A-51ec1b,,,Enterprise,7,1393,16716,,,,,monthly,
S-9c06f8,A-692f18,,,Pro,19,931,11172,,,,,annual,
S-637b20,A-ac9111,,,Enterprise,56,0,0,,,,,monthly,
S-0b46b0,A-de24d5,,,Enterprise,7,1393,16716,,,,,monthly,
S-071ade,A-aa9511,,,Basic,23,437,5244,,,,,annual,
S-08a5fd,A-b9eed8,,,Enterprise,34,6766,81192,,,,,monthly,
S-acf8ce,A-78f02b,,,Pro,179,8771,105252,,,,,monthly,
S-104941,A-fdfc91,,,Basic,29,551,6612,,,,,monthly,
S-a91e0c,A-22f2df,,,Enterprise,5,995,11940,,,,,monthly,
S-115423,A-7f8241,,,Pro,34,1666,19992,,,,,annual,
S-6ef81d,A-0b0d6d,,,Basic,25,475,5700,,,,,annual,
S-fe25ff,A-410e86,,,Enterprise,24,4776,57312,,,,,annual,
S-c3d2f9,A-1d5444,,,Basic,24,456,5472,,,,,annual,
S-decbf7,A-a33200,,,Enterprise,29,5771,69252,,,,,annual,
S-ae4310,A-5790f4,,,Pro,20,0,0,,,,,monthly,
S-9e8ce0,A-7f29a7,,,Pro,41,2009,24108,,,,,annual,
S-6d51c5,A-2f6a32,,,Pro,23,1127,13524,,,,,annual,
S-c0127d,A-5c9849,,,Enterprise,19,0,0,,,,,monthly,
S-9b08ae,A-ccabf0,,,Pro,21,1029,12348,,,,,monthly,
S-26836c,A-4437e4,,,Basic,9,0,0,,,,,monthly,
S-a603dd,A-560d27,,,Basic,23,437,5244,,,,,monthly,
S-94b283,A-186a44,,,Basic,20,0,0,,,,,monthly,
S-f7b517,A-427b69,,,Pro,17,0,0,,,,,monthly,
S-09c1df,A-b7724f,,,Pro,1,49,588,,,,,annual,
S-50aaaa,A-af0cd2,,,Pro,19,931,11172,,,,,monthly,
S-fbee8e,A-8ed5dd,,,Enterprise,5,995,11940,,,,,annual,
S-7e145e,A-0b0d6d,,,Enterprise,52,10348,124176,,,,,annual,
S-0e12c9,A-bcf87c,,,Basic,51,0,0,,,,,monthly,
S-4f3461,A-b78bf8,,,Enterprise,33,0,0,,,,,monthly,
S-56886a,A-e19ff6,,,Enterprise,3,0,0,,,,,annual,
S-fd0d21,A-2446e3,,,Basic,27,0,0,,,,,annual,
S-f0081e,A-b7ef83,,,Enterprise,45,8955,107460,,,,,monthly,
S-cf30e2,A-2789e3,,,Pro,11,0,0,,,,,monthly,
S-3c9178,A-17939a,,,Basic,11,209,2508,,,,,monthly,
S-86a4e3,A-e693b6,,,Basic,55,1045,12540,,,,,annual,
S-27514e,A-3f9cc0,,,Basic,22,418,5016,,,,,monthly,
S-aea1bf,A-d49cc5,,,Pro,50,2450,29400,,,,,monthly,
S-41128b,A-45ce7a,,,Enterprise,16,3184,38208,,,,,monthly,
S-a80c62,A-bad8c1,,,Enterprise,12,2388,28656,,,,,monthly,
S-d7497b,A-39b19f,,,Basic,13,247,2964,,,,,monthly,
S-0e7e70,A-50f3f7,,,Pro,31,1519,18228,,,,,annual,
S-2f0815,A-22d9d2,,,Pro,8,392,4704,,,,,monthly,
S-06770c,A-1b7577,,,Basic,81,1539,18468,,,,,monthly,
S-a525b3,A-df10db,,,Pro,7,343,4116,,,,,monthly,
S-f030d4,A-7e0a10,,,Enterprise,70,13930,167160,,,,,annual,
S-b83d8d,A-86902e,,,Enterprise,34,6766,81192,,,,,annual,
S-e78c09,A-b9f5b1,,,Enterprise,15,2985,35820,,,,,annual,
S-19465f,A-039727,,,Basic,25,475,5700,,,,,monthly,
S-b45bc6,A-425e76,,,Enterprise,32,6368,76416,,,,,monthly,
S-35ff7e,A-271f46,,,Basic,38,722,8664,,,,,annual,
S-f932c0,A-1b7577,,,Basic,14,0,0,,,,,annual,
S-c58b17,A-e1462e,,,Pro,46,2254,27048,,,,,annual,
S-b32a70,A-3ce5b8,,,Basic,8,152,1824,,,,,monthly,
S-e3dff3,A-e98302,,,Pro,23,1127,13524,,,,,annual,
S-2b2fa8,A-ed510f,,,Pro,42,2058,24696,,,,,annual,
S-6b3ac8,A-7641d3,,,Pro,61,2989,35868,,,,,monthly,
S-e964b6,A-bcbe98,,,Basic,46,874,10488,,,,,monthly,
S-6c1ca6,A-e1b9cd,,,Pro,40,1960,23520,,,,,monthly,
S-ce887e,A-cd458b,,,Enterprise,10,1990,23880,,,,,annual,
S-95c2e3,A-86cdb4,,,Pro,8,392,4704,,,,,monthly,
S-f55146,A-417d2f,,,Enterprise,14,0,0,,,,,annual,
S-04ec2f,A-faa28c,,,Pro,48,2352,28224,,,,,annual,
S-89a8a2,A-72799b,,,Pro,61,2989,35868,,,,,annual,
S-ac8fd3,A-484819,,,Enterprise,18,3582,42984,,,,,monthly,
S-70addb,A-692f18,,,Basic,10,190,2280,,,,,monthly,
S-1261fb,A-fd7ad3,,,Pro,1,49,588,,,,,monthly,
S-561d54,A-0a282f,,,Pro,1,49,588,,,,,annual,
S-f6f848,A-c37601,,,Pro,6,294,3528,,,,,annual,
S-c021c2,A-bd4708,,,Enterprise,37,7363,88356,,,,,annual,
S-b91501,A-ce66f8,,,Pro,29,1421,17052,,,,,annual,
S-d507da,A-aa9511,,,Enterprise,23,4577,54924,,,,,annual,
S-6bf118,A-50f3f7,,,Basic,117,2223,26676,,,,,monthly,
S-f2f40c,A-7f4db3,,,Enterprise,45,8955,107460,,,,,annual,
S-a9bfe0,A-4bfa33,,,Pro,9,441,5292,,,,,monthly,
S-96bb5c,A-832ec2,,,Basic,12,228,2736,,,,,monthly,
S-fd12a3,A-ed510f,,,Basic,42,798,9576,,,,,annual,
S-7e5af5,A-1d5444,,,Basic,24,456,5472,,,,,annual,
S-3a5c75,A-a8d89d,,,Basic,17,323,3876,,,,,annual,
S-211bc2,A-3b5cd1,,,Enterprise,13,2587,31044,,,,,annual,
S-1f5faf,A-34ea2f,,,Enterprise,8,0,0,,,,,monthly,
S-54b286,A-0532a9,,,Pro,26,1274,15288,,,,,monthly,
S-8cfc1b,A-798a3f,,,Enterprise,26,5174,62088,,,,,annual,
S-3c3a3e,A-0baac2,,,Enterprise,29,5771,69252,,,,,annual,
S-d735d1,A-0f3e88,,,Basic,24,456,5472,,,,,monthly,
S-87b9f7,A-39868b,,,Basic,17,0,0,,,,,annual,
S-bfc2c2,A-7f8241,,,Pro,34,1666,19992,,,,,monthly,
S-d19da0,A-7da956,,,Basic,13,247,2964,,,,,annual,
S-683e1e,A-91e948,,,Enterprise,41,8159,97908,,,,,monthly,
S-b38152,A-f97b9a,,,Enterprise,30,5970,71640,,,,,annual,
S-5f4cc6,A-378b99,,,Pro,16,0,0,,,,,monthly,
S-0fa88d,A-54ecc2,,,Basic,6,114,1368,,,,,monthly,
S-0d4d11,A-d77f4c,,,Basic,41,0,0,,,,,monthly,
S-21393c,A-65a46c,,,Enterprise,9,1791,21492,,,,,monthly,
S-cdde2b,A-c7ffc2,,,Basic,30,570,6840,,,,,monthly,
S-965b1c,A-a8d89d,,,Pro,14,686,8232,,,,,monthly,
S-b4dd00,A-4c56c9,,,Basic,52,988,11856,,,,,annual,
S-c284ce,A-0f3e88,,,Enterprise,11,2189,26268,,,,,monthly,
S-4d260c,A-d5a319,,,Pro,15,0,0,,,,,annual,
S-d9821f,A-faa28c,,,Basic,48,912,10944,,,,,annual,
S-dd8371,A-fa2041,,,Basic,15,285,3420,,,,,annual,
S-7ab68f,A-bcbe98,,,Basic,46,0,0,,,,,annual,
S-c619d6,A-ae052e,,,Pro,39,1911,22932,,,,,annual,
S-4e00a0,A-eb7c38,,,Pro,14,686,8232,,,,,annual,
S-a0af0a,A-e60f9d,,,Enterprise,29,5771,69252,,,,,monthly,
S-a67e83,A-c4ea60,,,Pro,18,882,10584,,,,,monthly,
S-9c735f,A-d49cc5,,,Basic,50,950,11400,,,,,annual,
S-4970c1,A-56962b,,,Basic,163,3097,37164,,,,,annual,
S-a46dd4,A-5a215a,,,Enterprise,87,17313,207756,,,,,annual,
S-96ead2,A-6a4e2d,,,Basic,26,494,5928,,,,,annual,
S-4d8633,A-e83938,,,Pro,31,1519,18228,,,,,monthly,
S-788739,A-700ade,,,Enterprise,13,2587,31044,,,,,monthly,
S-0380a3,A-922109,,,Pro,3,147,1764,,,,,annual,
S-e8eb5c,A-dfbd31,,,Pro,43,2107,25284,,,,,monthly,
S-cb100e,A-ff79f2,,,Basic,53,1007,12084,,,,,annual,
S-c26c22,A-dec005,,,Basic,21,0,0,,,,,annual,
S-1cf9b0,A-922109,,,Pro,9,441,5292,,,,,monthly,
S-26bf58,A-65a46c,,,Pro,37,1813,21756,,,,,monthly,
S-106bf6,A-09540c,,,Basic,67,1273,15276,,,,,monthly,
S-511e50,A-3c1a3f,,,Enterprise,1,199,2388,,,,,annual,
S-69b070,A-a6d261,,,Enterprise,27,5373,64476,,,,,annual,
S-648397,A-5fe118,,,Pro,123,6027,72324,,,,,monthly,
S-3ceff3,A-029f69,,,Enterprise,15,2985,35820,,,,,annual,
S-3d8c2f,A-51ec1b,,,Pro,23,1127,13524,,,,,monthly,
S-1be5a9,A-d26ab4,,,Enterprise,27,5373,64476,,,,,monthly,
S-507731,A-e43bf7,,,Pro,44,2156,25872,,,,,annual,
S-04b127,A-a6d261,,,Basic,9,171,2052,,,,,monthly,
S-e27e43,A-700ade,,,Enterprise,48,9552,114624,,,,,monthly,
S-b099ea,A-ac9111,,,Enterprise,21,4179,50148,,,,,monthly,
S-dcc084,A-526d93,,,Basic,43,817,9804,,,,,monthly,
S-165850,A-d5a319,,,Pro,15,735,8820,,,,,annual,
S-367d84,A-68f37c,,,Pro,11,539,6468,,,,,monthly,
S-db7c1d,A-4814a3,,,Basic,87,1653,19836,,,,,monthly,
S-303f63,A-ba6516,,,Basic,27,513,6156,,,,,monthly,
S-f2b79f,A-65aeb5,,,Pro,9,441,5292,,,,,monthly,
S-806d7b,A-cb5333,,,Basic,37,703,8436,,,,,annual,
S-04fd47,A-0a282f,,,Basic,12,228,2736,,,,,annual,
S-cc9b9d,A-94f8c9,,,Enterprise,13,2587,31044,,,,,annual,
S-76bf6c,A-1f559b,,,Pro,5,245,2940,,,,,annual,
S-46852c,A-58b9ff,,,Enterprise,76,15124,181488,,,,,monthly,
S-9a0b2f,A-756192,,,Pro,19,0,0,,,,,monthly,
S-06447b,A-17939a,,,Pro,1,49,588,,,,,annual,
S-c6e62c,A-a09355,,,Enterprise,14,2786,33432,,,,,annual,
S-b5162d,A-202b67,,,Enterprise,29,5771,69252,,,,,monthly,
S-e98121,A-56962b,,,Enterprise,163,32437,389244,,,,,monthly,
S-2852dd,A-e51ec7,,,Enterprise,10,1990,23880,,,,,monthly,
S-128f55,A-751c58,,,Pro,45,2205,26460,,,,,annual,
S-615487,A-fa3095,,,Basic,70,1330,15960,,,,,annual,
S-c95ecc,A-bb1eaa,,,Enterprise,21,4179,50148,,,,,monthly,
S-a2ee32,A-2922b6,,,Basic,15,285,3420,,,,,monthly,
S-8eab5b,A-2e3bad,,,Pro,61,2989,35868,,,,,annual,
S-3223a2,A-13466a,,,Basic,9,171,2052,,,,,annual,
S-b81ed3,A-ee42db,,,Pro,13,0,0,,,,,annual,
S-d031a4,A-cdf020,,,Pro,44,2156,25872,,,,,monthly,
S-5a2a05,A-9f9299,,,Basic,28,532,6384,,,,,monthly,
S-aa3dd4,A-aa9511,,,Enterprise,58,0,0,,,,,monthly,
S-cfcb11,A-b3fe05,,,Basic,19,0,0,,,,,annual,
S-a5a9b8,A-94c3cd,,,Basic,45,855,10260,,,,,annual,
S-b559da,A-e19ff6,,,Basic,8,152,1824,,,,,annual,
S-43c80c,A-118d55,,,Pro,12,588,7056,,,,,annual,
S-5d5699,A-1b9609,,,Enterprise,35,6965,83580,,,,,annual,
S-e44044,A-eb2fdc,,,Basic,31,589,7068,,,,,annual,
S-83f2e5,A-e1462e,,,Enterprise,29,5771,69252,,,,,monthly,
S-ba3fc7,A-dcc2f0,,,Enterprise,15,2985,35820,,,,,annual,
S-b51d34,A-2d1036,,,Enterprise,69,13731,164772,,,,,annual,
S-8a3abd,A-6f8ad2,,,Pro,26,1274,15288,,,,,annual,
S-f677d3,A-dec005,,,Basic,21,399,4788,,,,,monthly,
S-e7e4bd,A-1f0ac7,,,Enterprise,24,4776,57312,,,,,annual,
S-1c23d2,A-186a44,,,Pro,20,0,0,,,,,monthly,
S-22778a,A-328bd0,,,Basic,18,342,4104,,,,,monthly,
S-c3b622,A-82d8a6,,,Pro,5,0,0,,,,,annual,
S-33598f,A-32fb14,,,Enterprise,26,5174,62088,,,,,annual,
S-32e881,A-029f69,,,Pro,3,0,0,,,,,monthly,
S-0b054a,A-4e960a,,,Basic,40,760,9120,,,,,annual,
S-71c55a,A-296d7c,,,Basic,2,38,456,,,,,annual,
S-269b4a,A-5b1bcd,,,Enterprise,73,14527,174324,,,,,monthly,
S-93592e,A-202b67,,,Pro,61,2989,35868,,,,,monthly,
S-bba658,A-e4bf56,,,Basic,17,323,3876,,,,,monthly,
S-073381,A-2bc93d,,,Basic,14,266,3192,,,,,monthly,
S-c0820a,A-6a7c9d,,,Pro,26,1274,15288,,,,,annual,
S-dd73ac,A-39b19f,,,Enterprise,14,2786,33432,,,,,monthly,
S-e32b16,A-d77f4c,,,Enterprise,29,5771,69252,,,,,annual,
S-070d42,A-684255,,,Pro,23,1127,13524,,,,,annual,
S-396546,A-832ec2,,,Enterprise,19,3781,45372,,,,,monthly,
S-c22c29,A-692f18,,,Enterprise,28,5572,66864,,,,,annual,
S-e73cdf,A-b7ef83,,,Enterprise,44,8756,105072,,,,,annual,
S-1976bb,A-eb2fdc,,,Basic,31,589,7068,,,,,monthly,
S-3f08d7,A-d792a6,,,Enterprise,4,796,9552,,,,,monthly,
S-db6454,A-0f3e88,,,Basic,11,209,2508,,,,,monthly,
S-6ab430,A-b07b56,,,Pro,25,1225,14700,,,,,monthly,
S-04d260,A-d82ef9,,,Pro,26,0,0,,,,,annual,
S-77f7fd,A-425e76,,,Pro,27,1323,15876,,,,,monthly,
S-456d47,A-7da956,,,Enterprise,13,2587,31044,,,,,monthly,
S-9780e9,A-dcc2f0,,,Basic,15,0,0,,,,,annual,
S-e477e9,A-c16101,,,Pro,7,343,4116,,,,,monthly,
S-020dce,A-10b8da,,,Enterprise,14,2786,33432,,,,,monthly,
S-ae6295,A-50f3f7,,,Pro,31,1519,18228,,,,,annual,
S-067c38,A-3b5cd1,,,Basic,16,304,3648,,,,,monthly,
S-0aedf8,A-a7bd4b,,,Basic,48,912,10944,,,,,monthly,
S-8bb388,A-883b7d,,,Enterprise,50,9950,119400,,,,,annual,
S-e8d48e,A-2edab2,,,Enterprise,17,3383,40596,,,,,annual,
S-2d63e2,A-4e960a,,,Pro,12,588,7056,,,,,monthly,
S-4695b8,A-ad64c6,,,Pro,12,588,7056,,,,,annual,
S-2e84f2,A-ee42db,,,Enterprise,13,2587,31044,,,,,annual,
S-9de4eb,A-039727,,,Enterprise,25,4975,59700,,,,,monthly,
S-6100a4,A-b30291,,,Pro,47,0,0,,,,,annual,
S-18565e,A-463db0,,,Enterprise,42,8358,100296,,,,,monthly,
S-012b26,A-df1e44,,,Enterprise,13,2587,31044,,,,,annual,
S-7b7e04,A-7f8241,,,Enterprise,34,6766,81192,,,,,annual,
S-896e2f,A-712426,,,Pro,18,882,10584,,,,,annual,
S-f482de,A-cdf020,,,Basic,23,0,0,,,,,monthly,
S-140813,A-2b9d3e,,,Enterprise,5,995,11940,,,,,annual,
S-a7524a,A-54ecc2,,,Pro,13,637,7644,,,,,monthly,
S-2fc028,A-3b37d9,,,Enterprise,23,4577,54924,,,,,annual,
S-606747,A-65aeb5,,,Enterprise,9,1791,21492,,,,,monthly,
S-92a38d,A-779e4e,,,Basic,19,361,4332,,,,,monthly,
S-c89bff,A-68f37c,,,Basic,12,228,2736,,,,,monthly,
S-3d5e0c,A-b07b56,,,Basic,25,0,0,,,,,monthly,
S-2359a2,A-c7ffc2,,,Enterprise,30,5970,71640,,,,,annual,
S-63c794,A-158f4e,,,Pro,61,2989,35868,,,,,annual,
S-87ebe6,A-d27f50,,,Enterprise,44,8756,105072,,,,,monthly,
S-12c163,A-bb3bd4,,,Enterprise,23,0,0,,,,,annual,
S-684915,A-bd4708,,,Enterprise,37,0,0,,,,,annual,
S-6b7487,A-e61e98,,,Pro,19,931,11172,,,,,annual,
S-911e27,A-4c6f11,,,Basic,35,665,7980,,,,,monthly,
S-a0a358,A-af0cd2,,,Basic,19,361,4332,,,,,annual,
S-373490,A-756192,,,Enterprise,19,0,0,,,,,monthly,
S-94aaef,A-098560,,,Pro,35,1715,20580,,,,,annual,
S-ea66df,A-712533,,,Pro,36,1764,21168,,,,,monthly,
S-2176da,A-cbd1a3,,,Enterprise,18,3582,42984,,,,,monthly,
S-a64940,A-2922b6,,,Enterprise,35,6965,83580,,,,,monthly,
S-289702,A-00bed1,,,Enterprise,28,5572,66864,,,,,annual,
S-30fa6f,A-e1b9cd,,,Pro,40,1960,23520,,,,,monthly,
S-65bb33,A-157070,,,Enterprise,16,3184,38208,,,,,annual,
S-5d434f,A-82861f,,,Pro,41,2009,24108,,,,,monthly,
S-9ea111,A-0354fe,,,Enterprise,34,6766,81192,,,,,monthly,
S-46526e,A-39ddf4,,,Pro,44,2156,25872,,,,,annual,
S-f713a1,A-cb5333,,,Basic,33,627,7524,,,,,annual,
S-5a5338,A-5ed98d,,,Basic,38,0,0,,,,,annual,
S-a94ec7,A-f92792,,,Basic,18,342,4104,,,,,monthly,
S-f9e5e9,A-f19409,,,Pro,23,1127,13524,,,,,annual,
S-8486d2,A-7df7a7,,,Enterprise,30,5970,71640,,,,,annual,
S-b479cd,A-f17767,,,Pro,9,441,5292,,,,,monthly,
S-a5d1e3,A-e19ff6,,,Basic,18,342,4104,,,,,monthly,
S-c1eb68,A-81edc3,,,Basic,32,608,7296,,,,,monthly,
S-f429e0,A-b44e3e,,,Enterprise,79,15721,188652,,,,,annual,
S-0ed0cb,A-cc102e,,,Pro,13,0,0,,,,,monthly,
S-0c43c2,A-0f6450,,,Pro,28,1372,16464,,,,,monthly,
S-73fc8f,A-0dbdc6,,,Enterprise,30,5970,71640,,,,,monthly,
S-4ad7b1,A-3c1a3f,,,Enterprise,2,398,4776,,,,,monthly,
S-909b7f,A-eafc6e,,,Enterprise,27,5373,64476,,,,,monthly,
S-2de449,A-702032,,,Enterprise,28,5572,66864,,,,,annual,
S-7bcd95,A-9123ac,,,Basic,9,171,2052,,,,,monthly,
S-3fb251,A-87aa7b,,,Enterprise,50,0,0,,,,,monthly,
S-69a807,A-40de06,,,Pro,28,1372,16464,,,,,annual,
S-cfaa97,A-c9bb3e,,,Basic,26,494,5928,,,,,monthly,
S-0e6b77,A-7c5768,,,Basic,50,950,11400,,,,,annual,
S-224bca,A-3b5cd1,,,Enterprise,18,3582,42984,,,,,monthly,
S-a68b52,A-e89151,,,Enterprise,44,8756,105072,,,,,annual,
S-aabbf4,A-54d94a,,,Pro,52,2548,30576,,,,,annual,
S-1cefc9,A-10b8f2,,,Pro,48,2352,28224,,,,,annual,
S-61cc6f,A-d4e0d4,,,Enterprise,117,23283,279396,,,,,annual,
S-3b7f8e,A-625d0b,,,Enterprise,9,1791,21492,,,,,monthly,
S-104ed3,A-855a48,,,Basic,14,266,3192,,,,,annual,
S-b86304,A-462d45,,,Pro,19,931,11172,,,,,annual,
S-b192d9,A-ffdfd5,,,Pro,14,0,0,,,,,monthly,
S-b156cf,A-625d0b,,,Pro,9,441,5292,,,,,annual,
S-b859e7,A-ffdfd5,,,Enterprise,4,0,0,,,,,annual,
S-4c9107,A-9208f0,,,Basic,4,76,912,,,,,annual,
S-57e129,A-b11cd0,,,Pro,36,1764,21168,,,,,monthly,
S-79ab7e,A-956988,,,Enterprise,72,0,0,,,,,monthly,
S-8f4f5b,A-7f6b86,,,Pro,45,0,0,,,,,annual,
S-2574a3,A-40de06,,,Enterprise,28,5572,66864,,,,,annual,
S-f30a79,A-ff3c73,,,Basic,21,399,4788,,,,,annual,
S-e702a4,A-78f02b,,,Enterprise,18,3582,42984,,,,,annual,
S-5e0619,A-0b0d6d,,,Pro,6,294,3528,,,,,annual,
S-4fc5ca,A-712f1c,,,Enterprise,75,14925,179100,,,,,annual,
S-457217,A-104f1a,,,Pro,24,1176,14112,,,,,monthly,
S-113e86,A-96bbc6,,,Pro,39,1911,22932,,,,,monthly,
S-9f479f,A-d5a319,,,Basic,17,323,3876,,,,,monthly,
S-3ec165,A-019782,,,Enterprise,16,3184,38208,,,,,annual,
S-7fa78f,A-0651a4,,,Enterprise,16,3184,38208,,,,,monthly,
S-1b4693,A-cd458b,,,Enterprise,15,2985,35820,,,,,monthly,
S-15c444,A-6965e1,,,Pro,13,637,7644,,,,,monthly,
S-d8c6a0,A-af0cd2,,,Basic,57,1083,12996,,,,,annual,
S-e874c1,A-92a3af,,,Pro,34,1666,19992,,,,,monthly,
S-80fa36,A-55f257,,,Pro,9,441,5292,,,,,monthly,
S-5ed335,A-7df7a7,,,Enterprise,13,2587,31044,,,,,monthly,
S-ec56f3,A-92a333,,,Basic,67,1273,15276,,,,,monthly,
S-527b39,A-3d957b,,,Enterprise,14,2786,33432,,,,,monthly,
S-bc5908,A-0354fe,,,Enterprise,34,6766,81192,,,,,monthly,
S-af4e84,A-798a3f,,,Enterprise,12,2388,28656,,,,,annual,
S-6ce794,A-45ce7a,,,Basic,18,342,4104,,,,,monthly,
S-f17152,A-7f6b86,,,Enterprise,59,11741,140892,,,,,annual,
S-0a59be,A-328bd0,,,Enterprise,18,3582,42984,,,,,monthly,
S-6f488b,A-d27f50,,,Basic,44,836,10032,,,,,annual,
S-094e82,A-9ee962,,,Basic,9,171,2052,,,,,monthly,
S-1eb467,A-94f8c9,,,Enterprise,13,2587,31044,,,,,monthly,
S-7f9ce5,A-00bed1,,,Pro,28,1372,16464,,,,,monthly,
S-69362d,A-a865bd,,,Basic,68,1292,15504,,,,,annual,
S-36069b,A-940b8b,,,Enterprise,1,199,2388,,,,,annual,
S-d24841,A-2e4581,,,Pro,9,0,0,,,,,annual,
S-cd6bb6,A-dbc825,,,Basic,19,361,4332,,,,,annual,
S-6a9918,A-92a3af,,,Enterprise,35,6965,83580,,,,,annual,
S-549438,A-ac9111,,,Pro,23,1127,13524,,,,,annual,
S-f7cde3,A-82d8a6,,,Pro,42,2058,24696,,,,,annual,
S-de6767,A-e3bd71,,,Enterprise,31,6169,74028,,,,,annual,
S-d3d720,A-b7724f,,,Basic,11,209,2508,,,,,monthly,
S-21b034,A-90a8c8,,,Pro,32,1568,18816,,,,,annual,
S-9e6f0c,A-c70870,,,Basic,31,589,7068,,,,,monthly,
S-c1316c,A-855a48,,,Enterprise,60,11940,143280,,,,,annual,
S-3383a4,A-c37601,,,Pro,12,0,0,,,,,annual,
S-d27f96,A-a8d89d,,,Enterprise,28,5572,66864,,,,,monthly,
S-5a75eb,A-503d5a,,,Basic,10,190,2280,,,,,monthly,
S-fef8bf,A-484819,,,Enterprise,18,3582,42984,,,,,annual,
S-e2f1fd,A-d27f50,,,Pro,44,0,0,,,,,monthly,
S-1c406a,A-82861f,,,Enterprise,53,10547,126564,,,,,monthly,
S-80dc6b,A-b07b56,,,Basic,25,0,0,,,,,annual,
S-4faeb9,A-98a59a,,,Pro,56,2744,32928,,,,,monthly,
S-0e8781,A-34ea2f,,,Enterprise,23,0,0,,,,,monthly,
S-53a9f7,A-5b1bcd,,,Pro,73,3577,42924,,,,,annual,
S-b95aac,A-2d1036,,,Pro,69,3381,40572,,,,,monthly,
S-41a4cb,A-970c97,,,Pro,14,686,8232,,,,,annual,
S-7a6697,A-b9eed8,,,Pro,12,588,7056,,,,,annual,
S-bdf4de,A-6e7827,,,Enterprise,2,398,4776,,,,,annual,
S-2c617b,A-fda07f,,,Pro,51,0,0,,,,,annual,
S-a54f87,A-756192,,,Basic,68,1292,15504,,,,,annual,
S-30c045,A-eb7fac,,,Pro,92,4508,54096,,,,,monthly,
S-af2d97,A-781cc0,,,Pro,28,1372,16464,,,,,monthly,
S-bfe8ca,A-22f2df,,,Pro,61,2989,35868,,,,,annual,
S-91da84,A-6c093d,,,Pro,7,343,4116,,,,,annual,
S-ba7f2a,A-417d2f,,,Basic,14,266,3192,,,,,annual,
S-d7ef67,A-558c72,,,Basic,12,228,2736,,,,,monthly,
S-ec58ac,A-5a184f,,,Pro,41,2009,24108,,,,,annual,
S-526874,A-cc8c8f,,,Enterprise,23,4577,54924,,,,,annual,
S-2fe6c0,A-ac9111,,,Basic,21,399,4788,,,,,annual,
S-6c7227,A-a33200,,,Pro,51,2499,29988,,,,,monthly,
S-bbd26a,A-df10db,,,Basic,3,57,684,,,,,monthly,
S-4ef4fd,A-eb7fac,,,Pro,7,343,4116,,,,,annual,
S-6b0a2f,A-d49cc5,,,Pro,50,2450,29400,,,,,annual,
S-7f04ec,A-1b707d,,,Basic,24,456,5472,,,,,monthly,
S-b553d7,A-5b1bcd,,,Enterprise,73,14527,174324,,,,,annual,
S-31d9ee,A-39868b,,,Basic,9,171,2052,,,,,annual,
S-a8e49e,A-6da850,,,Enterprise,5,995,11940,,,,,monthly,
S-715ace,A-3c1a3f,,,Pro,1,0,0,,,,,annual,
S-0a3e58,A-417d2f,,,Pro,33,1617,19404,,,,,monthly,
S-23ccf4,A-9b9fe9,,,Basic,99,1881,22572,,,,,annual,
S-fae334,A-d3c88e,,,Pro,31,1519,18228,,,,,monthly,
S-6e177f,A-3a5ad8,,,Pro,9,441,5292,,,,,monthly,
S-c18476,A-40906c,,,Pro,92,4508,54096,,,,,monthly,
S-111683,A-e6afc1,,,Pro,68,3332,39984,,,,,monthly,
S-5fe3e5,A-9b9fe9,,,Enterprise,5,995,11940,,,,,annual,
S-5a37dc,A-cab532,,,Pro,11,539,6468,,,,,monthly,
S-a09e70,A-58b9ff,,,Basic,22,418,5016,,,,,annual,
S-8942cf,A-7dacce,,,Pro,12,588,7056,,,,,monthly,
S-3c4cae,A-ccb686,,,Pro,29,1421,17052,,,,,annual,
S-8464b6,A-3932db,,,Pro,58,0,0,,,,,monthly,
S-936a83,A-54ecc2,,,Enterprise,34,0,0,,,,,monthly,
S-ed2bb5,A-e4bf56,,,Enterprise,17,3383,40596,,,,,monthly,
S-dd220e,A-6da850,,,Enterprise,37,7363,88356,,,,,monthly,
S-07aba0,A-3b37d9,,,Enterprise,23,4577,54924,,,,,annual,
S-04ab7e,A-f6b2fb,,,Pro,23,1127,13524,,,,,annual,
S-62c088,A-054577,,,Enterprise,85,16915,202980,,,,,monthly,
S-f71904,A-9a532a,,,Basic,62,0,0,,,,,monthly,
S-302add,A-712f1c,,,Pro,17,833,9996,,,,,annual,
S-39b5ce,A-902ef7,,,Enterprise,83,16517,198204,,,,,annual,
S-15cfa1,A-054577,,,Pro,20,980,11760,,,,,annual,
S-90229f,A-1f0ac7,,,Pro,24,0,0,,,,,monthly,
S-7ac9dd,A-ce550d,,,Pro,35,1715,20580,,,,,annual,
S-3196e2,A-ee42db,,,Basic,13,0,0,,,,,annual,
S-51569a,A-e4bf56,,,Enterprise,22,4378,52536,,,,,monthly,
S-dc86fa,A-72799b,,,Pro,30,0,0,,,,,monthly,
S-c881bc,A-8b25f2,,,Basic,10,190,2280,,,,,monthly,
S-25ee09,A-94f8c9,,,Enterprise,13,2587,31044,,,,,monthly,
S-5631a9,A-2d1036,,,Enterprise,69,13731,164772,,,,,annual,
S-ad8908,A-18793f,,,Pro,148,7252,87024,,,,,annual,
S-ac3a32,A-e08cd3,,,Enterprise,67,13333,159996,,,,,monthly,
S-b90a53,A-69fad4,,,Basic,11,209,2508,,,,,annual,
S-4d2bda,A-bbc346,,,Basic,19,0,0,,,,,annual,
S-cce34b,A-462d45,,,Pro,18,882,10584,,,,,monthly,
S-cb3a85,A-1d5444,,,Basic,24,456,5472,,,,,annual,
S-129cf4,A-82d8a6,,,Pro,16,784,9408,,,,,monthly,
S-2c8143,A-9bfc9f,,,Pro,53,0,0,,,,,monthly,
S-8fd98a,A-f19409,,,Enterprise,40,7960,95520,,,,,monthly,
S-615915,A-eb7c38,,,Enterprise,90,17910,214920,,,,,monthly,
S-09cb75,A-c43359,,,Basic,38,722,8664,,,,,annual,
S-bbcf43,A-b44e3e,,,Pro,40,0,0,,,,,monthly,
S-ed55d2,A-039727,,,Enterprise,25,4975,59700,,,,,annual,
S-54ac93,A-ff3c73,,,Enterprise,25,0,0,,,,,annual,
S-5901a1,A-7dacce,,,Pro,12,0,0,,,,,annual,
S-931899,A-af0cd2,,,Pro,19,931,11172,,,,,annual,
S-21d7be,A-e1b9cd,,,Basic,40,760,9120,,,,,annual,
S-66a625,A-e1b9cd,,,Pro,40,1960,23520,,,,,monthly,
S-0bf451,A-3f9cc0,,,Enterprise,22,4378,52536,,,,,annual,
S-f951ac,A-297a2d,,,Basic,27,513,6156,,,,,annual,
S-c2701b,A-50bb9f,,,Pro,36,1764,21168,,,,,monthly,
S-6cff7d,A-87aa7b,,,Basic,56,1064,12768,,,,,monthly,
S-2ff628,A-118d55,,,Basic,8,152,1824,,,,,monthly,
S-c3ecd8,A-d82ef9,,,Basic,26,494,5928,,,,,monthly,
S-ede33a,A-202b67,,,Enterprise,11,2189,26268,,,,,annual,
S-373c6e,A-dfbd31,,,Pro,14,686,8232,,,,,monthly,
S-c83dfd,A-249769,,,Basic,15,285,3420,,,,,monthly,
S-215e9c,A-6965e1,,,Pro,18,882,10584,,,,,monthly,
S-8da449,A-80eeb6,,,Basic,22,418,5016,,,,,annual,
S-c58ed5,A-9289f6,,,Pro,32,1568,18816,,,,,annual,
S-4b75c6,A-068fc6,,,Enterprise,35,6965,83580,,,,,annual,
S-3872fd,A-956988,,,Pro,2,0,0,,,,,monthly,
S-3f82f4,A-054577,,,Basic,90,1710,20520,,,,,monthly,
S-7277c8,A-a2485e,,,Basic,28,532,6384,,,,,annual,
S-827bc4,A-756192,,,Basic,23,437,5244,,,,,monthly,
S-0efb82,A-94f8c9,,,Pro,13,637,7644,,,,,monthly,
S-4c9c01,A-eb7c38,,,Basic,23,0,0,,,,,annual,
S-1f94ad,A-328bd0,,,Enterprise,18,3582,42984,,,,,annual,
S-6bb2c5,A-84ebe4,,,Enterprise,36,7164,85968,,,,,monthly,
S-865af3,A-f97b9a,,,Pro,16,0,0,,,,,annual,
S-f65381,A-118d55,,,Enterprise,16,3184,38208,,,,,annual,
S-115823,A-9f0b68,,,Enterprise,15,2985,35820,,,,,monthly,
S-de66c3,A-ff3c73,,,Enterprise,21,0,0,,,,,monthly,
S-0ac09f,A-7e0a10,,,Enterprise,46,9154,109848,,,,,monthly,
S-a02981,A-7920cc,,,Basic,39,741,8892,,,,,monthly,
S-487d18,A-0354fe,,,Enterprise,34,0,0,,,,,annual,
S-697d16,A-3932db,,,Enterprise,19,0,0,,,,,monthly,
S-f8e69c,A-52dd88,,,Pro,23,1127,13524,,,,,monthly,
S-b279c9,A-50bb9f,,,Pro,54,2646,31752,,,,,annual,
S-9fc31d,A-a7bd4b,,,Enterprise,5,995,11940,,,,,annual,
S-3f2b4c,A-855a48,,,Pro,31,1519,18228,,,,,annual,
S-0459a1,A-8e47ca,,,Enterprise,19,3781,45372,,,,,monthly,
S-7dd478,A-f5641b,,,Enterprise,31,6169,74028,,,,,monthly,
S-ab2b5b,A-bbe56f,,,Basic,21,399,4788,,,,,monthly,
S-9df4f6,A-9174e0,,,Basic,37,703,8436,,,,,monthly,
S-9ce22d,A-726cfa,,,Pro,42,2058,24696,,,,,monthly,
S-53b07a,A-b07b56,,,Pro,25,1225,14700,,,,,annual,
S-bf6d7b,A-8b25f2,,,Pro,29,1421,17052,,,,,annual,
S-5228d6,A-484819,,,Enterprise,26,5174,62088,,,,,annual,
S-4b9d7c,A-378b99,,,Pro,16,784,9408,,,,,annual,
S-79bb4c,A-f45426,,,Pro,11,539,6468,,,,,annual,
S-1bbf0a,A-812c5b,,,Pro,55,0,0,,,,,monthly,
S-a6820d,A-96bbc6,,,Pro,39,1911,22932,,,,,annual,
S-7f219a,A-08e34e,,,Pro,14,686,8232,,,,,monthly,
S-3ca6d2,A-0e966d,,,Basic,35,665,7980,,,,,monthly,
S-f26ae0,A-92a333,,,Basic,9,171,2052,,,,,monthly,
S-3bc591,A-1f7acb,,,Basic,64,0,0,,,,,annual,
S-a84e2b,A-afa505,,,Pro,70,0,0,,,,,monthly,
S-12f05a,A-b9f5b1,,,Basic,15,285,3420,,,,,annual,
S-3476e2,A-cb6cc6,,,Basic,13,247,2964,,,,,monthly,
S-ab0f4c,A-cd458b,,,Basic,25,475,5700,,,,,monthly,
S-23ae3c,A-186a44,,,Enterprise,24,4776,57312,,,,,monthly,
S-d2e82c,A-bcf87c,,,Enterprise,16,3184,38208,,,,,monthly,
S-041534,A-4e0e85,,,Pro,38,1862,22344,,,,,monthly,
S-2f998d,A-d82ef9,,,Basic,26,494,5928,,,,,annual,
S-5ffb84,A-fe79a5,,,Enterprise,9,0,0,,,,,monthly,
S-ae9ce7,A-cbd1a3,,,Enterprise,12,2388,28656,,,,,monthly,
S-a707da,A-67be94,,,Pro,26,1274,15288,,,,,monthly,
S-b37d03,A-019782,,,Pro,17,833,9996,,,,,annual,
S-4473ec,A-c608c8,,,Pro,21,1029,12348,,,,,annual,
S-a81bcd,A-09540c,,,Basic,67,1273,15276,,,,,annual,
S-c4cef7,A-2e4581,,,Pro,13,637,7644,,,,,annual,
S-2a6c1f,A-22f2df,,,Basic,3,57,684,,,,,annual,
S-1712e6,A-9b9fe9,,,Pro,5,245,2940,,,,,monthly,
S-cde950,A-3be56b,,,Basic,20,380,4560,,,,,annual,
S-ca98c9,A-3be56b,,,Basic,37,703,8436,,,,,monthly,
S-497d95,A-1d5444,,,Basic,24,456,5472,,,,,monthly,
S-63d104,A-0e966d,,,Basic,11,209,2508,,,,,annual,
S-c41762,A-9badbd,,,Enterprise,59,11741,140892,,,,,monthly,
S-2fd379,A-f19409,,,Basic,28,0,0,,,,,annual,
S-11b2c6,A-855a48,,,Basic,14,266,3192,,,,,monthly,
S-899319,A-560d27,,,Enterprise,57,11343,136116,,,,,monthly,
S-542c37,A-812c5b,,,Pro,55,2695,32340,,,,,monthly,
S-cef05a,A-b7b7b7,,,Pro,29,0,0,,,,,monthly,
S-51f213,A-4e960a,,,Pro,12,588,7056,,,,,monthly,
S-e4b8fd,A-f446b6,,,Pro,53,2597,31164,,,,,monthly,
S-7ba2ad,A-692f18,,,Basic,14,266,3192,,,,,annual,
S-301b73,A-cab532,,,Basic,48,912,10944,,,,,annual,
S-dee62f,A-524364,,,Basic,12,228,2736,,,,,monthly,
S-8bc290,A-2d4502,,,Enterprise,30,5970,71640,,,,,annual,
S-1f8215,A-f17767,,,Pro,15,735,8820,,,,,annual,
S-12e3ff,A-e43bf7,,,Enterprise,44,8756,105072,,,,,monthly,
S-23587d,A-db5e9e,,,Pro,12,588,7056,,,,,annual,
S-0c5771,A-798a3f,,,Enterprise,12,0,0,,,,,annual,
S-9d35cf,A-249769,,,Pro,6,294,3528,,,,,annual,
S-f1cc81,A-7f8241,,,Basic,34,646,7752,,,,,annual,
S-44046d,A-5a184f,,,Basic,36,684,8208,,,,,annual,
S-97aa94,A-bb3bd4,,,Basic,23,437,5244,,,,,annual,
S-2ee940,A-8bde0c,,,Enterprise,12,2388,28656,,,,,annual,
S-b2c291,A-ced9aa,,,Enterprise,3,597,7164,,,,,annual,
S-62b4fc,A-c42f1f,,,Basic,8,152,1824,,,,,monthly,
S-6fa5cd,A-342303,,,Basic,17,323,3876,,,,,monthly,
S-33e4e2,A-a1b80b,,,Enterprise,16,3184,38208,,,,,annual,
S-718f18,A-659280,,,Enterprise,24,4776,57312,,,,,monthly,
S-95a570,A-56962b,,,Pro,163,0,0,,,,,monthly,
S-b526e3,A-9c18c4,,,Enterprise,11,2189,26268,,,,,annual,
S-0bccd9,A-96bbc6,,,Basic,39,741,8892,,,,,monthly,
S-f50b14,A-625d0b,,,Basic,9,0,0,,,,,annual,
S-0eff34,A-b2225d,,,Pro,47,2303,27636,,,,,monthly,
S-06fb6f,A-50bb9f,,,Pro,30,1470,17640,,,,,annual,
S-24323f,A-cb6cc6,,,Pro,13,637,7644,,,,,monthly,
S-e1e2bf,A-7da956,,,Basic,13,247,2964,,,,,annual,
S-dacbda,A-1f559b,,,Pro,18,882,10584,,,,,monthly,
S-f66b5d,A-039727,,,Enterprise,25,0,0,,,,,annual,
S-62a6d7,A-6965e1,,,Pro,14,686,8232,,,,,monthly,
S-c5a146,A-59f724,,,Basic,18,342,4104,,,,,annual,
S-3ad334,A-158f4e,,,Enterprise,61,12139,145668,,,,,monthly,
S-9c1bcb,A-17939a,,,Basic,51,969,11628,,,,,monthly,
S-3e8909,A-600734,,,Pro,39,1911,22932,,,,,annual,
S-6b200f,A-600734,,,Pro,29,1421,17052,,,,,annual,
S-ebbda6,A-558c72,,,Pro,15,735,8820,,,,,annual,
S-c7a771,A-7920cc,,,Pro,39,1911,22932,,,,,monthly,
S-b8097b,A-ccb686,,,Pro,34,0,0,,,,,monthly,
S-628842,A-6f8ad2,,,Enterprise,27,5373,64476,,,,,annual,
S-4690b3,A-068fc6,,,Enterprise,35,6965,83580,,,,,monthly,
S-8fbabd,A-aa9511,,,Enterprise,25,4975,59700,,,,,monthly,
S-6bab8f,A-eb7c38,,,Enterprise,13,0,0,,,,,annual,
S-e4cb85,A-34ea2f,,,Basic,29,551,6612,,,,,annual,
S-aeec81,A-e4bf56,,,Pro,19,931,11172,,,,,monthly,
S-5a3412,A-ccabf0,,,Basic,17,323,3876,,,,,annual,
S-4904cd,A-dcc3f1,,,Basic,21,399,4788,,,,,annual,
S-1d4aa3,A-e61e98,,,Basic,19,361,4332,,,,,monthly,
S-fcc241,A-443b7c,,,Enterprise,70,13930,167160,,,,,annual,
S-b046ad,A-462d45,,,Basic,61,0,0,,,,,monthly,
S-0463f5,A-7df7a7,,,Pro,7,343,4116,,,,,monthly,
S-68a558,A-a1bbb6,,,Pro,21,1029,12348,,,,,monthly,
S-b420be,A-0e966d,,,Enterprise,23,4577,54924,,,,,annual,
S-d74733,A-7641d3,,,Pro,12,588,7056,,,,,monthly,
S-52280f,A-fa2041,,,Enterprise,16,3184,38208,,,,,annual,
S-0f949d,A-310452,,,Pro,9,441,5292,,,,,annual,
S-38bf32,A-ed510f,,,Pro,42,2058,24696,,,,,annual,
S-0c47cb,A-b9eed8,,,Basic,14,266,3192,,,,,annual,
S-28d64b,A-67be94,,,Basic,26,494,5928,,,,,monthly,
S-003647,A-e36807,,,Enterprise,9,1791,21492,,,,,monthly,
S-c0789c,A-7c5768,,,Enterprise,26,0,0,,,,,monthly,
S-fc3dcb,A-3b5cd1,,,Enterprise,32,6368,76416,,,,,annual,
S-1ffdd8,A-ef84cf,,,Basic,8,152,1824,,,,,monthly,
S-e9a159,A-1f0636,,,Enterprise,105,20895,250740,,,,,monthly,
S-3803ff,A-b3fe05,,,Enterprise,50,9950,119400,,,,,monthly,
S-aaf30f,A-40906c,,,Pro,92,4508,54096,,,,,annual,
S-b362a5,A-8145a0,,,Basic,44,836,10032,,,,,annual,
S-b07043,A-e98302,,,Basic,16,304,3648,,,,,annual,
S-140d3a,A-ff3c73,,,Basic,21,399,4788,,,,,annual,
S-2eb247,A-8145a0,,,Enterprise,25,4975,59700,,,,,monthly,
S-ef7534,A-ffdfd5,,,Pro,3,147,1764,,,,,monthly,
S-b204c4,A-68f37c,,,Enterprise,9,1791,21492,,,,,annual,
S-c787e2,A-d5a319,,,Enterprise,45,8955,107460,,,,,annual,
S-e60430,A-86902e,,,Enterprise,61,12139,145668,,,,,annual,
S-92afb8,A-9174e0,,,Enterprise,37,7363,88356,,,,,annual,
S-0b7eba,A-7f4db3,,,Enterprise,8,1592,19104,,,,,monthly,
S-a113a2,A-d4ac0e,,,Enterprise,18,3582,42984,,,,,monthly,
S-624857,A-69b156,,,Enterprise,7,1393,16716,,,,,monthly,
S-b95c5c,A-20736a,,,Enterprise,64,12736,152832,,,,,monthly,
S-6bd42d,A-5247b3,,,Basic,16,304,3648,,,,,monthly,
S-45ab1a,A-1d5444,,,Basic,24,456,5472,,,,,annual,
S-7fc49b,A-50bb9f,,,Pro,7,343,4116,,,,,monthly,
S-06b9f0,A-c37601,,,Pro,8,0,0,,,,,annual,
S-3b43b5,A-7920cc,,,Pro,39,1911,22932,,,,,annual,
S-78554e,A-2922b6,,,Basic,51,969,11628,,,,,monthly,
S-f83811,A-f97b9a,,,Basic,16,304,3648,,,,,annual,
S-3d0e64,A-cbbe12,,,Pro,40,0,0,,,,,monthly,
S-0f15b7,A-3a5ad8,,,Pro,9,441,5292,,,,,monthly,
S-24ecbf,A-92a333,,,Enterprise,9,1791,21492,,,,,monthly,
S-03906f,A-c1e51e,,,Basic,25,475,5700,,,,,annual,
S-a4d69d,A-592832,,,Basic,18,342,4104,,,,,monthly,
S-9a8646,A-098560,,,Basic,10,190,2280,,,,,monthly,
S-3d7bed,A-2e4581,,,Basic,44,836,10032,,,,,monthly,
S-a9a707,A-71615e,,,Pro,51,2499,29988,,,,,monthly,
S-1eba7d,A-4e0e85,,,Enterprise,39,0,0,,,,,annual,
S-7863b1,A-b11cd0,,,Basic,26,0,0,,,,,monthly,
S-8d3495,A-cbd1a3,,,Basic,37,703,8436,,,,,monthly,
S-509e88,A-781cc0,,,Basic,21,399,4788,,,,,monthly,
S-35ff9e,A-ffc04f,,,Enterprise,19,3781,45372,,,,,monthly,
S-c84ce4,A-bc87bc,,,Enterprise,22,4378,52536,,,,,monthly,
S-75c438,A-92a3af,,,Pro,34,1666,19992,,,,,monthly,
S-ccd045,A-96215d,,,Enterprise,10,1990,23880,,,,,monthly,
S-28e7bf,A-5a92e7,,,Pro,27,1323,15876,,,,,monthly,
S-656302,A-e60f9d,,,Enterprise,29,5771,69252,,,,,monthly,
S-c5cee8,A-31ab9a,,,Pro,73,3577,42924,,,,,monthly,
S-d6aefa,A-65c341,,,Enterprise,84,16716,200592,,,,,annual,
S-354f6f,A-c58f49,,,Enterprise,70,13930,167160,,,,,annual,
S-14f39f,A-9affe6,,,Basic,19,361,4332,,,,,monthly,
S-c7667c,A-c1e51e,,,Pro,10,490,5880,,,,,monthly,
S-85f2ab,A-180abf,,,Pro,64,3136,37632,,,,,monthly,
S-2d2a88,A-bbe56f,,,Basic,21,0,0,,,,,annual,
S-58d17c,A-396e5f,,,Enterprise,2,398,4776,,,,,monthly,
S-941e0f,A-1e6fc3,,,Basic,11,0,0,,,,,annual,
S-f0c3f6,A-6f50ae,,,Enterprise,50,9950,119400,,,,,annual,
S-00837c,A-089363,,,Enterprise,43,8557,102684,,,,,annual,
S-904886,A-e36807,,,Pro,38,1862,22344,,,,,annual,
S-d0bb87,A-5f7781,,,Pro,22,1078,12936,,,,,annual,
S-9ae8de,A-779e4e,,,Pro,21,1029,12348,,,,,monthly,
S-f971ab,A-4bfa33,,,Pro,13,637,7644,,,,,annual,
S-ae4bb3,A-89ee83,,,Pro,74,3626,43512,,,,,annual,
S-b8ca59,A-80eeb6,,,Enterprise,22,4378,52536,,,,,monthly,
S-3ae7af,A-902ef7,,,Basic,83,0,0,,,,,monthly,
S-ed2593,A-e1b9cd,,,Pro,100,4900,58800,,,,,monthly,
S-ac4799,A-86fc1d,,,Enterprise,26,0,0,,,,,monthly,
S-2b35cc,A-9f2731,,,Pro,13,637,7644,,,,,monthly,
S-9f59fd,A-158f4e,,,Basic,61,1159,13908,,,,,annual,
S-19cb09,A-d42431,,,Enterprise,22,4378,52536,,,,,monthly,
S-909612,A-151c9a,,,Enterprise,23,4577,54924,,,,,monthly,
S-01fa46,A-6f50ae,,,Basic,19,361,4332,,,,,annual,
S-45c47e,A-d792a6,,,Basic,21,399,4788,,,,,annual,
S-a50803,A-a45270,,,Basic,66,0,0,,,,,annual,
S-4984e3,A-f19409,,,Enterprise,23,4577,54924,,,,,monthly,
S-1f93cd,A-30b4ca,,,Basic,86,1634,19608,,,,,monthly,
S-6cf058,A-4a4c2d,,,Basic,54,0,0,,,,,monthly,
S-cd6d68,A-4814a3,,,Pro,87,4263,51156,,,,,monthly,
S-041553,A-c608c8,,,Pro,11,539,6468,,,,,annual,
S-3ea19d,A-4e44e8,,,Basic,10,0,0,,,,,monthly,
S-f62f59,A-96215d,,,Pro,21,1029,12348,,,,,annual,
S-c99814,A-9289f6,,,Pro,81,3969,47628,,,,,monthly,
S-23ba41,A-de58ca,,,Pro,15,735,8820,,,,,annual,
S-3981c7,A-c16b88,,,Pro,27,0,0,,,,,annual,
S-6d507b,A-ffc04f,,,Enterprise,13,2587,31044,,,,,annual,
S-1d3af2,A-c42f1f,,,Basic,8,152,1824,,,,,monthly,
S-f53776,A-f446b6,,,Basic,12,228,2736,,,,,monthly,
S-e05ab8,A-0158bb,,,Pro,21,1029,12348,,,,,monthly,
S-da0b9b,A-3a7284,,,Pro,33,1617,19404,,,,,annual,
S-131064,A-9f0b68,,,Enterprise,34,6766,81192,,,,,annual,
S-541d7a,A-4f18f0,,,Pro,24,0,0,,,,,annual,
S-2ddb46,A-4c38bc,,,Pro,36,1764,21168,,,,,monthly,
S-16cf6a,A-d792a6,,,Enterprise,12,2388,28656,,,,,annual,
S-0a01c5,A-e888d1,,,Enterprise,16,3184,38208,,,,,monthly,
S-ba8f61,A-e693b6,,,Basic,55,1045,12540,,,,,monthly,
S-0ed7be,A-95b24a,,,Pro,47,2303,27636,,,,,monthly,
S-c985c4,A-7f8241,,,Basic,34,646,7752,,,,,annual,
S-894692,A-c62e55,,,Pro,17,833,9996,,,,,monthly,
S-2cec4e,A-76fa4d,,,Enterprise,69,13731,164772,,,,,monthly,
S-aede24,A-751c58,,,Enterprise,15,2985,35820,,,,,annual,
S-d0af44,A-4e44e8,,,Basic,20,380,4560,,,,,annual,
S-3e0c7b,A-cc1d8d,,,Basic,84,1596,19152,,,,,annual,
S-3d0aa6,A-81edc3,,,Enterprise,7,0,0,,,,,monthly,
S-0639f1,A-3be56b,,,Basic,25,0,0,,,,,annual,
S-907e70,A-993085,,,Basic,31,589,7068,,,,,monthly,
S-227856,A-310452,,,Pro,9,441,5292,,,,,annual,
S-4af421,A-6c093d,,,Basic,27,513,6156,,,,,monthly,
S-f4dbc7,A-65c341,,,Pro,11,539,6468,,,,,monthly,
S-526a2c,A-9174e0,,,Pro,37,1813,21756,,,,,monthly,
S-aa5012,A-6f8ad2,,,Basic,41,779,9348,,,,,annual,
S-551502,A-bb1486,,,Basic,41,779,9348,,,,,monthly,
S-007e2c,A-cb5333,,,Pro,33,1617,19404,,,,,monthly,
S-3e0991,A-9174e0,,,Enterprise,37,7363,88356,,,,,monthly,
S-fe0bc0,A-692f18,,,Enterprise,29,5771,69252,,,,,monthly,
S-ed76ff,A-1e1b80,,,Enterprise,50,9950,119400,,,,,monthly,
S-c8d680,A-558c72,,,Enterprise,12,2388,28656,,,,,monthly,
S-8b1b5a,A-592832,,,Pro,18,882,10584,,,,,annual,
S-c0d979,A-3932db,,,Enterprise,19,0,0,,,,,annual,
S-a8ae52,A-fda07f,,,Enterprise,26,0,0,,,,,annual,
S-05aaef,A-883b7d,,,Pro,22,0,0,,,,,annual,
S-a14d4b,A-8b0451,,,Pro,43,2107,25284,,,,,annual,
S-f97537,A-0aaf6e,,,Pro,37,1813,21756,,,,,monthly,
S-d6dc7a,A-0e966d,,,Pro,11,539,6468,,,,,monthly,
S-ca6962,A-22d9d2,,,Pro,58,2842,34104,,,,,monthly,
S-1f4c01,A-c42f1f,,,Pro,12,588,7056,,,,,monthly,
S-d6f7cd,A-bd4513,,,Enterprise,50,9950,119400,,,,,annual,
S-c847dc,A-22f2df,,,Pro,6,0,0,,,,,annual,
S-dbe1b3,A-40906c,,,Pro,92,4508,54096,,,,,annual,
S-26593b,A-328bd0,,,Pro,37,1813,21756,,,,,annual,
S-7d66fb,A-bb3bd4,,,Basic,23,437,5244,,,,,monthly,
S-4206eb,A-7df7a7,,,Enterprise,13,2587,31044,,,,,monthly,
S-b998a9,A-fce879,,,Enterprise,10,1990,23880,,,,,annual,
S-040f03,A-31ab9a,,,Enterprise,14,2786,33432,,,,,annual,
S-440dde,A-8e47ca,,,Basic,19,361,4332,,,,,annual,
S-9a85ab,A-a8b49c,,,Basic,30,570,6840,,,,,annual,
S-778c7e,A-544d0a,,,Enterprise,2,398,4776,,,,,annual,
S-138c41,A-00cac8,,,Basic,19,361,4332,,,,,annual,
S-109e0c,A-f51f16,,,Enterprise,10,1990,23880,,,,,annual,
S-8e5be7,A-5ed98d,,,Pro,24,1176,14112,,,,,monthly,
S-497428,A-cc8c8f,,,Basic,23,437,5244,,,,,monthly,
S-846d41,A-1986ca,,,Enterprise,28,5572,66864,,,,,monthly,
S-9def16,A-c16101,,,Enterprise,22,4378,52536,,,,,monthly,
S-807f28,A-86fc1d,,,Enterprise,26,5174,62088,,,,,monthly,
S-056775,A-ee42db,,,Pro,115,5635,67620,,,,,annual,
S-39c024,A-7df7a7,,,Pro,29,0,0,,,,,annual,
S-9e450b,A-89ee83,,,Enterprise,23,4577,54924,,,,,monthly,
S-e66964,A-e6afc1,,,Basic,51,969,11628,,,,,monthly,
S-5a500d,A-592832,,,Basic,30,0,0,,,,,annual,
S-62fe77,A-34ea2f,,,Pro,23,1127,13524,,,,,annual,
S-3eb9c8,A-69fad4,,,Basic,35,665,7980,,,,,monthly,
S-6fa3a3,A-139c3b,,,Pro,10,490,5880,,,,,annual,
S-8e5d9f,A-922109,,,Enterprise,41,8159,97908,,,,,monthly,
S-012ab9,A-b78bf8,,,Basic,33,627,7524,,,,,monthly,
S-b12284,A-0158bb,,,Basic,9,171,2052,,,,,annual,
S-ae355b,A-378b99,,,Enterprise,9,1791,21492,,,,,annual,
S-90432a,A-fe79a5,,,Enterprise,9,1791,21492,,,,,annual,
S-e04d93,A-5a215a,,,Enterprise,87,17313,207756,,,,,monthly,
S-0f569f,A-781cc0,,,Enterprise,12,2388,28656,,,,,monthly,
S-6d6bde,A-068fc6,,,Basic,35,665,7980,,,,,monthly,
S-0cbce0,A-5b4ebb,,,Pro,26,1274,15288,,,,,annual,
S-93cf65,A-ff3c73,,,Basic,21,0,0,,,,,annual,
S-c3aa52,A-19b2c8,,,Enterprise,20,0,0,,,,,monthly,
S-68dca1,A-4ae22a,,,Basic,28,532,6384,,,,,annual,
S-a97ab5,A-e1b9cd,,,Pro,40,0,0,,,,,annual,
S-c68e80,A-2bc93d,,,Basic,95,1805,21660,,,,,monthly,
S-0c9fdd,A-5b4ebb,,,Pro,30,1470,17640,,,,,annual,
S-d64a4e,A-cc98bc,,,Basic,32,608,7296,,,,,monthly,
S-efcb1e,A-118f1c,,,Pro,32,0,0,,,,,annual,
S-3909f9,A-d4ac0e,,,Pro,18,882,10584,,,,,annual,
S-ab476e,A-7dacce,,,Enterprise,67,13333,159996,,,,,annual,
S-f5fcc9,A-40a557,,,Pro,16,784,9408,,,,,monthly,
S-804a70,A-4ef964,,,Enterprise,17,3383,40596,,,,,monthly,
S-834a48,A-86cdb4,,,Basic,4,0,0,,,,,monthly,
S-f6f308,A-3793ee,,,Enterprise,49,0,0,,,,,annual,
S-06fb77,A-96e141,,,Pro,22,1078,12936,,,,,annual,
S-5df64f,A-684255,,,Enterprise,14,2786,33432,,,,,annual,
S-cf12f4,A-4814a3,,,Pro,87,4263,51156,,,,,monthly,
S-ee30bb,A-526d93,,,Enterprise,43,8557,102684,,,,,monthly,
S-ff93b5,A-ba6516,,,Basic,27,0,0,,,,,annual,
S-2db458,A-53f4e3,,,Basic,22,418,5016,,,,,annual,
S-e505f2,A-bb2f49,,,Pro,35,1715,20580,,,,,annual,
S-fcbe5a,A-e19ff6,,,Pro,40,1960,23520,,,,,annual,
S-d49a8f,A-f92792,,,Enterprise,24,4776,57312,,,,,annual,
S-b120fb,A-f51f16,,,Pro,1,49,588,,,,,annual,
S-6c7bd8,A-7f8241,,,Enterprise,36,7164,85968,,,,,monthly,
S-ca321d,A-7920cc,,,Pro,39,1911,22932,,,,,monthly,
S-7cd9fa,A-d40bf7,,,Basic,59,1121,13452,,,,,monthly,
S-2a53d5,A-5a184f,,,Basic,74,1406,16872,,,,,annual,
S-101324,A-8145a0,,,Enterprise,24,4776,57312,,,,,monthly,
S-307a21,A-940b8b,,,Basic,56,1064,12768,,,,,monthly,
S-f30081,A-cb5333,,,Enterprise,33,6567,78804,,,,,annual,
S-d3e724,A-dec005,,,Basic,26,494,5928,,,,,monthly,
S-713e06,A-4e631b,,,Enterprise,26,5174,62088,,,,,annual,
S-e977e4,A-80eeb6,,,Enterprise,22,4378,52536,,,,,monthly,
S-9464f8,A-eb7fac,,,Basic,26,494,5928,,,,,monthly,
S-3473af,A-d77f4c,,,Basic,8,152,1824,,,,,monthly,
S-2565f0,A-6a4e2d,,,Basic,54,1026,12312,,,,,annual,
S-769f70,A-016043,,,Basic,13,247,2964,,,,,monthly,
S-d48577,A-7cfe77,,,Pro,69,3381,40572,,,,,annual,
S-703faf,A-b7724f,,,Basic,10,190,2280,,,,,monthly,
S-a3dc1e,A-5c9849,,,Enterprise,19,0,0,,,,,monthly,
S-ac1f01,A-e693b6,,,Enterprise,55,10945,131340,,,,,monthly,
S-e6ce29,A-76fa4d,,,Enterprise,69,13731,164772,,,,,monthly,
S-00866d,A-05f0e5,,,Basic,32,608,7296,,,,,annual,
S-b7c825,A-9174e0,,,Enterprise,68,0,0,,,,,monthly,
S-22c99d,A-5a215a,,,Enterprise,87,0,0,,,,,monthly,
S-329db8,A-8b25f2,,,Pro,12,588,7056,,,,,monthly,
S-5fe191,A-c43359,,,Enterprise,38,7562,90744,,,,,annual,
S-c19e74,A-ffc04f,,,Enterprise,13,0,0,,,,,annual,
S-0e526f,A-e83938,,,Pro,5,245,2940,,,,,annual,
S-beff12,A-f44180,,,Enterprise,9,1791,21492,,,,,monthly,
S-f9b4d8,A-6843f2,,,Pro,21,1029,12348,,,,,annual,
S-d76bd0,A-7f29a7,,,Basic,41,779,9348,,,,,monthly,
S-edf4e0,A-dbc825,,,Enterprise,22,4378,52536,,,,,monthly,
S-326691,A-e40f45,,,Basic,21,399,4788,,,,,monthly,
S-e7a190,A-0a62f5,,,Basic,22,418,5016,,,,,annual,
S-f73a84,A-2edab2,,,Pro,17,833,9996,,,,,monthly,
S-ba67a5,A-fce879,,,Enterprise,19,3781,45372,,,,,annual,
S-5272ff,A-fda07f,,,Enterprise,69,13731,164772,,,,,annual,
S-d407d0,A-b9eed8,,,Pro,11,539,6468,,,,,annual,
S-54d8cf,A-2f6a32,,,Basic,19,361,4332,,,,,monthly,
S-bdf7c2,A-c42f1f,,,Pro,11,539,6468,,,,,annual,
S-e9257d,A-5b1bcd,,,Pro,73,3577,42924,,,,,annual,
S-c15f06,A-82d8a6,,,Pro,33,1617,19404,,,,,monthly,
S-fbc35d,A-a8b49c,,,Pro,7,343,4116,,,,,annual,
S-78c894,A-d792a6,,,Basic,4,76,912,,,,,annual,
S-2ee2e1,A-692f18,,,Pro,50,2450,29400,,,,,annual,
S-5677fb,A-e5d6ab,,,Enterprise,13,2587,31044,,,,,monthly,
S-3c9a70,A-ee42db,,,Basic,30,570,6840,,,,,monthly,
S-036362,A-c37601,,,Pro,12,588,7056,,,,,annual,
S-18b1f9,A-02cd81,,,Pro,44,2156,25872,,,,,monthly,
S-31afc4,A-d40bf7,,,Pro,59,2891,34692,,,,,monthly,
S-6ea0ad,A-712426,,,Pro,13,637,7644,,,,,monthly,
S-c25d2f,A-fabe19,,,Enterprise,32,6368,76416,,,,,annual,
S-444f22,A-8ed5dd,,,Pro,46,2254,27048,,,,,monthly,
S-f3ff07,A-158f4e,,,Basic,61,1159,13908,,,,,annual,
S-154119,A-3d957b,,,Basic,73,1387,16644,,,,,monthly,
S-62fa42,A-bb1486,,,Basic,41,779,9348,,,,,annual,
S-97a57b,A-a0ca4e,,,Enterprise,26,5174,62088,,,,,monthly,
S-7c2997,A-c1e51e,,,Pro,32,1568,18816,,,,,annual,
S-9122a4,A-883b7d,,,Enterprise,25,4975,59700,,,,,monthly,
S-f9f7af,A-20736a,,,Pro,50,2450,29400,,,,,annual,
S-f6edd4,A-5a92e7,,,Basic,11,209,2508,,,,,annual,
S-bbe998,A-08e34e,,,Pro,14,686,8232,,,,,annual,
S-02508a,A-05d3b3,,,Basic,28,532,6384,,,,,annual,
S-7e44b0,A-a33200,,,Pro,29,1421,17052,,,,,annual,
S-028f5b,A-80eeb6,,,Enterprise,26,5174,62088,,,,,annual,
S-d26ee3,A-1f559b,,,Basic,16,304,3648,,,,,monthly,
S-a1901c,A-5c9849,,,Enterprise,19,3781,45372,,,,,monthly,
S-c96d86,A-1e1b80,,,Basic,50,950,11400,,,,,annual,
S-ea8479,A-bcf87c,,,Basic,17,323,3876,,,,,annual,
S-7eb81c,A-474ad4,,,Pro,8,392,4704,,,,,monthly,
S-8d4b81,A-2b9d3e,,,Basic,1,19,228,,,,,annual,
S-9e5075,A-81edc3,,,Enterprise,44,8756,105072,,,,,annual,
S-6bdda7,A-bad8c1,,,Pro,37,1813,21756,,,,,monthly,
S-2c52b6,A-016043,,,Enterprise,14,2786,33432,,,,,monthly,
S-9c09cb,A-702032,,,Basic,28,532,6384,,,,,annual,
S-3829dc,A-1ac5e0,,,Enterprise,33,6567,78804,,,,,monthly,
S-d238c2,A-71615e,,,Enterprise,55,10945,131340,,,,,annual,
S-885bd4,A-8bde0c,,,Pro,12,588,7056,,,,,annual,
S-700923,A-bcf664,,,Enterprise,13,2587,31044,,,,,monthly,
S-d538f6,A-d535f6,,,Enterprise,12,0,0,,,,,monthly,
S-5ca0fe,A-d3c88e,,,Pro,16,784,9408,,,,,monthly,
S-83dc0a,A-f44180,,,Enterprise,9,1791,21492,,,,,annual,
S-39a8f1,A-52dd88,,,Pro,23,1127,13524,,,,,monthly,
S-0a765d,A-439b2f,,,Basic,4,76,912,,,,,monthly,
S-fa9b43,A-10b8f2,,,Basic,47,0,0,,,,,annual,
S-3a57be,A-05f0e5,,,Pro,32,1568,18816,,,,,monthly,
S-5ede24,A-9bfc9f,,,Pro,60,2940,35280,,,,,monthly,
S-df5924,A-443f6f,,,Pro,19,931,11172,,,,,annual,
S-eb9911,A-ab438f,,,Basic,28,0,0,,,,,annual,
S-7db513,A-4f18f0,,,Enterprise,24,4776,57312,,,,,monthly,
S-2ded06,A-ff79f2,,,Basic,31,589,7068,,,,,monthly,
S-c0ca82,A-00cac8,,,Pro,19,931,11172,,,,,annual,
S-7cf7c6,A-22d9d2,,,Pro,13,637,7644,,,,,annual,
S-9fa49b,A-1f7acb,,,Enterprise,64,12736,152832,,,,,annual,
S-4a3e6c,A-acb7f7,,,Pro,32,1568,18816,,,,,monthly,
S-112733,A-71615e,,,Basic,15,285,3420,,,,,annual,
S-28332f,A-ff79f2,,,Enterprise,23,4577,54924,,,,,monthly,
S-6709f4,A-bcbe98,,,Basic,46,874,10488,,,,,monthly,
S-0b059f,A-7c4956,,,Basic,5,95,1140,,,,,monthly,
S-d91908,A-02fac6,,,Basic,22,418,5016,,,,,monthly,
S-381988,A-eb7c38,,,Pro,7,0,0,,,,,annual,
S-535e55,A-9077b0,,,Pro,7,343,4116,,,,,monthly,
S-a22ca2,A-dbc825,,,Enterprise,45,8955,107460,,,,,monthly,
S-4e762d,A-2789e3,,,Enterprise,61,12139,145668,,,,,annual,
S-1d3a93,A-d82ef9,,,Enterprise,26,5174,62088,,,,,monthly,
S-1c5650,A-1e1b80,,,Pro,53,2597,31164,,,,,monthly,
S-593787,A-9ee962,,,Basic,9,0,0,,,,,monthly,
S-28a2b2,A-eb7fac,,,Enterprise,7,1393,16716,,,,,monthly,
S-0bdbb3,A-00cac8,,,Enterprise,39,7761,93132,,,,,monthly,
S-dc8c2f,A-8b0451,,,Basic,41,779,9348,,,,,monthly,
S-a33656,A-524364,,,Basic,12,228,2736,,,,,monthly,
S-b991d2,A-3ce5b8,,,Pro,8,392,4704,,,,,annual,
S-a53e06,A-089363,,,Basic,3,57,684,,,,,annual,
S-249448,A-dbc825,,,Enterprise,19,3781,45372,,,,,annual,
S-768196,A-1f7acb,,,Basic,64,1216,14592,,,,,monthly,
S-e6513c,A-2edab2,,,Basic,17,323,3876,,,,,monthly,
S-0acba4,A-4e631b,,,Basic,22,418,5016,,,,,annual,
S-e57a7d,A-3f9cc0,,,Enterprise,22,4378,52536,,,,,annual,
S-f24609,A-151c9a,,,Pro,29,1421,17052,,,,,monthly,
S-cfb246,A-ee42db,,,Basic,13,0,0,,,,,annual,
S-242e1b,A-313be3,,,Pro,47,2303,27636,,,,,annual,
S-89d7b0,A-fe79a5,,,Enterprise,9,1791,21492,,,,,annual,
S-5a26fc,A-9779ad,,,Pro,40,0,0,,,,,annual,
S-d64e41,A-354f12,,,Enterprise,34,6766,81192,,,,,annual,
S-482962,A-de24d5,,,Pro,20,980,11760,,,,,annual,
S-e77d56,A-9289f6,,,Basic,1,19,228,,,,,monthly,
S-658bcb,A-0cc442,,,Enterprise,45,8955,107460,,,,,monthly,
S-56c23b,A-e888d1,,,Enterprise,19,3781,45372,,,,,annual,
S-39f1b0,A-bf7919,,,Enterprise,8,0,0,,,,,annual,
S-21d0ab,A-a1b80b,,,Basic,22,418,5016,,,,,monthly,
S-b27c2f,A-625d0b,,,Pro,17,833,9996,,,,,monthly,
S-1224ea,A-474ad4,,,Pro,8,0,0,,,,,monthly,
S-0d8293,A-425e76,,,Pro,71,3479,41748,,,,,monthly,
S-f409d8,A-0651a4,,,Enterprise,16,3184,38208,,,,,annual,
S-374511,A-e89151,,,Enterprise,10,1990,23880,,,,,monthly,
S-c1f160,A-ccabf0,,,Pro,2,98,1176,,,,,annual,
S-2b58a7,A-7c5768,,,Basic,3,57,684,,,,,monthly,
S-4dfd17,A-bcbe98,,,Basic,46,874,10488,,,,,monthly,
S-4781b1,A-558c72,,,Pro,16,784,9408,,,,,monthly,
S-c53808,A-712426,,,Pro,12,588,7056,,,,,monthly,
S-e3165d,A-3b5cd1,,,Pro,21,1029,12348,,,,,monthly,
S-0334aa,A-acb7f7,,,Pro,41,2009,24108,,,,,annual,
S-6c625e,A-854864,,,Pro,91,4459,53508,,,,,monthly,
S-e48c4d,A-439b2f,,,Basic,7,133,1596,,,,,annual,
S-322a59,A-a8b49c,,,Pro,26,1274,15288,,,,,monthly,
S-41b844,A-94d3da,,,Pro,41,2009,24108,,,,,monthly,
S-12125f,A-e5d6ab,,,Basic,3,57,684,,,,,monthly,
S-91709b,A-ab438f,,,Enterprise,23,4577,54924,,,,,annual,
S-ff681f,A-bbc346,,,Enterprise,19,3781,45372,,,,,annual,
S-6b534f,A-08e34e,,,Enterprise,14,2786,33432,,,,,monthly,
S-2d3434,A-425e76,,,Pro,8,392,4704,,,,,annual,
S-b8caad,A-ac14bb,,,Pro,21,1029,12348,,,,,annual,
S-58ab69,A-58b9ff,,,Pro,63,3087,37044,,,,,monthly,
S-6c877e,A-712533,,,Enterprise,18,0,0,,,,,monthly,
S-ff4611,A-c9bb3e,,,Pro,123,6027,72324,,,,,annual,
S-f3c329,A-1f0636,,,Basic,105,1995,23940,,,,,annual,
S-270a4e,A-6c093d,,,Basic,7,133,1596,,,,,monthly,
S-2a312e,A-034368,,,Basic,26,494,5928,,,,,monthly,
S-3aa11b,A-7c83a1,,,Pro,12,588,7056,,,,,annual,
S-0a8cff,A-016043,,,Enterprise,12,0,0,,,,,monthly,
S-b4d224,A-4c6f11,,,Basic,27,513,6156,,,,,annual,
S-f0e458,A-ab438f,,,Pro,77,0,0,,,,,monthly,
S-af5ec3,A-8e47ca,,,Enterprise,19,3781,45372,,,,,monthly,
S-683c6b,A-e36807,,,Enterprise,14,2786,33432,,,,,annual,
S-1df679,A-508199,,,Enterprise,19,3781,45372,,,,,annual,
S-ca74fe,A-dfbd31,,,Pro,14,686,8232,,,,,annual,
S-061025,A-c45b23,,,Pro,7,343,4116,,,,,annual,
S-333abd,A-a1b80b,,,Basic,16,304,3648,,,,,annual,
S-5281ee,A-427b69,,,Pro,17,0,0,,,,,annual,
S-1bf697,A-acb7f7,,,Pro,32,1568,18816,,,,,monthly,
S-9b8167,A-054577,,,Pro,29,1421,17052,,,,,monthly,
S-585d4c,A-00bed1,,,Enterprise,28,5572,66864,,,,,monthly,
S-cdd281,A-39ddf4,,,Enterprise,40,7960,95520,,,,,monthly,
S-f83141,A-659280,,,Basic,17,0,0,,,,,annual,
S-3af429,A-9077b0,,,Basic,30,0,0,,,,,monthly,
S-0cb4fe,A-560d27,,,Enterprise,71,14129,169548,,,,,monthly,
S-da3b68,A-5c046d,,,Enterprise,93,18507,222084,,,,,monthly,
S-620b62,A-d42431,,,Enterprise,22,4378,52536,,,,,annual,
S-4056f6,A-86cdb4,,,Pro,2,98,1176,,,,,annual,
S-7a1803,A-443b7c,,,Enterprise,11,0,0,,,,,annual,
S-ddc51c,A-ad296b,,,Pro,38,1862,22344,,,,,annual,
S-ba228b,A-a33200,,,Basic,29,551,6612,,,,,monthly,
S-e3255c,A-600734,,,Pro,29,1421,17052,,,,,monthly,
S-5619af,A-1d5444,,,Enterprise,24,4776,57312,,,,,monthly,
S-47048b,A-0f7d77,,,Basic,7,133,1596,,,,,annual,
S-b60208,A-9174e0,,,Enterprise,37,0,0,,,,,annual,
S-64d203,A-f17767,,,Pro,9,441,5292,,,,,monthly,
S-a87ff6,A-4e960a,,,Basic,12,228,2736,,,,,monthly,
S-0ff481,A-6c093d,,,Basic,15,285,3420,,,,,annual,
S-bb3c63,A-94d3da,,,Basic,41,779,9348,,,,,monthly,
S-55aa8a,A-bad8c1,,,Pro,60,0,0,,,,,monthly,
S-196dc6,A-eb2fdc,,,Enterprise,47,9353,112236,,,,,annual,
S-afa7a7,A-1b9609,,,Enterprise,25,0,0,,,,,annual,
S-fcef74,A-ad64c6,,,Pro,12,588,7056,,,,,monthly,
S-a3129d,A-712426,,,Enterprise,18,0,0,,,,,annual,
S-8def89,A-cbd1a3,,,Enterprise,8,1592,19104,,,,,annual,
S-a2cde5,A-463db0,,,Pro,15,735,8820,,,,,annual,
S-c855b0,A-ac14bb,,,Enterprise,71,14129,169548,,,,,annual,
S-85ddea,A-cc1d8d,,,Enterprise,5,995,11940,,,,,monthly,
S-982ee2,A-eb2fdc,,,Enterprise,31,6169,74028,,,,,annual,
S-6ce11a,A-ac85cd,,,Basic,53,1007,12084,,,,,annual,
S-d638c7,A-832ec2,,,Basic,31,589,7068,,,,,annual,
S-f967c2,A-029f69,,,Basic,7,133,1596,,,,,monthly,
S-196c1e,A-7df7a7,,,Basic,7,133,1596,,,,,annual,
S-559e85,A-53f4e3,,,Pro,29,1421,17052,,,,,monthly,
S-af7a2c,A-dcc2f0,,,Basic,22,418,5016,,,,,annual,
S-e66253,A-d5a319,,,Enterprise,15,2985,35820,,,,,annual,
S-25f647,A-425e76,,,Basic,37,703,8436,,,,,monthly,
S-766d8b,A-82861f,,,Enterprise,41,8159,97908,,,,,monthly,
S-39f1ed,A-6dee43,,,Pro,3,147,1764,,,,,monthly,
S-70c734,A-bd4708,,,Pro,37,1813,21756,,,,,annual,
S-e44831,A-bb2f49,,,Pro,28,1372,16464,,,,,monthly,
S-21c164,A-029f69,,,Basic,34,646,7752,,,,,annual,
S-d83789,A-104f1a,,,Pro,24,1176,14112,,,,,monthly,
S-dafec3,A-684255,,,Enterprise,9,1791,21492,,,,,annual,
S-9cd745,A-cab532,,,Enterprise,11,2189,26268,,,,,monthly,
S-90e2d7,A-8ae3fc,,,Basic,31,589,7068,,,,,annual,
S-ca72d9,A-bcf664,,,Basic,55,1045,12540,,,,,annual,
S-e05562,A-075038,,,Pro,17,833,9996,,,,,monthly,
S-c14073,A-ba6516,,,Basic,27,513,6156,,,,,annual,
S-01b2dc,A-cc102e,,,Basic,13,247,2964,,,,,annual,
S-e25e6e,A-5a92e7,,,Basic,4,76,912,,,,,monthly,
S-47e122,A-271f46,,,Basic,38,722,8664,,,,,monthly,
S-5856ab,A-3c1a3f,,,Pro,19,931,11172,,,,,annual,
S-edd29b,A-592832,,,Enterprise,18,3582,42984,,,,,annual,
S-dc77b7,A-cbd1a3,,,Basic,20,380,4560,,,,,annual,
S-2d0c1f,A-241e75,,,Pro,46,2254,27048,,,,,annual,
S-ac42e8,A-417d2f,,,Basic,49,931,11172,,,,,monthly,
S-5c3f50,A-f3ff05,,,Enterprise,4,796,9552,,,,,annual,
S-84e658,A-922109,,,Enterprise,3,0,0,,,,,monthly,
S-1dbbc2,A-42b791,,,Basic,20,380,4560,,,,,monthly,
S-b633be,A-6c093d,,,Basic,62,0,0,,,,,monthly,
S-a1676a,A-bb3bd4,,,Pro,23,1127,13524,,,,,annual,
S-e958ba,A-417d2f,,,Pro,13,637,7644,,,,,monthly,
S-86571c,A-d26ab4,,,Enterprise,33,6567,78804,,,,,monthly,
S-4193dd,A-4e631b,,,Basic,22,418,5016,,,,,monthly,
S-860bc8,A-42e5e1,,,Basic,1,19,228,,,,,annual,
S-2e78ce,A-84ebe4,,,Basic,18,342,4104,,,,,monthly,
S-b5a1a0,A-474ad4,,,Basic,10,190,2280,,,,,annual,
S-480226,A-7f6b86,,,Basic,45,855,10260,,,,,annual,
S-be828b,A-cbbe12,,,Pro,40,1960,23520,,,,,monthly,
S-3ffd93,A-cc1d8d,,,Basic,39,741,8892,,,,,monthly,
S-94d88f,A-ccc747,,,Pro,16,784,9408,,,,,annual,
S-b27c39,A-484819,,,Basic,18,342,4104,,,,,monthly,
S-d073bb,A-a1bbb6,,,Enterprise,9,1791,21492,,,,,monthly,
S-afe3b8,A-cc1d8d,,,Pro,16,784,9408,,,,,monthly,
S-bbd8b5,A-54ecc2,,,Basic,4,76,912,,,,,annual,
S-6d10f7,A-7641d3,,,Pro,16,784,9408,,,,,monthly,
S-491d53,A-3cc791,,,Pro,12,588,7056,,,,,monthly,
S-cfedb3,A-54d94a,,,Basic,27,513,6156,,,,,annual,
S-62a617,A-2d1036,,,Basic,69,1311,15732,,,,,annual,
S-0b3f0c,A-3be56b,,,Enterprise,3,0,0,,,,,monthly,
S-e5909f,A-b44e3e,,,Pro,40,1960,23520,,,,,annual,
S-53ff75,A-acb7f7,,,Basic,32,608,7296,,,,,monthly,
S-4a724b,A-00bed1,,,Pro,28,1372,16464,,,,,annual,
S-ce90ba,A-812c5b,,,Pro,55,0,0,,,,,monthly,
S-672dd6,A-05d3b3,,,Enterprise,16,3184,38208,,,,,monthly,
S-78172b,A-f9cc74,,,Enterprise,30,5970,71640,,,,,monthly,
S-ea9f08,A-b9eed8,,,Pro,13,637,7644,,,,,annual,
S-5aa854,A-328bd0,,,Pro,18,882,10584,,,,,annual,
S-e81358,A-d77f4c,,,Pro,29,1421,17052,,,,,annual,
S-e95f57,A-1986ca,,,Enterprise,20,3980,47760,,,,,monthly,
S-0027d3,A-e693b6,,,Basic,55,1045,12540,,,,,annual,
S-3ce79c,A-781cc0,,,Enterprise,22,4378,52536,,,,,monthly,
S-6e81f5,A-bece89,,,Pro,38,1862,22344,,,,,annual,
S-775a4f,A-7c83a1,,,Enterprise,19,3781,45372,,,,,monthly,
S-f4e6c0,A-2f6a32,,,Basic,19,0,0,,,,,monthly,
S-089366,A-e60f9d,,,Basic,29,551,6612,,,,,annual,
S-a19f87,A-bb1486,,,Pro,41,2009,24108,,,,,annual,
S-2de283,A-117171,,,Pro,45,0,0,,,,,monthly,
S-f497df,A-751c58,,,Basic,71,1349,16188,,,,,annual,
S-c8a4ff,A-fabe19,,,Enterprise,23,4577,54924,,,,,annual,
S-294d8b,A-9289f6,,,Enterprise,17,3383,40596,,,,,monthly,
S-a3927a,A-378b99,,,Enterprise,8,1592,19104,,,,,annual,
S-2cf162,A-a8d89d,,,Basic,13,247,2964,,,,,annual,
S-7be036,A-3a7284,,,Pro,31,1519,18228,,,,,annual,
S-1facfc,A-7df7a7,,,Pro,7,343,4116,,,,,annual,
S-ccdc31,A-970c97,,,Pro,19,931,11172,,,,,annual,
S-d3efa2,A-a1bbb6,,,Enterprise,11,2189,26268,,,,,monthly,
S-dcc1a5,A-029f69,,,Pro,26,1274,15288,,,,,annual,
S-0d2fb8,A-43a9e3,,,Basic,22,418,5016,,,,,annual,
S-0fcf7d,A-e08cd3,,,Pro,67,3283,39396,,,,,annual,
S-e76552,A-474ad4,,,Pro,8,392,4704,,,,,monthly,
S-c14566,A-313be3,,,Pro,47,2303,27636,,,,,annual,
S-a2fb62,A-443f6f,,,Pro,19,931,11172,,,,,annual,
S-bd1912,A-0cc442,,,Basic,97,1843,22116,,,,,monthly,
S-d5605e,A-e351e1,,,Basic,33,0,0,,,,,monthly,
S-b9c635,A-87aa7b,,,Pro,24,1176,14112,,,,,monthly,
S-f2dd76,A-443b7c,,,Pro,39,0,0,,,,,monthly,
S-e7de53,A-4a4c2d,,,Basic,54,1026,12312,,,,,monthly,
S-8ed780,A-bc87bc,,,Basic,13,247,2964,,,,,monthly,
S-6a017c,A-6f8ad2,,,Enterprise,5,995,11940,,,,,annual,
S-f2e134,A-4f18f0,,,Basic,25,475,5700,,,,,monthly,
S-9fbdfb,A-e4144b,,,Enterprise,79,0,0,,,,,annual,
S-2416eb,A-cd458b,,,Basic,10,190,2280,,,,,monthly,
S-20812a,A-5a3eb9,,,Pro,69,3381,40572,,,,,monthly,
S-e88276,A-66224b,,,Basic,92,1748,20976,,,,,monthly,
S-51cb35,A-18793f,,,Basic,148,2812,33744,,,,,annual,
S-53e028,A-fdfc91,,,Basic,111,2109,25308,,,,,monthly,
S-f64908,A-1ac5e0,,,Basic,33,0,0,,,,,monthly,
S-a0c741,A-40906c,,,Basic,92,1748,20976,,,,,monthly,
S-65d722,A-df10db,,,Basic,2,38,456,,,,,monthly,
S-5b9bb9,A-bc4d48,,,Pro,35,1715,20580,,,,,annual,
S-84c44b,A-9bfc9f,,,Basic,53,1007,12084,,,,,monthly,
S-0fb7bb,A-87aa7b,,,Pro,24,1176,14112,,,,,annual,
S-cdc644,A-76fa4d,,,Enterprise,69,13731,164772,,,,,annual,
S-c57c91,A-39ddf4,,,Pro,40,1960,23520,,,,,monthly,
S-2d7947,A-4e960a,,,Basic,12,228,2736,,,,,annual,
S-b81200,A-7c6b6b,,,Pro,6,294,3528,,,,,monthly,
S-8ea942,A-0651a4,,,Enterprise,36,0,0,,,,,annual,
S-0146f6,A-7641d3,,,Enterprise,13,2587,31044,,,,,monthly,
S-8b0950,A-dfbd31,,,Enterprise,14,2786,33432,,,,,monthly,
S-5bbb5b,A-ffc04f,,,Enterprise,15,2985,35820,,,,,annual,
S-ecefa1,A-40a557,,,Basic,25,475,5700,,,,,monthly,
S-1526b7,A-2f6a32,,,Pro,19,931,11172,,,,,annual,
S-55d484,A-52dd88,,,Basic,23,0,0,,,,,annual,
S-94471b,A-ffc04f,,,Basic,13,247,2964,,,,,monthly,
S-eb4b0a,A-acb7f7,,,Basic,32,608,7296,,,,,annual,
S-f7a5b9,A-ffdfd5,,,Pro,11,539,6468,,,,,annual,
S-410fd5,A-a1b80b,,,Basic,19,361,4332,,,,,annual,
S-32ab86,A-7c6b6b,,,Pro,23,1127,13524,,,,,monthly,
S-9e8b22,A-7c6b6b,,,Pro,6,294,3528,,,,,annual,
S-bf4ec8,A-7a0d69,,,Pro,15,735,8820,,,,,monthly,
S-a25d8b,A-40a557,,,Enterprise,55,10945,131340,,,,,monthly,
S-37f480,A-87aa7b,,,Pro,27,1323,15876,,,,,annual,
S-c27e9c,A-9f2731,,,Basic,38,722,8664,,,,,monthly,
S-a76521,A-eb7c38,,,Basic,33,627,7524,,,,,annual,
S-0ab9fb,A-05f0e5,,,Pro,65,3185,38220,,,,,annual,
S-afc43d,A-02cd81,,,Basic,44,836,10032,,,,,annual,
S-b6e44c,A-019782,,,Basic,11,209,2508,,,,,annual,
S-6a8046,A-f97b9a,,,Enterprise,19,3781,45372,,,,,monthly,
S-a3cbd4,A-42e5e1,,,Enterprise,20,3980,47760,,,,,monthly,
S-f74e00,A-8ae05d,,,Pro,86,4214,50568,,,,,monthly,
S-c2eeba,A-65aeb5,,,Basic,9,171,2052,,,,,monthly,
S-371662,A-bad8c1,,,Pro,54,2646,31752,,,,,monthly,
S-8ebe58,A-cea1f0,,,Pro,8,0,0,,,,,annual,
S-6102fe,A-cb5333,,,Basic,33,0,0,,,,,monthly,
S-6676fa,A-7df7a7,,,Pro,7,343,4116,,,,,monthly,
S-2b550a,A-c7ffc2,,,Enterprise,30,5970,71640,,,,,monthly,
S-c48d0d,A-3ce5b8,,,Basic,37,703,8436,,,,,annual,
S-7fca0e,A-5b4ebb,,,Basic,52,988,11856,,,,,annual,
S-5d343c,A-9208f0,,,Basic,25,475,5700,,,,,annual,
S-76b176,A-6da850,,,Pro,8,392,4704,,,,,monthly,
S-e746d2,A-977ca0,,,Enterprise,91,18109,217308,,,,,monthly,
S-7b896c,A-ffdfd5,,,Basic,30,570,6840,,,,,monthly,
S-c9a968,A-bad8c1,,,Basic,8,152,1824,,,,,monthly,
S-f4b648,A-8ae05d,,,Enterprise,86,17114,205368,,,,,annual,
S-f4a3ac,A-1f7acb,,,Enterprise,64,12736,152832,,,,,annual,
S-42671b,A-118f1c,,,Enterprise,32,6368,76416,,,,,annual,
S-88cc86,A-80eeb6,,,Enterprise,22,4378,52536,,,,,annual,
S-02b754,A-3b37d9,,,Enterprise,23,4577,54924,,,,,annual,
S-7826c1,A-157070,,,Pro,18,882,10584,,,,,monthly,
S-45c2cf,A-7920cc,,,Basic,39,741,8892,,,,,monthly,
S-df819a,A-ffc04f,,,Pro,20,980,11760,,,,,monthly,
S-983266,A-dcc2f0,,,Pro,15,735,8820,,,,,annual,
S-16dfaf,A-8e47ca,,,Pro,19,931,11172,,,,,annual,
S-f77847,A-186a44,,,Basic,20,380,4560,,,,,annual,
S-1053c9,A-69b156,,,Basic,14,266,3192,,,,,annual,
S-8eae4e,A-db5e9e,,,Enterprise,16,3184,38208,,,,,monthly,
S-bf39f7,A-3793ee,,,Pro,49,2401,28812,,,,,monthly,
S-a4142f,A-a8b49c,,,Basic,7,133,1596,,,,,annual,
S-e6dee4,A-029f69,,,Pro,3,147,1764,,,,,annual,
S-b76ba6,A-d4ac0e,,,Pro,18,882,10584,,,,,monthly,
S-5a94f7,A-328bd0,,,Pro,33,1617,19404,,,,,monthly,
S-61afee,A-7df7a7,,,Enterprise,45,8955,107460,,,,,monthly,
S-2a73e2,A-10b8f2,,,Basic,47,893,10716,,,,,annual,
S-e0075b,A-b3fe05,,,Enterprise,17,3383,40596,,,,,annual,
S-5bbb53,A-1b7577,,,Pro,4,196,2352,,,,,annual,
S-65731a,A-684255,,,Basic,9,0,0,,,,,annual,
S-2d5c04,A-503d5a,,,Enterprise,5,995,11940,,,,,monthly,
S-34253c,A-1b9609,,,Basic,18,342,4104,,,,,annual,
S-d18856,A-396e5f,,,Enterprise,6,1194,14328,,,,,monthly,
S-e6b450,A-eb1312,,,Pro,25,1225,14700,,,,,monthly,
S-0d8cfd,A-4ae22a,,,Pro,6,294,3528,,,,,annual,
S-86e45a,A-56962b,,,Pro,163,7987,95844,,,,,annual,
S-dcae52,A-00cac8,,,Enterprise,20,3980,47760,,,,,monthly,
S-17bbdd,A-bcbe98,,,Pro,46,2254,27048,,,,,annual,
S-f24690,A-756192,,,Basic,19,361,4332,,,,,monthly,
S-9a3e85,A-8ae3fc,,,Pro,21,1029,12348,,,,,annual,
S-1c2a4a,A-b7b7b7,,,Pro,24,1176,14112,,,,,annual,
S-c37ee1,A-9174e0,,,Basic,60,1140,13680,,,,,monthly,
S-4ebd94,A-c62e55,,,Pro,24,1176,14112,,,,,annual,
S-61797c,A-ad296b,,,Basic,38,722,8664,,,,,annual,
S-f8d0a2,A-a0ca4e,,,Basic,11,209,2508,,,,,annual,
S-d0eeb2,A-fce879,,,Pro,45,0,0,,,,,monthly,
S-10fc7d,A-cab532,,,Enterprise,11,2189,26268,,,,,annual,
S-c249fb,A-cc98bc,,,Basic,32,608,7296,,,,,monthly,
S-c86492,A-c43359,,,Pro,38,1862,22344,,,,,annual,
S-1be7c5,A-80eeb6,,,Basic,34,646,7752,,,,,monthly,
S-86bcda,A-4a4c2d,,,Basic,54,1026,12312,,,,,monthly,
S-ee956d,A-96bbc6,,,Pro,39,1911,22932,,,,,annual,
S-404132,A-39ddf4,,,Pro,40,1960,23520,,,,,annual,
S-4d5ab5,A-df1e44,,,Enterprise,12,2388,28656,,,,,monthly,
S-e5d9a4,A-09316c,,,Enterprise,70,13930,167160,,,,,annual,
S-3684d3,A-7920cc,,,Basic,39,741,8892,,,,,monthly,
S-cce4fc,A-659280,,,Pro,13,637,7644,,,,,annual,
S-3cae45,A-c16101,,,Enterprise,7,1393,16716,,,,,annual,
S-82b11e,A-0651a4,,,Basic,21,399,4788,,,,,annual,
S-23d18f,A-ad3abd,,,Basic,44,0,0,,,,,monthly,
S-652885,A-59f724,,,Basic,18,342,4104,,,,,monthly,
S-2e7b85,A-328bd0,,,Basic,18,342,4104,,,,,annual,
S-48c5be,A-fa2041,,,Pro,39,0,0,,,,,annual,
S-277111,A-625d0b,,,Pro,9,441,5292,,,,,monthly,
S-505f35,A-5a184f,,,Enterprise,22,4378,52536,,,,,annual,
S-70b655,A-ac85cd,,,Pro,53,2597,31164,,,,,monthly,
S-4ac0bb,A-7c6b6b,,,Pro,28,1372,16464,,,,,monthly,
S-4ea564,A-de58ca,,,Basic,15,285,3420,,,,,annual,
S-1a9c5c,A-c58f49,,,Basic,70,0,0,,,,,annual,
S-23dab0,A-65aeb5,,,Pro,9,441,5292,,,,,annual,
S-d396d1,A-2edab2,,,Pro,17,833,9996,,,,,monthly,
S-f1826f,A-4c6f11,,,Enterprise,24,4776,57312,,,,,monthly,
S-1c3a42,A-f45426,,,Enterprise,20,3980,47760,,,,,annual,
S-27c00d,A-a6d261,,,Basic,48,912,10944,,,,,monthly,
S-2e4018,A-7f8241,,,Enterprise,34,6766,81192,,,,,monthly,
S-4da459,A-02cd81,,,Pro,44,2156,25872,,,,,annual,
S-5879cf,A-a09355,,,Enterprise,30,5970,71640,,,,,monthly,
S-2e965d,A-00cac8,,,Pro,8,392,4704,,,,,monthly,
S-e0f238,A-463db0,,,Pro,35,1715,20580,,,,,annual,
S-752e61,A-e3bd71,,,Enterprise,31,6169,74028,,,,,monthly,
S-1a3d9c,A-684255,,,Pro,11,539,6468,,,,,annual,
S-525d6b,A-94f8c9,,,Enterprise,13,0,0,,,,,monthly,
S-a45a12,A-dcc3f1,,,Basic,21,399,4788,,,,,monthly,
S-975ee4,A-a09355,,,Pro,14,686,8232,,,,,annual,
S-50c6f5,A-a6d261,,,Enterprise,103,20497,245964,,,,,monthly,
S-150c8e,A-58b9ff,,,Pro,33,1617,19404,,,,,monthly,
S-da2f0b,A-8145a0,,,Enterprise,12,2388,28656,,,,,annual,
S-2bc860,A-98a59a,,,Pro,56,2744,32928,,,,,monthly,
S-da9d5f,A-a33200,,,Basic,29,551,6612,,,,,annual,
S-c7f2e5,A-34ea2f,,,Enterprise,21,4179,50148,,,,,annual,
S-eef92e,A-fdfc91,,,Pro,66,3234,38808,,,,,annual,
S-3947da,A-37f969,,,Enterprise,30,5970,71640,,,,,annual,
S-51590f,A-249769,,,Basic,9,171,2052,,,,,annual,
S-383ac2,A-09316c,,,Basic,70,0,0,,,,,monthly,
S-44e3ac,A-81edc3,,,Enterprise,5,995,11940,,,,,monthly,
S-ebe172,A-c4ea60,,,Basic,18,342,4104,,,,,monthly,
S-a4139f,A-c45b23,,,Pro,5,245,2940,,,,,monthly,
S-32d874,A-02cd81,,,Pro,44,2156,25872,,,,,annual,
S-4e63e7,A-a33200,,,Enterprise,29,5771,69252,,,,,annual,
S-810c27,A-8ed5dd,,,Basic,5,95,1140,,,,,annual,
S-74d86d,A-5ed98d,,,Basic,54,1026,12312,,,,,annual,
S-ad32a8,A-6843f2,,,Pro,21,1029,12348,,,,,monthly,
S-2f729b,A-3be56b,,,Pro,35,1715,20580,,,,,monthly,
S-3eb56d,A-463db0,,,Pro,15,735,8820,,,,,annual,
S-21bd9b,A-65a46c,,,Pro,35,1715,20580,,,,,annual,
S-2e0575,A-4814a3,,,Enterprise,87,17313,207756,,,,,annual,
S-1630dd,A-fda07f,,,Pro,34,1666,19992,,,,,annual,
S-9842bb,A-4814a3,,,Enterprise,87,17313,207756,,,,,monthly,
S-12ed58,A-1f0ac7,,,Basic,32,608,7296,,,,,annual,
S-be3ff6,A-de58ca,,,Pro,105,0,0,,,,,annual,
S-a36281,A-c45b23,,,Basic,8,152,1824,,,,,monthly,
S-7d651b,A-4ef964,,,Pro,28,1372,16464,,,,,monthly,
S-668cdc,A-40de06,,,Pro,28,1372,16464,,,,,monthly,
S-3ef584,A-72799b,,,Enterprise,20,3980,47760,,,,,annual,
S-9211e5,A-d4ac0e,,,Enterprise,28,5572,66864,,,,,annual,
S-3ae2dd,A-f45426,,,Basic,57,0,0,,,,,annual,
S-942caf,A-812c5b,,,Basic,71,1349,16188,,,,,monthly,
S-d71bdd,A-c45b23,,,Enterprise,9,1791,21492,,,,,annual,
S-f32731,A-20736a,,,Enterprise,50,0,0,,,,,monthly,
S-911b0a,A-8ed5dd,,,Pro,5,245,2940,,,,,annual,
S-d09309,A-d49cc5,,,Pro,75,3675,44100,,,,,monthly,
S-4260ed,A-4f18f0,,,Basic,24,456,5472,,,,,annual,
S-c7e38a,A-2edab2,,,Basic,17,323,3876,,,,,annual,
S-d22c1d,A-337bc1,,,Pro,86,4214,50568,,,,,monthly,
S-aadf83,A-700ade,,,Enterprise,9,1791,21492,,,,,annual,
S-096835,A-117171,,,Enterprise,45,0,0,,,,,monthly,
S-8ba96c,A-f6b2fb,,,Enterprise,23,4577,54924,,,,,annual,
S-3112d0,A-68f37c,,,Basic,94,1786,21432,,,,,monthly,
S-7ea5d9,A-684255,,,Pro,10,490,5880,,,,,monthly,
S-c796c1,A-aa9511,,,Pro,23,1127,13524,,,,,monthly,
S-0ea795,A-d3c88e,,,Pro,16,784,9408,,,,,annual,
S-32545c,A-7dacce,,,Enterprise,15,2985,35820,,,,,annual,
S-2aaca3,A-751c58,,,Enterprise,26,5174,62088,,,,,monthly,
S-6fde5e,A-7c4956,,,Basic,27,513,6156,,,,,annual,
S-7ccc38,A-2d1036,,,Basic,69,1311,15732,,,,,annual,
S-ff9bde,A-8bde0c,,,Pro,12,588,7056,,,,,monthly,
S-a01d87,A-e5d6ab,,,Basic,9,171,2052,,,,,annual,
S-9ac7cb,A-712f1c,,,Pro,18,882,10584,,,,,monthly,
S-b47d75,A-b2225d,,,Enterprise,47,9353,112236,,,,,annual,
S-d71a1f,A-40a557,,,Pro,16,784,9408,,,,,annual,
S-08e560,A-de58ca,,,Pro,15,735,8820,,,,,monthly,
S-46ff9c,A-139c3b,,,Pro,28,1372,16464,,,,,monthly,
S-d91f4c,A-1b7577,,,Basic,10,190,2280,,,,,monthly,
S-40adae,A-8145a0,,,Basic,10,190,2280,,,,,monthly,
S-db4e11,A-49b828,,,Pro,14,686,8232,,,,,monthly,
S-e4a862,A-3ce5b8,,,Enterprise,8,0,0,,,,,annual,
S-e7cb68,A-474ad4,,,Pro,9,441,5292,,,,,annual,
S-e093a9,A-80eeb6,,,Pro,22,1078,12936,,,,,monthly,
S-56834c,A-158f4e,,,Pro,61,0,0,,,,,monthly,
S-11d922,A-533452,,,Enterprise,15,2985,35820,,,,,monthly,
S-58b22d,A-6f50ae,,,Enterprise,19,3781,45372,,,,,monthly,
S-42daaa,A-08e34e,,,Basic,77,1463,17556,,,,,annual,
S-fa0d9e,A-726cfa,,,Enterprise,38,7562,90744,,,,,monthly,
S-55c61c,A-8b0451,,,Enterprise,41,8159,97908,,,,,annual,
S-9917a2,A-ac14bb,,,Pro,26,0,0,,,,,annual,
S-154918,A-c1dfe1,,,Basic,26,494,5928,,,,,monthly,
S-20152a,A-fabe19,,,Enterprise,33,0,0,,,,,annual,
S-f0e08e,A-69b156,,,Enterprise,13,2587,31044,,,,,monthly,
S-0896f4,A-781cc0,,,Basic,12,228,2736,,,,,annual,
S-328ac2,A-417d2f,,,Pro,4,196,2352,,,,,annual,
S-4df118,A-86fc1d,,,Basic,26,494,5928,,,,,monthly,
S-01bbff,A-de24d5,,,Basic,5,95,1140,,,,,annual,
S-31d765,A-7dacce,,,Pro,12,0,0,,,,,annual,
S-c64b73,A-de58ca,,,Pro,15,735,8820,,,,,annual,
S-720940,A-2bc93d,,,Basic,20,380,4560,,,,,monthly,
S-e753fa,A-a6d261,,,Pro,28,1372,16464,,,,,annual,
S-755502,A-5a3eb9,,,Enterprise,18,3582,42984,,,,,annual,
S-5480a7,A-94d3da,,,Enterprise,41,8159,97908,,,,,annual,
S-db7a77,A-7df7a7,,,Enterprise,15,2985,35820,,,,,annual,
S-6403db,A-37f969,,,Basic,51,969,11628,,,,,monthly,
S-22f096,A-c58f49,,,Enterprise,70,13930,167160,,,,,monthly,
S-20f1bd,A-bb2f49,,,Pro,16,784,9408,,,,,monthly,
S-bbff6f,A-df10db,,,Pro,26,1274,15288,,,,,monthly,
S-3a694d,A-781cc0,,,Pro,20,980,11760,,,,,monthly,
S-e1820e,A-0651a4,,,Enterprise,19,3781,45372,,,,,annual,
S-67595c,A-508199,,,Basic,27,513,6156,,,,,annual,
S-17fb4d,A-71615e,,,Enterprise,15,2985,35820,,,,,monthly,
S-f8a794,A-dec005,,,Enterprise,31,6169,74028,,,,,monthly,
S-dc1c10,A-139c3b,,,Basic,29,551,6612,,,,,annual,
S-59d050,A-751c58,,,Pro,45,2205,26460,,,,,monthly,
S-a3b329,A-3a7284,,,Basic,37,703,8436,,,,,monthly,
S-2881e0,A-42e5e1,,,Pro,1,49,588,,,,,annual,
S-5d532c,A-cd458b,,,Enterprise,10,1990,23880,,,,,monthly,
S-f9c661,A-1e50e0,,,Enterprise,19,3781,45372,,,,,annual,
S-817e4b,A-42b791,,,Enterprise,75,14925,179100,,,,,annual,
S-59be40,A-94f8c9,,,Basic,13,247,2964,,,,,annual,
S-d82234,A-d77f4c,,,Pro,4,196,2352,,,,,annual,
S-68f388,A-671f31,,,Basic,59,1121,13452,,,,,monthly,
S-eae806,A-c37601,,,Enterprise,54,10746,128952,,,,,monthly,
S-1f0d7f,A-32728c,,,Basic,20,380,4560,,,,,annual,
S-544f34,A-fdfc91,,,Pro,29,1421,17052,,,,,monthly,
S-e71203,A-117171,,,Enterprise,45,8955,107460,,,,,monthly,
S-a53eac,A-9077b0,,,Basic,2,0,0,,,,,monthly,
S-efdeae,A-3793ee,,,Enterprise,49,9751,117012,,,,,monthly,
S-29ccb8,A-eb1312,,,Basic,25,475,5700,,,,,annual,
S-467016,A-e83938,,,Enterprise,7,1393,16716,,,,,monthly,
S-12a13c,A-40a557,,,Enterprise,16,3184,38208,,,,,monthly,
S-82ffca,A-508199,,,Enterprise,19,3781,45372,,,,,annual,
S-85b5ce,A-e7a1e2,,,Basic,10,190,2280,,,,,annual,
S-c1c645,A-443b7c,,,Basic,4,76,912,,,,,annual,
S-02984e,A-2e3bad,,,Enterprise,61,12139,145668,,,,,annual,
S-15e705,A-adc1f3,,,Pro,9,441,5292,,,,,annual,
S-0a19d1,A-5b4ebb,,,Enterprise,21,4179,50148,,,,,annual,
S-d50d25,A-6f50ae,,,Pro,19,931,11172,,,,,annual,
S-cb2ad3,A-52dd88,,,Basic,28,532,6384,,,,,annual,
S-15afd8,A-5c046d,,,Enterprise,93,18507,222084,,,,,annual,
S-e79dbc,A-2e4581,,,Pro,66,0,0,,,,,monthly,
S-33200e,A-f5641b,,,Enterprise,31,6169,74028,,,,,monthly,
S-d5eae3,A-e7a1e2,,,Enterprise,12,2388,28656,,,,,monthly,
S-f20079,A-8ae3fc,,,Basic,20,380,4560,,,,,monthly,
S-93622a,A-d4ac0e,,,Basic,156,0,0,,,,,monthly,
S-c62bb7,A-0a62f5,,,Enterprise,16,3184,38208,,,,,monthly,
S-6696a0,A-82861f,,,Basic,41,779,9348,,,,,monthly,
S-510999,A-7da956,,,Enterprise,13,0,0,,,,,monthly,
S-255846,A-9a532a,,,Enterprise,33,6567,78804,,,,,monthly,
S-fd8bb6,A-337bc1,,,Pro,30,1470,17640,,,,,monthly,
S-d7461b,A-fa3095,,,Pro,70,3430,41160,,,,,monthly,
S-2361ec,A-c45b23,,,Enterprise,26,5174,62088,,,,,annual,
S-9c47f6,A-5b1bcd,,,Pro,73,0,0,,,,,annual,
S-c20518,A-b2af2e,,,Enterprise,5,995,11940,,,,,monthly,
S-cdf835,A-f19409,,,Pro,23,1127,13524,,,,,monthly,
S-cde2c6,A-dec005,,,Enterprise,21,4179,50148,,,,,monthly,
S-af6974,A-86cdb4,,,Pro,18,882,10584,,,,,annual,
S-38c5fd,A-32fb14,,,Basic,26,494,5928,,,,,annual,
S-7bf6d8,A-fe79a5,,,Basic,9,0,0,,,,,annual,
S-ada98e,A-2789e3,,,Basic,11,209,2508,,,,,annual,
S-3a3be9,A-1b707d,,,Basic,8,152,1824,,,,,annual,
S-d4e525,A-7988d1,,,Basic,33,627,7524,,,,,annual,
S-8a6579,A-80eeb6,,,Basic,22,418,5016,,,,,annual,
S-db7a97,A-e60f9d,,,Enterprise,48,9552,114624,,,,,monthly,
S-699110,A-fda07f,,,Enterprise,27,5373,64476,,,,,annual,
S-f5f52a,A-7641d3,,,Pro,8,392,4704,,,,,annual,
S-748318,A-726cfa,,,Basic,14,266,3192,,,,,annual,
S-bb7eef,A-798a3f,,,Basic,31,589,7068,,,,,annual,
S-af6536,A-13466a,,,Enterprise,40,7960,95520,,,,,monthly,
S-5f75b5,A-1b707d,,,Enterprise,19,3781,45372,,,,,annual,
S-6f47c5,A-0b0d6d,,,Enterprise,13,2587,31044,,,,,annual,
S-552434,A-7f4db3,,,Pro,79,3871,46452,,,,,annual,
S-86615c,A-592832,,,Enterprise,26,5174,62088,,,,,monthly,
S-778307,A-f17767,,,Pro,23,1127,13524,,,,,monthly,
S-1e1853,A-089363,,,Enterprise,26,5174,62088,,,,,monthly,
S-e371b7,A-310452,,,Enterprise,50,9950,119400,,,,,monthly,
S-36885c,A-02cd81,,,Pro,44,0,0,,,,,annual,
S-304f59,A-625d0b,,,Basic,25,0,0,,,,,annual,
S-3e5d57,A-503d5a,,,Basic,25,0,0,,,,,annual,
S-013f5c,A-40de06,,,Pro,35,0,0,,,,,annual,
S-acb7af,A-8adedc,,,Enterprise,4,0,0,,,,,annual,
S-9fae95,A-96bbc6,,,Enterprise,56,11144,133728,,,,,annual,
S-70cf3c,A-3b5cd1,,,Pro,13,637,7644,,,,,monthly,
S-d26bbf,A-054577,,,Pro,35,1715,20580,,,,,monthly,
S-f7ef84,A-b11cd0,,,Pro,26,1274,15288,,,,,annual,
S-7480e6,A-524364,,,Enterprise,43,8557,102684,,,,,annual,
S-b95b76,A-dbc825,,,Pro,19,931,11172,,,,,monthly,
S-639754,A-034368,,,Basic,19,0,0,,,,,monthly,
S-06e3cd,A-42e5e1,,,Basic,22,0,0,,,,,monthly,
S-0e43ee,A-09540c,,,Enterprise,67,13333,159996,,,,,monthly,
S-a408fe,A-02fac6,,,Pro,22,1078,12936,,,,,monthly,
S-916cca,A-e51ec7,,,Basic,3,0,0,,,,,annual,
S-332e0d,A-3b5cd1,,,Pro,13,0,0,,,,,monthly,
S-5798f3,A-d77f4c,,,Pro,7,343,4116,,,,,monthly,
S-ea389c,A-df10db,,,Basic,14,266,3192,,,,,monthly,
S-8932ce,A-fa3095,,,Basic,70,1330,15960,,,,,monthly,
S-14d515,A-eb7c38,,,Enterprise,33,6567,78804,,,,,monthly,
S-99efdc,A-4e44e8,,,Enterprise,17,3383,40596,,,,,annual,
S-183502,A-4e960a,,,Enterprise,71,14129,169548,,,,,monthly,
S-7ff88c,A-b7ef83,,,Pro,12,588,7056,,,,,monthly,
S-583674,A-7c5768,,,Pro,6,0,0,,,,,monthly,
S-6e0386,A-2d4502,,,Enterprise,22,4378,52536,,,,,monthly,
S-79535e,A-4a4c2d,,,Pro,54,2646,31752,,,,,monthly,
S-180ae3,A-cab532,,,Pro,11,539,6468,,,,,annual,
S-31be9c,A-5f2961,,,Basic,55,1045,12540,,,,,monthly,
S-183460,A-310452,,,Basic,9,171,2052,,,,,annual,
S-2b608a,A-adc1f3,,,Basic,16,0,0,,,,,monthly,
S-499ea3,A-c16cf7,,,Enterprise,24,4776,57312,,,,,monthly,
S-a916c8,A-3cc791,,,Basic,12,0,0,,,,,monthly,
S-4e563b,A-10b8f2,,,Basic,103,1957,23484,,,,,annual,
S-f4e0a6,A-e61e98,,,Basic,19,361,4332,,,,,monthly,
S-7717d6,A-378b99,,,Enterprise,32,0,0,,,,,monthly,
S-ff4e21,A-7a0d69,,,Pro,6,294,3528,,,,,annual,
S-40b133,A-432483,,,Basic,4,0,0,,,,,annual,
S-92f228,A-779e4e,,,Basic,9,171,2052,,,,,annual,
S-2aec7e,A-ce66f8,,,Basic,29,551,6612,,,,,annual,
S-78f326,A-4c38bc,,,Basic,36,0,0,,,,,monthly,
S-0e12d4,A-a45270,,,Pro,13,637,7644,,,,,monthly,
S-9093cf,A-8ed5dd,,,Enterprise,30,5970,71640,,,,,monthly,
S-db94ad,A-313be3,,,Enterprise,47,0,0,,,,,annual,
S-59edf9,A-427b69,,,Basic,17,323,3876,,,,,monthly,
S-e854de,A-18793f,,,Pro,148,7252,87024,,,,,monthly,
S-28eeec,A-89ee83,,,Pro,2,98,1176,,,,,annual,
S-b93c11,A-9f9299,,,Basic,28,532,6384,,,,,monthly,
S-6cb3d7,A-fd7ad3,,,Pro,11,539,6468,,,,,annual,
S-bbdf5c,A-b7ef83,,,Enterprise,8,1592,19104,,,,,monthly,
S-5b8c4f,A-7c5768,,,Basic,8,152,1824,,,,,monthly,
S-6b9696,A-c16cf7,,,Basic,35,665,7980,,,,,annual,
S-9f009b,A-68f37c,,,Basic,16,0,0,,,,,monthly,
S-8317da,A-d49cc5,,,Basic,50,950,11400,,,,,monthly,
S-d61866,A-f17767,,,Enterprise,6,1194,14328,,,,,monthly,
S-0b8b0c,A-f17767,,,Enterprise,1,199,2388,,,,,monthly,
S-084930,A-c1e51e,,,Enterprise,3,597,7164,,,,,monthly,
S-2abab6,A-ae052e,,,Pro,39,0,0,,,,,monthly,
S-6b144c,A-3cc791,,,Basic,16,304,3648,,,,,annual,
S-0efc9b,A-4bfa33,,,Basic,12,228,2736,,,,,monthly,
S-f690e0,A-1f559b,,,Basic,7,133,1596,,,,,monthly,
S-6ac338,A-2b9d3e,,,Basic,28,532,6384,,,,,annual,
S-f52c97,A-40de06,,,Basic,28,532,6384,,,,,annual,
S-8b00ff,A-40906c,,,Enterprise,92,18308,219696,,,,,annual,
S-c7f25a,A-87aa7b,,,Basic,25,475,5700,,,,,monthly,
S-dbee03,A-49b828,,,Basic,9,171,2052,,,,,monthly,
S-1f15a2,A-7f4db3,,,Basic,39,0,0,,,,,annual,
S-3da8ee,A-271f46,,,Enterprise,46,9154,109848,,,,,monthly,
S-51dfbc,A-7f8241,,,Pro,34,1666,19992,,,,,monthly,
S-027102,A-3c1a3f,,,Enterprise,3,597,7164,,,,,annual,
S-d6f31b,A-b20d99,,,Enterprise,20,3980,47760,,,,,monthly,
S-b5b39a,A-1f0636,,,Pro,105,0,0,,,,,annual,
S-7ab956,A-53f4e3,,,Basic,13,247,2964,,,,,annual,
S-0a7396,A-54d94a,,,Pro,27,1323,15876,,,,,monthly,
S-337c84,A-2bc93d,,,Basic,29,551,6612,,,,,annual,
S-b8c3e6,A-8ae05d,,,Enterprise,86,0,0,,,,,monthly,
S-cd5968,A-ee42db,,,Pro,13,637,7644,,,,,monthly,
S-dc3e11,A-2f6a32,,,Pro,19,931,11172,,,,,monthly,
S-b18409,A-92a3af,,,Pro,25,1225,14700,,,,,monthly,
S-d365af,A-4e44e8,,,Basic,11,209,2508,,,,,annual,
S-eaf2e2,A-427b69,,,Pro,17,833,9996,,,,,annual,
S-b7482e,A-cbd1a3,,,Basic,34,646,7752,,,,,annual,
S-74704b,A-cb5333,,,Pro,33,1617,19404,,,,,monthly,
S-f8e091,A-34d880,,,Enterprise,5,995,11940,,,,,monthly,
S-41d741,A-65aeb5,,,Basic,28,532,6384,,,,,annual,
S-79e254,A-474ad4,,,Pro,53,2597,31164,,,,,annual,
S-2d21b9,A-b7b7b7,,,Pro,24,1176,14112,,,,,annual,
S-d56460,A-d62e02,,,Enterprise,16,3184,38208,,,,,annual,
S-8921cb,A-50bb9f,,,Enterprise,35,6965,83580,,,,,monthly,
S-920d64,A-b7724f,,,Basic,12,228,2736,,,,,annual,
S-ae7a5d,A-22f2df,,,Pro,15,735,8820,,,,,annual,
S-d518e8,A-e4144b,,,Basic,41,0,0,,,,,monthly,
S-3f1bb5,A-7e0a10,,,Basic,46,874,10488,,,,,annual,
S-83ee41,A-ad3abd,,,Basic,44,836,10032,,,,,annual,
S-9eeb7e,A-029f69,,,Basic,11,209,2508,,,,,monthly,
S-649bb6,A-9f9299,,,Enterprise,28,5572,66864,,,,,annual,
S-9f8b23,A-118f1c,,,Enterprise,128,25472,305664,,,,,annual,
S-510009,A-0651a4,,,Enterprise,16,3184,38208,,,,,monthly,
S-295bac,A-779e4e,,,Enterprise,58,11542,138504,,,,,monthly,
S-b555de,A-af0cd2,,,Basic,19,361,4332,,,,,monthly,
S-1f5841,A-b30291,,,Basic,5,95,1140,,,,,annual,
S-0d6da2,A-e4144b,,,Enterprise,41,0,0,,,,,monthly,
S-5c4dd7,A-0b0d6d,,,Pro,21,1029,12348,,,,,annual,
S-904529,A-fe79a5,,,Basic,19,0,0,,,,,monthly,
S-eed91a,A-22d9d2,,,Pro,32,1568,18816,,,,,monthly,
S-71466f,A-d5a319,,,Basic,15,285,3420,,,,,annual,
S-24d48b,A-7c83a1,,,Pro,12,588,7056,,,,,annual,
S-518ce3,A-98a59a,,,Pro,148,0,0,,,,,annual,
S-0e0ec8,A-cc102e,,,Basic,13,247,2964,,,,,annual,
S-fe0869,A-d4e0d4,,,Enterprise,117,23283,279396,,,,,annual,
S-457294,A-fa3095,,,Enterprise,70,13930,167160,,,,,monthly,
S-3bb28f,A-37f969,,,Enterprise,30,5970,71640,,,,,monthly,
S-31d8aa,A-96bbc6,,,Pro,39,1911,22932,,,,,annual,
S-29c16b,A-afa505,,,Pro,70,3430,41160,,,,,monthly,
S-b3f2cb,A-812c5b,,,Enterprise,55,0,0,,,,,monthly,
S-5d6528,A-22d9d2,,,Enterprise,8,1592,19104,,,,,monthly,
S-dbb8b9,A-58b9ff,,,Pro,2,98,1176,,,,,monthly,
S-9f7ef0,A-b3fe05,,,Enterprise,46,9154,109848,,,,,monthly,
S-2178f0,A-b30291,,,Basic,5,0,0,,,,,monthly,
S-31cec4,A-34ea2f,,,Basic,8,152,1824,,,,,monthly,
S-a1426b,A-cc98bc,,,Basic,32,608,7296,,,,,annual,
S-5ea66d,A-503d5a,,,Enterprise,4,796,9552,,,,,annual,
S-4f9730,A-8adedc,,,Enterprise,25,0,0,,,,,monthly,
S-befdf1,A-68f37c,,,Basic,13,247,2964,,,,,monthly,
S-2b504d,A-6a4e2d,,,Enterprise,9,1791,21492,,,,,annual,
S-4484ae,A-b07346,,,Enterprise,51,10149,121788,,,,,monthly,
S-a2e1dd,A-c37cab,,,Enterprise,13,0,0,,,,,monthly,
S-00dea4,A-a6d261,,,Enterprise,15,2985,35820,,,,,monthly,
S-b73fdf,A-dbc825,,,Basic,19,361,4332,,,,,annual,
S-07e821,A-e61e98,,,Pro,37,1813,21756,,,,,monthly,
S-c8292c,A-cb5333,,,Basic,51,0,0,,,,,annual,
S-47b86b,A-524364,,,Pro,11,539,6468,,,,,monthly,
S-07976e,A-81edc3,,,Pro,5,245,2940,,,,,monthly,
S-412125,A-1b9609,,,Basic,16,304,3648,,,,,monthly,
S-1d15a7,A-1e50e0,,,Enterprise,19,3781,45372,,,,,monthly,
S-655049,A-9779ad,,,Basic,40,0,0,,,,,monthly,
S-9cfabf,A-0f3e88,,,Basic,7,133,1596,,,,,annual,
S-dd80e4,A-0532a9,,,Enterprise,21,4179,50148,,,,,annual,
S-1fb7ac,A-117171,,,Pro,45,2205,26460,,,,,annual,
S-576519,A-cc98bc,,,Enterprise,32,6368,76416,,,,,monthly,
S-b23ec5,A-3be56b,,,Enterprise,18,3582,42984,,,,,annual,
S-1cb993,A-84ebe4,,,Basic,18,342,4104,,,,,annual,
S-c87692,A-dcc2f0,,,Basic,15,285,3420,,,,,annual,
S-2aaa9c,A-4c38bc,,,Pro,36,1764,21168,,,,,monthly,
S-8426e7,A-42e5e1,,,Enterprise,22,4378,52536,,,,,annual,
S-ed857b,A-ad64c6,,,Enterprise,12,2388,28656,,,,,monthly,
S-2843fe,A-089363,,,Basic,2,0,0,,,,,monthly,
S-4c8e19,A-659280,,,Basic,17,323,3876,,,,,monthly,
S-b4b084,A-ced9aa,,,Enterprise,5,995,11940,,,,,monthly,
S-0802a4,A-a45270,,,Pro,79,3871,46452,,,,,annual,
S-37879d,A-9779ad,,,Pro,40,1960,23520,,,,,monthly,
S-8048cc,A-eb7c38,,,Basic,9,171,2052,,,,,annual,
S-c2a14b,A-526d93,,,Enterprise,43,8557,102684,,,,,annual,
S-549340,A-eb1312,,,Pro,25,1225,14700,,,,,monthly,
S-83d49e,A-dbc825,,,Pro,19,931,11172,,,,,annual,
S-2ad954,A-b9f5b1,,,Enterprise,42,0,0,,,,,monthly,
S-4e4ef4,A-9ee962,,,Pro,25,1225,14700,,,,,monthly,
S-a0d68d,A-c58f49,,,Basic,70,1330,15960,,,,,monthly,
S-f3f2bd,A-560d27,,,Basic,29,0,0,,,,,annual,
S-37a9e3,A-c608c8,,,Enterprise,11,2189,26268,,,,,monthly,
S-c9d475,A-1986ca,,,Enterprise,20,3980,47760,,,,,annual,
S-646813,A-a45270,,,Enterprise,14,0,0,,,,,monthly,
S-d0bab8,A-94f8c9,,,Basic,74,1406,16872,,,,,annual,
S-57bbae,A-a09355,,,Pro,14,686,8232,,,,,monthly,
S-59778a,A-f6b2fb,,,Enterprise,49,9751,117012,,,,,monthly,
S-94c40b,A-7c6b6b,,,Pro,26,1274,15288,,,,,annual,
S-b9c6ce,A-e1462e,,,Enterprise,15,0,0,,,,,monthly,
S-f1ffee,A-96215d,,,Enterprise,16,3184,38208,,,,,annual,
S-cc30c5,A-b78bf8,,,Basic,33,627,7524,,,,,monthly,
S-9fa60e,A-712426,,,Basic,9,171,2052,,,,,annual,
S-44c2c1,A-2d1036,,,Pro,69,3381,40572,,,,,annual,
S-3d6648,A-e2cd1b,,,Enterprise,15,0,0,,,,,monthly,
S-d97fa8,A-508199,,,Basic,19,361,4332,,,,,monthly,
S-398291,A-acb7f7,,,Enterprise,32,6368,76416,,,,,monthly,
S-d7ee6f,A-35083d,,,Enterprise,19,3781,45372,,,,,annual,
S-3663bb,A-de24d5,,,Enterprise,5,0,0,,,,,monthly,
S-81cd46,A-ced9aa,,,Enterprise,6,1194,14328,,,,,annual,
S-e6678a,A-54ecc2,,,Pro,4,196,2352,,,,,annual,
S-69b66d,A-6da850,,,Basic,25,475,5700,,,,,annual,
S-68565b,A-5c046d,,,Basic,93,1767,21204,,,,,annual,
S-00b0bc,A-089363,,,Enterprise,9,0,0,,,,,annual,
S-f6ca9e,A-c7ffc2,,,Enterprise,30,5970,71640,,,,,annual,
S-8fd696,A-dec005,,,Enterprise,54,10746,128952,,,,,annual,
S-71cb15,A-2d4502,,,Enterprise,34,6766,81192,,,,,annual,
S-37dc91,A-a1bbb6,,,Pro,15,0,0,,,,,annual,
S-6cf72f,A-a8d89d,,,Basic,17,0,0,,,,,monthly,
S-117d65,A-86902e,,,Basic,34,646,7752,,,,,annual,
S-529f0c,A-592832,,,Pro,18,0,0,,,,,monthly,
S-3d58c6,A-054577,,,Basic,34,646,7752,,,,,monthly,
S-b33593,A-7641d3,,,Pro,11,0,0,,,,,monthly,
S-c6287d,A-075038,,,Pro,17,833,9996,,,,,monthly,
S-a2cd6a,A-508199,,,Enterprise,19,0,0,,,,,monthly,
S-30a9dd,A-417d2f,,,Basic,8,0,0,,,,,annual,
S-eef0cd,A-600734,,,Pro,29,1421,17052,,,,,annual,
S-15a897,A-d26ab4,,,Enterprise,9,0,0,,,,,annual,
S-9ee11d,A-104f1a,,,Pro,24,1176,14112,,,,,monthly,
S-f76252,A-560d27,,,Basic,23,437,5244,,,,,annual,
S-d920e7,A-bc4d48,,,Enterprise,35,6965,83580,,,,,annual,
S-75985b,A-3793ee,,,Enterprise,49,0,0,,,,,monthly,
S-765a5f,A-c9bb3e,,,Pro,35,1715,20580,,,,,annual,
S-c318ea,A-ccb686,,,Enterprise,10,1990,23880,,,,,monthly,
S-964542,A-a8b49c,,,Enterprise,12,2388,28656,,,,,annual,
S-6c4770,A-fa3095,,,Enterprise,70,0,0,,,,,monthly,
S-694277,A-34d880,,,Enterprise,4,796,9552,,,,,monthly,
S-97fab7,A-8ed5dd,,,Basic,5,95,1140,,,,,annual,
S-fb4fae,A-39b19f,,,Enterprise,41,8159,97908,,,,,monthly,
S-7b211a,A-e5d6ab,,,Pro,32,1568,18816,,,,,annual,
S-da9362,A-b2225d,,,Basic,47,893,10716,,,,,annual,
S-79b038,A-b07b56,,,Basic,25,475,5700,,,,,annual,
S-9a6a1b,A-c16b88,,,Pro,23,0,0,,,,,annual,
S-82348a,A-4e960a,,,Basic,12,0,0,,,,,annual,
S-df0314,A-39ddf4,,,Pro,40,1960,23520,,,,,monthly,
S-dd5a4c,A-716841,,,Basic,161,3059,36708,,,,,annual,
S-54bb4e,A-54d94a,,,Basic,55,1045,12540,,,,,monthly,
S-d98caa,A-09316c,,,Enterprise,70,13930,167160,,,,,annual,
S-eea4ae,A-ffc04f,,,Pro,13,0,0,,,,,monthly,
S-bd02dd,A-eb7fac,,,Pro,12,588,7056,,,,,monthly,
S-6d4050,A-854864,,,Enterprise,20,3980,47760,,,,,monthly,
S-3bb329,A-1e1b80,,,Pro,50,2450,29400,,,,,monthly,
S-f639fb,A-9f2731,,,Pro,27,0,0,,,,,monthly,
S-466093,A-883b7d,,,Basic,78,1482,17784,,,,,annual,
S-8bbfcd,A-eb1312,,,Basic,25,475,5700,,,,,annual,
S-ff23a7,A-35083d,,,Pro,48,0,0,,,,,monthly,
S-c92099,A-7f4db3,,,Enterprise,24,4776,57312,,,,,annual,
S-188518,A-86fc1d,,,Enterprise,26,0,0,,,,,monthly,
S-4f8c90,A-32fb14,,,Basic,29,551,6612,,,,,annual,
S-495e57,A-bbc346,,,Pro,20,980,11760,,,,,annual,
S-3fbf9e,A-00bed1,,,Pro,28,1372,16464,,,,,monthly,
S-15be1c,A-b20d99,,,Pro,27,1323,15876,,,,,monthly,
S-a18ab0,A-309e54,,,Pro,15,735,8820,,,,,monthly,
S-008cab,A-202b67,,,Pro,11,539,6468,,,,,monthly,
S-09950d,A-5f2961,,,Enterprise,7,1393,16716,,,,,annual,
S-8b24a0,A-309e54,,,Pro,33,1617,19404,,,,,monthly,
S-648618,A-726cfa,,,Pro,21,1029,12348,,,,,monthly,
S-d9659f,A-aa9511,,,Enterprise,23,4577,54924,,,,,annual,
S-ddbad0,A-bad8c1,,,Basic,42,798,9576,,,,,monthly,
S-1f9da0,A-977ca0,,,Basic,11,209,2508,,,,,monthly,
S-74f146,A-18793f,,,Pro,148,7252,87024,,,,,monthly,
S-e0179e,A-69fad4,,,Pro,13,0,0,,,,,monthly,
S-8055fa,A-09540c,,,Basic,67,1273,15276,,,,,monthly,
S-c1446e,A-9289f6,,,Enterprise,22,0,0,,,,,monthly,
S-27e9ad,A-05f0e5,,,Basic,32,608,7296,,,,,annual,
S-c08805,A-6f8ad2,,,Pro,18,882,10584,,,,,annual,
S-4012d6,A-f92792,,,Pro,15,735,8820,,,,,annual,
S-4236fa,A-4437e4,,,Basic,17,323,3876,,,,,monthly,
S-a87c2f,A-4ae22a,,,Enterprise,28,5572,66864,,,,,annual,
S-3df6ee,A-afa505,,,Enterprise,70,13930,167160,,,,,monthly,
S-ca9532,A-309e54,,,Enterprise,15,2985,35820,,,,,annual,
S-be42e1,A-9f2731,,,Pro,39,0,0,,,,,annual,
S-7d4d45,A-474ad4,,,Basic,17,323,3876,,,,,annual,
S-3c5dab,A-7da956,,,Basic,13,247,2964,,,,,monthly,
S-e43d0d,A-de24d5,,,Enterprise,37,7363,88356,,,,,annual,
S-f5df4a,A-58b9ff,,,Pro,6,294,3528,,,,,annual,
S-9925b9,A-cea1f0,,,Basic,25,475,5700,,,,,annual,
S-1ff580,A-6965e1,,,Enterprise,13,2587,31044,,,,,monthly,
S-f40285,A-bb1eaa,,,Basic,21,399,4788,,,,,monthly,
S-c59502,A-bf7919,,,Enterprise,3,597,7164,,,,,monthly,
S-54283b,A-4c56c9,,,Enterprise,49,9751,117012,,,,,monthly,
S-b48787,A-02fac6,,,Pro,22,1078,12936,,,,,annual,
S-d859b7,A-66224b,,,Enterprise,92,0,0,,,,,annual,
S-49d73e,A-f44180,,,Enterprise,35,0,0,,,,,annual,
S-dfad0a,A-7d514c,,,Basic,17,0,0,,,,,monthly,
S-dec1fb,A-297a2d,,,Enterprise,36,7164,85968,,,,,monthly,
S-90a6c9,A-c37cab,,,Pro,46,0,0,,,,,monthly,
S-e339fb,A-c1e51e,,,Enterprise,14,2786,33432,,,,,annual,
S-f4a92a,A-ccb686,,,Pro,14,686,8232,,,,,annual,
S-d1f7ad,A-c222ab,,,Basic,32,608,7296,,,,,annual,
S-81fc45,A-5a215a,,,Pro,87,0,0,,,,,annual,
S-a25ed2,A-65aeb5,,,Enterprise,9,1791,21492,,,,,monthly,
S-51b3ed,A-702032,,,Basic,28,532,6384,,,,,annual,
S-d604ec,A-67be94,,,Basic,26,494,5928,,,,,monthly,
S-864b0c,A-f25509,,,Enterprise,32,6368,76416,,,,,annual,
S-4c4852,A-71615e,,,Basic,73,0,0,,,,,monthly,
S-7576bd,A-354f12,,,Enterprise,9,1791,21492,,,,,annual,
S-b41269,A-e5d6ab,,,Enterprise,15,2985,35820,,,,,annual,
S-786a36,A-5ed98d,,,Enterprise,24,4776,57312,,,,,annual,
S-264c8a,A-34d880,,,Enterprise,7,0,0,,,,,monthly,
S-196e49,A-0b0d6d,,,Basic,12,228,2736,,,,,monthly,
S-cda242,A-71615e,,,Pro,22,1078,12936,,,,,annual,
S-c3d6a2,A-7f29a7,,,Basic,41,779,9348,,,,,annual,
S-43c737,A-65aeb5,,,Enterprise,9,1791,21492,,,,,annual,
S-021ca9,A-9affe6,,,Basic,18,342,4104,,,,,monthly,
S-576aec,A-7e0a10,,,Pro,46,2254,27048,,,,,monthly,
S-6485d5,A-ac9111,,,Enterprise,21,4179,50148,,,,,monthly,
S-de7a48,A-ccc747,,,Pro,23,1127,13524,,,,,annual,
S-7d5bf1,A-92a3af,,,Enterprise,27,5373,64476,,,,,monthly,
S-83ee75,A-439b2f,,,Pro,26,1274,15288,,,,,monthly,
S-5ddeef,A-712f1c,,,Pro,58,0,0,,,,,annual,
S-25270a,A-de24d5,,,Enterprise,13,2587,31044,,,,,annual,
S-7e09c4,A-118f1c,,,Basic,32,608,7296,,,,,annual,
S-9efd1b,A-6a4e2d,,,Basic,20,380,4560,,,,,monthly,
S-b8a3b6,A-e7beab,,,Pro,57,2793,33516,,,,,annual,
S-1db3e6,A-c608c8,,,Basic,5,95,1140,,,,,monthly,
S-17c51e,A-462d45,,,Pro,61,2989,35868,,,,,annual,
S-b9fe85,A-2d1036,,,Enterprise,69,13731,164772,,,,,monthly,
S-c62428,A-1f0636,,,Enterprise,105,20895,250740,,,,,annual,
S-6eeae1,A-c70870,,,Pro,94,4606,55272,,,,,annual,
S-79ef9b,A-4e960a,,,Enterprise,23,4577,54924,,,,,annual,
S-0455a5,A-993085,,,Enterprise,42,8358,100296,,,,,monthly,
S-ae093b,A-d27f50,,,Enterprise,44,0,0,,,,,monthly,
S-72e73f,A-dbc825,,,Enterprise,19,3781,45372,,,,,annual,
S-8c118d,A-b179bf,,,Pro,43,0,0,,,,,monthly,
S-ab7a04,A-098560,,,Basic,7,133,1596,,,,,annual,
S-761518,A-00cac8,,,Pro,8,392,4704,,,,,monthly,
S-f49f24,A-ccc747,,,Pro,16,784,9408,,,,,annual,
S-22083e,A-6e7827,,,Pro,17,833,9996,,,,,annual,
S-c14eeb,A-fce879,,,Basic,33,627,7524,,,,,monthly,
S-804965,A-157070,,,Enterprise,35,6965,83580,,,,,monthly,
S-19abcf,A-940b8b,,,Pro,17,833,9996,,,,,annual,
S-004d19,A-bece89,,,Enterprise,26,5174,62088,,,,,annual,
S-11939f,A-40906c,,,Basic,92,1748,20976,,,,,monthly,
S-6cea1b,A-158f4e,,,Pro,61,2989,35868,,,,,monthly,
S-74be40,A-a8d89d,,,Enterprise,13,2587,31044,,,,,monthly,
S-8f9410,A-098560,,,Enterprise,3,597,7164,,,,,annual,
S-395a98,A-c7e58b,,,Basic,16,304,3648,,,,,monthly,
S-151b22,A-533452,,,Basic,9,171,2052,,,,,annual,
S-6b0789,A-34d880,,,Pro,14,686,8232,,,,,monthly,
S-f94b9b,A-82861f,,,Pro,41,2009,24108,,,,,annual,
S-0e068c,A-40de06,,,Basic,60,1140,13680,,,,,annual,
S-212fc4,A-c608c8,,,Enterprise,6,1194,14328,,,,,monthly,
S-eec056,A-c222ab,,,Basic,32,608,7296,,,,,monthly,
S-28e360,A-ad64c6,,,Enterprise,28,5572,66864,,,,,annual,
S-52119f,A-02fac6,,,Enterprise,22,4378,52536,,,,,monthly,
S-008f3c,A-e98302,,,Pro,58,2842,34104,,,,,annual,
S-82c91a,A-462d45,,,Pro,30,1470,17640,,,,,annual,
S-fcab86,A-9f0b68,,,Enterprise,17,3383,40596,,,,,annual,
S-92b77f,A-7dacce,,,Pro,12,588,7056,,,,,annual,
S-099dbc,A-812c5b,,,Pro,55,2695,32340,,,,,monthly,
S-da7f1f,A-1f0ac7,,,Pro,24,1176,14112,,,,,monthly,
S-62641a,A-4c56c9,,,Enterprise,18,3582,42984,,,,,monthly,
S-2c3b6d,A-a2485e,,,Enterprise,17,3383,40596,,,,,annual,
S-3e0c24,A-271f46,,,Basic,38,722,8664,,,,,annual,
S-9d7fa9,A-a865bd,,,Pro,38,1862,22344,,,,,monthly,
S-9f13f8,A-f3ff05,,,Basic,2,38,456,,,,,annual,
S-0359cf,A-afa505,,,Pro,70,0,0,,,,,annual,
S-f29976,A-977ca0,,,Pro,6,0,0,,,,,annual,
S-23281c,A-69fad4,,,Basic,15,285,3420,,,,,monthly,
S-b4536d,A-7a0d69,,,Basic,20,380,4560,,,,,annual,
S-e5a001,A-922109,,,Basic,9,0,0,,,,,monthly,
S-d56a2c,A-751bd4,,,Pro,35,0,0,,,,,annual,
S-5ab139,A-30b4ca,,,Enterprise,86,17114,205368,,,,,annual,
S-1e5fd7,A-ac9111,,,Basic,21,399,4788,,,,,monthly,
S-1c7a41,A-4f18f0,,,Basic,24,456,5472,,,,,monthly,
S-b7feb8,A-075038,,,Basic,37,703,8436,,,,,annual,
S-b89456,A-13466a,,,Enterprise,4,796,9552,,,,,monthly,
S-e93577,A-bb2f49,,,Pro,85,4165,49980,,,,,monthly,
S-69a2d8,A-dcc2f0,,,Pro,15,735,8820,,,,,monthly,
S-00fb6e,A-c16101,,,Basic,13,247,2964,,,,,monthly,
S-26bc22,A-59f724,,,Enterprise,3,597,7164,,,,,annual,
S-77ba64,A-bd4513,,,Basic,66,1254,15048,,,,,annual,
S-6f04a4,A-417d2f,,,Pro,4,196,2352,,,,,monthly,
S-0268ba,A-9f0b68,,,Enterprise,33,6567,78804,,,,,annual,
S-0abd10,A-016043,,,Enterprise,24,4776,57312,,,,,annual,
S-dab0d8,A-439b2f,,,Basic,6,114,1368,,,,,annual,
S-046595,A-ed510f,,,Enterprise,42,8358,100296,,,,,annual,
S-5aaf6f,A-6965e1,,,Enterprise,13,2587,31044,,,,,annual,
S-a10469,A-5247b3,,,Pro,16,784,9408,,,,,annual,
S-cbf8e8,A-d4e0d4,,,Basic,117,2223,26676,,,,,monthly,
S-a0e1dc,A-712426,,,Basic,119,2261,27132,,,,,monthly,
S-127d0b,A-1e50e0,,,Pro,19,931,11172,,,,,monthly,
S-2fed82,A-5b4ebb,,,Basic,21,399,4788,,,,,monthly,
S-2f07f6,A-9208f0,,,Pro,49,0,0,,,,,monthly,
S-448b6d,A-8adedc,,,Basic,19,361,4332,,,,,monthly,
S-c61dc9,A-f92792,,,Basic,19,361,4332,,,,,annual,
S-a7ad50,A-82d8a6,,,Basic,18,342,4104,,,,,monthly,
S-b037c5,A-0a282f,,,Pro,20,980,11760,,,,,annual,
S-bdd2e4,A-ce66f8,,,Basic,29,551,6612,,,,,annual,
S-8d89a8,A-5f2961,,,Enterprise,16,3184,38208,,,,,monthly,
S-00bb84,A-4f18f0,,,Pro,24,1176,14112,,,,,annual,
S-c5bec0,A-1986ca,,,Enterprise,20,3980,47760,,,,,annual,
S-e6029e,A-9174e0,,,Enterprise,37,7363,88356,,,,,monthly,
S-f8008a,A-eb2fdc,,,Enterprise,31,6169,74028,,,,,annual,
S-db89df,A-1f0636,,,Enterprise,105,20895,250740,,,,,annual,
S-700036,A-02cd81,,,Basic,44,836,10032,,,,,annual,
S-7925f0,A-87aa7b,,,Enterprise,24,4776,57312,,,,,monthly,
S-1877a6,A-d77f4c,,,Pro,6,294,3528,,,,,monthly,
S-6b6cd7,A-d792a6,,,Enterprise,6,0,0,,,,,monthly,
S-3ed1f5,A-7920cc,,,Enterprise,39,7761,93132,,,,,monthly,
S-cf59a0,A-c16cf7,,,Basic,18,0,0,,,,,monthly,
S-78e1c6,A-7e0a10,,,Enterprise,46,9154,109848,,,,,monthly,
S-ce5636,A-4c56c9,,,Basic,30,0,0,,,,,annual,
S-0c9600,A-2b9d3e,,,Basic,11,209,2508,,,,,annual,
S-0a6b6b,A-d42431,,,Basic,22,418,5016,,,,,monthly,
S-054897,A-de58ca,,,Pro,15,735,8820,,,,,monthly,
S-b81c82,A-9289f6,,,Pro,25,1225,14700,,,,,annual,
S-c9eecb,A-6c093d,,,Basic,9,171,2052,,,,,annual,
S-2c53ad,A-c222ab,,,Enterprise,32,6368,76416,,,,,monthly,
S-9eb2c5,A-bb3bd4,,,Basic,23,437,5244,,,,,monthly,
S-d0c339,A-31ab9a,,,Pro,19,0,0,,,,,annual,
S-6f43f7,A-e36807,,,Enterprise,14,2786,33432,,,,,annual,
S-d43ad9,A-8bde0c,,,Pro,13,637,7644,,,,,annual,
S-b04174,A-5b4ebb,,,Basic,21,399,4788,,,,,monthly,
S-62aa3c,A-5b1bcd,,,Enterprise,73,14527,174324,,,,,monthly,
S-d88b25,A-474ad4,,,Enterprise,24,4776,57312,,,,,annual,
S-14a685,A-692f18,,,Enterprise,7,1393,16716,,,,,monthly,
S-4977c8,A-3be56b,,,Enterprise,3,0,0,,,,,annual,
S-2e1ceb,A-ccb686,,,Enterprise,12,0,0,,,,,annual,
S-59f0a6,A-104f1a,,,Pro,123,6027,72324,,,,,monthly,
S-66106d,A-186a44,,,Enterprise,20,0,0,,,,,monthly,
S-510e07,A-b7ef83,,,Enterprise,2,398,4776,,,,,monthly,
S-b7d99d,A-9f0b68,,,Basic,14,266,3192,,,,,annual,
S-debbee,A-3a7284,,,Basic,73,1387,16644,,,,,annual,
S-c348d2,A-4a267b,,,Basic,25,475,5700,,,,,annual,
S-d0259a,A-4e0e85,,,Enterprise,6,1194,14328,,,,,monthly,
S-5f1d80,A-600734,,,Basic,29,551,6612,,,,,monthly,
S-f132ab,A-e2cd1b,,,Pro,15,735,8820,,,,,annual,
S-d1fb2e,A-3f9cc0,,,Enterprise,30,5970,71640,,,,,monthly,
S-26da35,A-d27f50,,,Pro,44,2156,25872,,,,,annual,
S-c92850,A-05d3b3,,,Pro,22,1078,12936,,,,,annual,
S-64ddbc,A-c16cf7,,,Basic,13,247,2964,,,,,monthly,
S-ef3aa2,A-5a92e7,,,Pro,9,441,5292,,,,,monthly,
S-0e43ad,A-cc8c8f,,,Enterprise,28,5572,66864,,,,,annual,
S-54df4c,A-9f9299,,,Pro,28,1372,16464,,,,,annual,
S-d8165b,A-89ee83,,,Basic,38,722,8664,,,,,annual,
S-67b7bf,A-dcc2f0,,,Basic,15,285,3420,,,,,monthly,
S-e6ad38,A-b07b56,,,Pro,25,1225,14700,,,,,monthly,
S-55a520,A-726cfa,,,Pro,30,1470,17640,,,,,monthly,
S-83a9a4,A-09316c,,,Pro,70,3430,41160,,,,,annual,
S-efeb9b,A-1f0636,,,Basic,105,0,0,,,,,annual,
S-240a09,A-5c9849,,,Pro,19,931,11172,,,,,monthly,
S-f52fd6,A-f1f639,,,Enterprise,9,1791,21492,,,,,monthly,
S-1a2fbc,A-526d93,,,Basic,45,855,10260,,,,,monthly,
S-8738af,A-84ebe4,,,Pro,34,1666,19992,,,,,monthly,
S-af1def,A-443b7c,,,Basic,36,684,8208,,,,,monthly,
S-7889d9,A-bcbe98,,,Pro,46,2254,27048,,,,,annual,
S-a72188,A-ced9aa,,,Pro,3,147,1764,,,,,annual,
S-0ffab0,A-e60f9d,,,Enterprise,58,11542,138504,,,,,annual,
S-5f4afc,A-09316c,,,Pro,70,3430,41160,,,,,monthly,
S-3f18be,A-e2cd1b,,,Enterprise,16,3184,38208,,,,,annual,
S-e133a5,A-4a4c2d,,,Basic,54,1026,12312,,,,,monthly,
S-15662a,A-019782,,,Basic,11,0,0,,,,,annual,
S-84dd93,A-acb7f7,,,Enterprise,32,6368,76416,,,,,annual,
S-bafe35,A-1b707d,,,Basic,41,779,9348,,,,,annual,
S-f1778c,A-1d5444,,,Basic,24,456,5472,,,,,monthly,
S-85b7d7,A-d40bf7,,,Basic,59,0,0,,,,,monthly,
S-df147d,A-940b8b,,,Enterprise,10,0,0,,,,,monthly,
S-4ff3ae,A-eb7c38,,,Basic,5,95,1140,,,,,annual,
S-808efb,A-7da956,,,Enterprise,15,2985,35820,,,,,monthly,
S-208e33,A-b20d99,,,Basic,20,380,4560,,,,,monthly,
S-a0f5ac,A-e7a1e2,,,Pro,13,637,7644,,,,,monthly,
S-7079c2,A-039727,,,Enterprise,25,4975,59700,,,,,annual,
S-8789b0,A-eb7c38,,,Basic,9,171,2052,,,,,monthly,
S-b3cae6,A-6a7c9d,,,Enterprise,26,5174,62088,,,,,monthly,
S-23f506,A-9ee962,,,Basic,9,0,0,,,,,annual,
S-5b9330,A-f03140,,,Enterprise,27,5373,64476,,,,,monthly,
S-03ac49,A-35083d,,,Enterprise,19,3781,45372,,,,,monthly,
S-ffce65,A-9ee962,,,Pro,9,441,5292,,,,,annual,
S-847173,A-c1dfe1,,,Basic,33,627,7524,,,,,monthly,
S-32e8fa,A-94d3da,,,Pro,41,2009,24108,,,,,annual,
S-b70eef,A-b7b7b7,,,Pro,24,0,0,,,,,monthly,
S-e1db7e,A-186a44,,,Basic,20,380,4560,,,,,annual,
S-887d48,A-b07b56,,,Pro,25,1225,14700,,,,,annual,
S-4b26c5,A-f45426,,,Enterprise,9,1791,21492,,,,,monthly,
S-004eb4,A-ab438f,,,Enterprise,13,2587,31044,,,,,annual,
S-da7360,A-075038,,,Basic,42,798,9576,,,,,monthly,
S-22c66b,A-49b828,,,Basic,24,456,5472,,,,,monthly,
S-c844bd,A-6a4e2d,,,Basic,9,171,2052,,,,,annual,
S-bbc0f7,A-b7724f,,,Basic,1,19,228,,,,,annual,
S-2f9bef,A-cc1d8d,,,Enterprise,5,995,11940,,,,,annual,
S-6717d6,A-84ebe4,,,Enterprise,21,4179,50148,,,,,annual,
S-17bedf,A-4437e4,,,Basic,3,0,0,,,,,monthly,
S-88f1be,A-5a215a,,,Pro,87,4263,51156,,,,,annual,
S-b3613a,A-7641d3,,,Enterprise,8,1592,19104,,,,,monthly,
S-885aa7,A-7920cc,,,Enterprise,54,10746,128952,,,,,annual,
S-2c64e6,A-118d55,,,Basic,15,285,3420,,,,,monthly,
S-891976,A-95b24a,,,Basic,38,722,8664,,,,,monthly,
S-9bc272,A-7da956,,,Pro,13,637,7644,,,,,annual,
S-2636a7,A-1f7acb,,,Enterprise,64,12736,152832,,,,,annual,
S-3f48a5,A-0cc442,,,Basic,45,855,10260,,,,,monthly,
S-58239c,A-87aa7b,,,Pro,24,1176,14112,,,,,monthly,
S-e6571c,A-0be015,,,Basic,19,361,4332,,,,,annual,
S-66569a,A-19b2c8,,,Pro,20,980,11760,,,,,monthly,
S-e1444a,A-139c3b,,,Basic,21,0,0,,,,,annual,
S-9f7b07,A-42e5e1,,,Pro,10,490,5880,,,,,annual,
S-9f8593,A-396e5f,,,Enterprise,2,0,0,,,,,monthly,
S-ef2990,A-76fa4d,,,Pro,69,3381,40572,,,,,annual,
S-66b994,A-7f4db3,,,Basic,23,0,0,,,,,annual,
S-8b64df,A-92a333,,,Basic,9,171,2052,,,,,annual,
S-f57b2b,A-20736a,,,Pro,50,2450,29400,,,,,annual,
S-c41b43,A-9f9299,,,Basic,28,532,6384,,,,,monthly,
S-a3455c,A-e51ec7,,,Enterprise,2,0,0,,,,,annual,
S-479d9a,A-463db0,,,Basic,37,703,8436,,,,,monthly,
S-fa03a5,A-7dacce,,,Pro,12,588,7056,,,,,annual,
S-10ab8d,A-9f0b68,,,Enterprise,13,2587,31044,,,,,annual,
S-1ade0b,A-22d9d2,,,Pro,92,4508,54096,,,,,monthly,
S-a9ca9b,A-b9eed8,,,Enterprise,17,3383,40596,,,,,annual,
S-efe3f6,A-dfbd31,,,Pro,17,833,9996,,,,,monthly,
S-20f505,A-e1b9cd,,,Pro,78,3822,45864,,,,,annual,
S-ab3ad8,A-cd458b,,,Basic,10,190,2280,,,,,annual,
S-d3bd2f,A-81edc3,,,Basic,24,456,5472,,,,,monthly,
S-c8a3f6,A-4e44e8,,,Basic,6,114,1368,,,,,monthly,
S-5cda31,A-832ec2,,,Basic,5,95,1140,,,,,annual,
S-34cfad,A-5a3eb9,,,Basic,29,551,6612,,,,,annual,
S-bb84b1,A-af0cd2,,,Basic,30,570,6840,,,,,annual,
S-73cd99,A-726cfa,,,Enterprise,11,0,0,,,,,monthly,
S-6bc703,A-c37cab,,,Enterprise,13,2587,31044,,,,,monthly,
S-9b5676,A-1e50e0,,,Pro,98,4802,57624,,,,,monthly,
S-d30d10,A-c45b23,,,Basic,7,133,1596,,,,,monthly,
S-b3f236,A-712533,,,Enterprise,18,3582,42984,,,,,monthly,
S-929a7c,A-328bd0,,,Basic,28,0,0,,,,,monthly,
S-f9092a,A-f03140,,,Basic,38,722,8664,,,,,monthly,
S-c5d797,A-35083d,,,Enterprise,19,3781,45372,,,,,monthly,
S-99af79,A-0532a9,,,Basic,19,361,4332,,,,,annual,
S-ce932b,A-a1b80b,,,Pro,16,784,9408,,,,,annual,
S-1f2b1a,A-544d0a,,,Pro,6,294,3528,,,,,monthly,
S-a14c42,A-4d1e75,,,Basic,20,380,4560,,,,,monthly,
S-147ad7,A-54ecc2,,,Basic,4,76,912,,,,,annual,
S-69fb37,A-e4bf56,,,Pro,17,833,9996,,,,,annual,
S-d90352,A-f9cc74,,,Enterprise,30,0,0,,,,,annual,
S-a9a5a1,A-7c4956,,,Basic,9,171,2052,,,,,monthly,
S-daf6b3,A-8bde0c,,,Pro,12,588,7056,,,,,monthly,
S-03bfa3,A-bc4d48,,,Basic,35,665,7980,,,,,annual,
S-de3170,A-98a59a,,,Pro,56,2744,32928,,,,,annual,
S-cfbb85,A-054577,,,Pro,16,784,9408,,,,,monthly,
S-42f3be,A-05f0e5,,,Enterprise,32,6368,76416,,,,,monthly,
S-c04755,A-2789e3,,,Basic,11,209,2508,,,,,annual,
S-bfca66,A-10b8da,,,Basic,14,266,3192,,,,,annual,
S-cdf625,A-c222ab,,,Pro,32,1568,18816,,,,,monthly,
S-d8f67e,A-f97b9a,,,Enterprise,36,7164,85968,,,,,monthly,
S-80af39,A-7f29a7,,,Basic,41,779,9348,,,,,monthly,
S-11034a,A-9bfc9f,,,Pro,53,2597,31164,,,,,annual,
S-40d3aa,A-9badbd,,,Basic,103,1957,23484,,,,,monthly,
S-679640,A-b44e3e,,,Enterprise,40,7960,95520,,,,,monthly,
S-cb853a,A-c37cab,,,Basic,23,437,5244,,,,,annual,
S-f553b5,A-6da850,,,Pro,34,1666,19992,,,,,monthly,
S-fb0905,A-09316c,,,Basic,70,1330,15960,,,,,annual,
S-0fc73c,A-9affe6,,,Basic,56,1064,12768,,,,,annual,
S-7e7a73,A-89ee83,,,Enterprise,16,3184,38208,,,,,monthly,
S-2dc98b,A-5a92e7,,,Pro,9,441,5292,,,,,annual,
S-16f4a2,A-e08cd3,,,Enterprise,67,13333,159996,,,,,annual,
S-6630bc,A-600734,,,Enterprise,29,5771,69252,,,,,monthly,
S-bd2ab2,A-186a44,,,Enterprise,47,9353,112236,,,,,annual,
S-97bc99,A-82861f,,,Pro,46,2254,27048,,,,,annual,
S-0c0ddf,A-65c341,,,Enterprise,11,2189,26268,,,,,annual,
S-f45fe3,A-02fac6,,,Pro,59,2891,34692,,,,,monthly,
S-936fa3,A-02cd81,,,Pro,44,2156,25872,,,,,annual,
S-82df6c,A-ac9111,,,Pro,41,2009,24108,,,,,annual,
S-a83bc2,A-b07b56,,,Basic,25,475,5700,,,,,monthly,
S-69a7ce,A-58b9ff,,,Pro,6,294,3528,,,,,annual,
S-522a6f,A-3a7284,,,Enterprise,39,7761,93132,,,,,annual,
S-1a04fe,A-4e631b,,,Enterprise,22,4378,52536,,,,,annual,
S-d22ebe,A-5a92e7,,,Basic,9,171,2052,,,,,annual,
S-fa781b,A-271f46,,,Enterprise,38,0,0,,,,,monthly,
S-718116,A-462d45,,,Pro,11,539,6468,,,,,monthly,
S-ce5fb5,A-fd9422,,,Enterprise,58,0,0,,,,,monthly,
S-2ebd06,A-32728c,,,Pro,20,980,11760,,,,,monthly,
S-03a939,A-cd458b,,,Enterprise,26,5174,62088,,,,,monthly,
S-fc65aa,A-eb1312,,,Enterprise,25,4975,59700,,,,,annual,
S-6d9231,A-c37601,,,Enterprise,12,2388,28656,,,,,monthly,
S-4b15c4,A-65aeb5,,,Enterprise,18,3582,42984,,,,,annual,
S-66f0d0,A-0158bb,,,Basic,35,665,7980,,,,,monthly,
S-95aaf8,A-781cc0,,,Basic,12,228,2736,,,,,annual,
S-3a2aee,A-e08cd3,,,Enterprise,67,0,0,,,,,monthly,
S-66a834,A-659280,,,Enterprise,31,6169,74028,,,,,annual,
S-e9b437,A-0f7d77,,,Pro,11,539,6468,,,,,monthly,
S-61a647,A-726cfa,,,Pro,11,539,6468,,,,,annual,
S-ef2703,A-0b0d6d,,,Enterprise,36,7164,85968,,,,,annual,
S-c288ef,A-d26ab4,,,Pro,9,0,0,,,,,annual,
S-91e96a,A-970c97,,,Enterprise,14,2786,33432,,,,,monthly,
S-453f00,A-45ce7a,,,Pro,16,784,9408,,,,,monthly,
S-812d97,A-249769,,,Pro,19,0,0,,,,,annual,
S-39a5a7,A-09316c,,,Basic,70,1330,15960,,,,,monthly,
S-1c06f3,A-53f4e3,,,Basic,13,247,2964,,,,,annual,
S-c6ff41,A-443f6f,,,Basic,38,722,8664,,,,,monthly,
S-108caf,A-6dee43,,,Enterprise,12,2388,28656,,,,,annual,
S-644316,A-cdf020,,,Enterprise,23,4577,54924,,,,,annual,
S-d54349,A-016043,,,Enterprise,20,3980,47760,,,,,annual,
S-10a1b5,A-e98302,,,Basic,34,646,7752,,,,,annual,
S-93fa71,A-309e54,,,Enterprise,59,11741,140892,,,,,annual,
S-550202,A-bb3bd4,,,Basic,23,437,5244,,,,,annual,
S-07399c,A-4e44e8,,,Basic,29,551,6612,,,,,monthly,
S-f4e174,A-ae052e,,,Basic,39,0,0,,,,,annual,
S-3b5eb3,A-6f8ad2,,,Pro,70,0,0,,,,,annual,
S-08c8e1,A-31ab9a,,,Enterprise,14,2786,33432,,,,,monthly,
S-6b977f,A-7988d1,,,Pro,33,1617,19404,,,,,monthly,
S-c1f8e1,A-0532a9,,,Pro,19,931,11172,,,,,annual,
S-9030e0,A-32728c,,,Enterprise,20,0,0,,,,,annual,
S-02d6c8,A-3a7284,,,Enterprise,31,6169,74028,,,,,monthly,
S-599207,A-427b69,,,Enterprise,17,3383,40596,,,,,annual,
S-5d8b88,A-1d5444,,,Pro,24,1176,14112,,,,,annual,
S-ac01fb,A-533452,,,Enterprise,14,0,0,,,,,annual,
S-b7ef4c,A-5ed98d,,,Pro,28,1372,16464,,,,,monthly,
S-9f0371,A-313be3,,,Enterprise,47,0,0,,,,,annual,
S-d914d8,A-ee42db,,,Pro,13,0,0,,,,,monthly,
S-67c131,A-432483,,,Pro,13,637,7644,,,,,annual,
S-263c1e,A-a8b49c,,,Pro,16,0,0,,,,,monthly,
S-76b964,A-39868b,,,Pro,9,441,5292,,,,,monthly,
S-d4d459,A-2e4581,,,Enterprise,29,5771,69252,,,,,monthly,
S-b45a10,A-313be3,,,Pro,56,2744,32928,,,,,monthly,
S-1b0848,A-dcc3f1,,,Pro,51,2499,29988,,,,,monthly,
S-00ab51,A-ae052e,,,Pro,39,1911,22932,,,,,monthly,
S-1ccdd4,A-54d94a,,,Pro,27,1323,15876,,,,,monthly,
S-302119,A-e1462e,,,Enterprise,15,2985,35820,,,,,monthly,
S-65e749,A-2d4502,,,Basic,61,1159,13908,,,,,monthly,
S-05b1b6,A-337bc1,,,Enterprise,34,6766,81192,,,,,monthly,
S-f2da7f,A-1619f8,,,Enterprise,29,5771,69252,,,,,monthly,
S-d71fe9,A-d62e02,,,Enterprise,6,1194,14328,,,,,annual,
S-f69fca,A-4c38bc,,,Basic,36,684,8208,,,,,annual,
S-5b322c,A-1f0636,,,Basic,105,1995,23940,,,,,annual,
S-392e05,A-65a46c,,,Basic,45,855,10260,,,,,annual,
S-fd3d2d,A-e36807,,,Enterprise,40,0,0,,,,,monthly,
S-8ddc89,A-bd4513,,,Enterprise,50,9950,119400,,,,,monthly,
S-07c0da,A-068fc6,,,Pro,35,0,0,,,,,annual,
S-d1dbf7,A-3b37d9,,,Pro,28,0,0,,,,,monthly,
S-e57fb8,A-96e141,,,Enterprise,40,0,0,,,,,monthly,
S-b71cfb,A-9123ac,,,Enterprise,15,0,0,,,,,monthly,
S-a7da97,A-5790f4,,,Enterprise,63,12537,150444,,,,,annual,
S-4b005c,A-50f3f7,,,Enterprise,45,8955,107460,,,,,annual,
S-605115,A-bd4513,,,Basic,50,950,11400,,,,,annual,
S-fcbd92,A-7f29a7,,,Pro,41,2009,24108,,,,,monthly,
S-d9e0d1,A-812c5b,,,Basic,55,1045,12540,,,,,annual,
S-869978,A-443f6f,,,Enterprise,19,3781,45372,,,,,monthly,
S-5daabf,A-533452,,,Enterprise,9,1791,21492,,,,,monthly,
S-c0352b,A-cc102e,,,Pro,13,637,7644,,,,,monthly,
S-a648e7,A-3b5cd1,,,Basic,13,247,2964,,,,,annual,
S-618471,A-bbc346,,,Enterprise,45,8955,107460,,,,,monthly,
S-a16038,A-d4e0d4,,,Pro,117,5733,68796,,,,,monthly,
S-b805b2,A-d77f4c,,,Enterprise,8,1592,19104,,,,,annual,
S-b04b73,A-e1b9cd,,,Enterprise,40,7960,95520,,,,,monthly,
S-ed4475,A-1f559b,,,Pro,12,588,7056,,,,,annual,
S-5a1d20,A-f97b9a,,,Pro,16,784,9408,,,,,annual,
S-c65456,A-a33200,,,Pro,29,1421,17052,,,,,annual,
S-7fbc53,A-2edab2,,,Pro,17,833,9996,,,,,monthly,
S-0d33fc,A-1b707d,,,Enterprise,16,3184,38208,,,,,monthly,
S-db3e30,A-40de06,,,Basic,28,532,6384,,,,,annual,
S-966ce7,A-a1b80b,,,Enterprise,16,3184,38208,,,,,annual,
S-41ea32,A-054577,,,Basic,24,456,5472,,,,,monthly,
S-57800a,A-f446b6,,,Basic,5,95,1140,,,,,annual,
S-daf6aa,A-098560,,,Basic,40,760,9120,,,,,monthly,
S-615a8a,A-bf7919,,,Enterprise,11,0,0,,,,,annual,
S-a892fd,A-22f2df,,,Pro,8,392,4704,,,,,monthly,
S-2b2532,A-410e86,,,Enterprise,24,4776,57312,,,,,monthly,
S-54daa5,A-94f8c9,,,Enterprise,36,7164,85968,,,,,annual,
S-85320b,A-71615e,,,Enterprise,15,0,0,,,,,monthly,
S-317bed,A-53f4e3,,,Basic,18,342,4104,,,,,monthly,
S-4fc62f,A-6c093d,,,Enterprise,7,0,0,,,,,annual,
S-fb10b8,A-5a92e7,,,Pro,43,2107,25284,,,,,annual,
S-0fc72f,A-faa28c,,,Pro,65,3185,38220,,,,,annual,
S-55834e,A-4437e4,,,Pro,4,0,0,,,,,annual,
S-09d706,A-6e08f3,,,Pro,8,392,4704,,,,,monthly,
S-738d4a,A-71615e,,,Pro,15,735,8820,,,,,annual,
S-207191,A-726cfa,,,Pro,20,980,11760,,,,,annual,
S-ff5ff8,A-eb2fdc,,,Pro,31,1519,18228,,,,,annual,
S-99c1c7,A-fa3095,,,Basic,70,1330,15960,,,,,annual,
S-d5aded,A-0f6450,,,Pro,28,1372,16464,,,,,monthly,
S-b1e72a,A-adc1f3,,,Enterprise,12,2388,28656,,,,,monthly,
S-1898b3,A-e1462e,,,Basic,28,0,0,,,,,annual,
S-76eded,A-ae052e,,,Pro,39,1911,22932,,,,,monthly,
S-3d2ebb,A-716841,,,Basic,45,855,10260,,,,,annual,
S-1299be,A-f45426,,,Basic,9,171,2052,,,,,monthly,
S-59d90a,A-aa9511,,,Pro,29,0,0,,,,,annual,
S-1f505e,A-95b24a,,,Basic,38,722,8664,,,,,annual,
S-ed1eb5,A-726cfa,,,Basic,15,285,3420,,,,,monthly,
S-950c4e,A-ee42db,,,Basic,24,456,5472,,,,,annual,
S-d34b17,A-9123ac,,,Enterprise,18,3582,42984,,,,,annual,
S-f33b5f,A-f97b9a,,,Basic,65,0,0,,,,,annual,
S-505db5,A-883b7d,,,Pro,53,2597,31164,,,,,monthly,
S-db56d2,A-c1dfe1,,,Basic,26,494,5928,,,,,monthly,
S-075ffc,A-eb7c38,,,Enterprise,15,2985,35820,,,,,annual,
S-b59bff,A-cea1f0,,,Enterprise,8,1592,19104,,,,,annual,
S-3ae8d8,A-396e5f,,,Enterprise,7,1393,16716,,,,,monthly,
S-62b7cf,A-4c38bc,,,Enterprise,36,7164,85968,,,,,annual,
S-91ec54,A-331424,,,Pro,11,0,0,,,,,monthly,
S-4f43fd,A-fd7ad3,,,Basic,29,551,6612,,,,,monthly,
S-0dd555,A-e7a1e2,,,Pro,33,1617,19404,,,,,annual,
S-36f8c0,A-19b2c8,,,Pro,33,1617,19404,,,,,annual,
S-204d42,A-5b4ebb,,,Pro,21,1029,12348,,,,,monthly,
S-770f21,A-a8d89d,,,Basic,35,665,7980,,,,,monthly,
S-14b7f3,A-50bb9f,,,Basic,5,95,1140,,,,,monthly,
S-34512a,A-9289f6,,,Pro,1,49,588,,,,,monthly,
S-e22519,A-f44180,,,Pro,14,686,8232,,,,,monthly,
S-c419d6,A-6e08f3,,,Enterprise,24,4776,57312,,,,,annual,
S-dc9874,A-cc102e,,,Pro,42,2058,24696,,,,,annual,
S-2d3096,A-712533,,,Pro,22,1078,12936,,,,,annual,
S-9d727d,A-ac85cd,,,Basic,53,0,0,,,,,monthly,
S-78cb5f,A-9badbd,,,Enterprise,7,1393,16716,,,,,monthly,
S-3b0fbb,A-bd4708,,,Pro,59,0,0,,,,,annual,
S-4eabfc,A-751bd4,,,Basic,10,190,2280,,,,,monthly,
S-35752e,A-e6afc1,,,Pro,1,49,588,,,,,annual,
S-e56037,A-2ebb4b,,,Pro,41,2009,24108,,,,,annual,
S-c545c8,A-c1e51e,,,Basic,7,133,1596,,,,,monthly,
S-10f143,A-6f8ad2,,,Basic,8,152,1824,,,,,monthly,
S-8669e4,A-6dee43,,,Pro,55,2695,32340,,,,,annual,
S-0337da,A-098560,,,Enterprise,29,5771,69252,,,,,monthly,
S-fe77d4,A-fda07f,,,Pro,16,784,9408,,,,,monthly,
S-ac2157,A-5a184f,,,Enterprise,14,2786,33432,,,,,monthly,
S-f180b5,A-86cdb4,,,Basic,17,323,3876,,,,,monthly,
S-8442d1,A-82d8a6,,,Enterprise,21,0,0,,,,,monthly,
S-f3e5f9,A-a09355,,,Pro,26,1274,15288,,,,,monthly,
S-6b1de8,A-6843f2,,,Basic,21,399,4788,,,,,monthly,
S-c7621b,A-ced9aa,,,Basic,19,361,4332,,,,,annual,
S-973625,A-794a0b,,,Basic,23,437,5244,,,,,annual,
S-7425f9,A-3d957b,,,Pro,29,1421,17052,,,,,monthly,
S-9d8ac4,A-313be3,,,Basic,47,0,0,,,,,annual,
S-1a20b6,A-1e6fc3,,,Pro,5,245,2940,,,,,monthly,
S-a3791c,A-c4ea60,,,Enterprise,18,3582,42984,,,,,monthly,
S-f9cb96,A-fd9422,,,Enterprise,58,11542,138504,,,,,annual,
S-5450af,A-b48f73,,,Enterprise,80,15920,191040,,,,,annual,
S-641794,A-fd9422,,,Pro,58,0,0,,,,,annual,
S-7fb77e,A-91e948,,,Pro,41,2009,24108,,,,,annual,
S-30008c,A-cc98bc,,,Pro,54,2646,31752,,,,,annual,
S-e8f8c0,A-cab532,,,Enterprise,25,4975,59700,,,,,monthly,
S-9828eb,A-cb6cc6,,,Pro,25,1225,14700,,,,,monthly,
S-d75e1f,A-922109,,,Enterprise,4,796,9552,,,,,monthly,
S-7077ab,A-fda07f,,,Basic,14,266,3192,,,,,monthly,
S-aa751f,A-86fc1d,,,Basic,37,703,8436,,,,,monthly,
S-08a3ca,A-c45b23,,,Pro,25,0,0,,,,,annual,
S-886184,A-7c83a1,,,Enterprise,17,0,0,,,,,annual,
S-46a7eb,A-e19ff6,,,Enterprise,43,0,0,,,,,monthly,
S-482e5b,A-427b69,,,Pro,18,882,10584,,,,,annual,
S-632acf,A-331424,,,Enterprise,11,2189,26268,,,,,monthly,
S-712e69,A-0f3e88,,,Basic,17,323,3876,,,,,annual,
S-f8d74d,A-7641d3,,,Enterprise,14,2786,33432,,,,,monthly,
S-c2c197,A-029f69,,,Basic,15,285,3420,,,,,monthly,
S-e2981a,A-7f4db3,,,Enterprise,18,3582,42984,,,,,annual,
S-fae195,A-a7bd4b,,,Basic,22,418,5016,,,,,annual,
S-a8a1e8,A-f92792,,,Enterprise,35,6965,83580,,,,,monthly,
S-d471c6,A-a6d261,,,Basic,9,171,2052,,,,,monthly,
S-465825,A-e2cd1b,,,Basic,18,342,4104,,,,,monthly,
S-c59b3b,A-781cc0,,,Enterprise,12,2388,28656,,,,,annual,
S-7e8bd4,A-ac14bb,,,Basic,27,513,6156,,,,,monthly,
S-92ae0a,A-91e948,,,Enterprise,41,8159,97908,,,,,monthly,
S-180859,A-d4ac0e,,,Basic,18,342,4104,,,,,monthly,
S-3c8e09,A-e351e1,,,Basic,33,627,7524,,,,,monthly,
S-306a99,A-3a5ad8,,,Basic,9,0,0,,,,,monthly,
S-0bdf55,A-7dacce,,,Enterprise,13,2587,31044,,,,,annual,
S-cc771c,A-81edc3,,,Pro,41,2009,24108,,,,,monthly,
S-af6284,A-30b4ca,,,Enterprise,86,17114,205368,,,,,annual,
S-e92512,A-0dbdc6,,,Basic,30,570,6840,,,,,monthly,
S-87d801,A-443b7c,,,Pro,5,245,2940,,,,,monthly,
S-74bda1,A-dfbd31,,,Basic,14,0,0,,,,,annual,
S-fcb954,A-45ce7a,,,Enterprise,16,3184,38208,,,,,annual,
S-a44d30,A-e08cd3,,,Enterprise,67,13333,159996,,,,,monthly,
S-a4a6c9,A-86fc1d,,,Enterprise,28,5572,66864,,,,,monthly,
S-ff2510,A-80eeb6,,,Pro,46,0,0,,,,,annual,
S-1c54b6,A-0f6450,,,Enterprise,28,5572,66864,,,,,monthly,
S-90a14e,A-503d5a,,,Pro,4,196,2352,,,,,annual,
S-b4cd75,A-cc102e,,,Enterprise,13,2587,31044,,,,,monthly,
S-10bf4d,A-ce66f8,,,Basic,29,551,6612,,,,,monthly,
S-7e8699,A-e89151,,,Pro,31,1519,18228,,,,,monthly,
S-726749,A-43a9e3,,,Pro,18,882,10584,,,,,annual,
S-d2932e,A-ac9111,,,Enterprise,21,4179,50148,,,,,annual,
S-72a3e2,A-3c1a3f,,,Basic,7,133,1596,,,,,annual,
S-763b53,A-592832,,,Basic,18,342,4104,,,,,annual,
S-8b4074,A-d922bf,,,Enterprise,9,1791,21492,,,,,annual,
S-37d427,A-eb2fdc,,,Basic,31,589,7068,,,,,monthly,
S-1784ce,A-a0ca4e,,,Pro,49,2401,28812,,,,,annual,
S-c913f8,A-82d8a6,,,Enterprise,68,13532,162384,,,,,monthly,
S-67acc8,A-f9cc74,,,Pro,30,0,0,,,,,monthly,
S-1a93b8,A-5a92e7,,,Enterprise,19,0,0,,,,,annual,
S-cc3f3d,A-94f8c9,,,Enterprise,17,3383,40596,,,,,annual,
S-66bae1,A-812c5b,,,Basic,55,1045,12540,,,,,monthly,
S-0aed9e,A-22d9d2,,,Pro,8,392,4704,,,,,annual,
S-fa92c5,A-443b7c,,,Pro,84,4116,49392,,,,,monthly,
S-fee9c9,A-779e4e,,,Enterprise,6,1194,14328,,,,,annual,
S-2d0d53,A-fe79a5,,,Enterprise,23,4577,54924,,,,,annual,
S-e0a991,A-9affe6,,,Enterprise,7,1393,16716,,,,,monthly,
S-58b1a2,A-67be94,,,Enterprise,52,10348,124176,,,,,monthly,
S-f6a70a,A-2446e3,,,Enterprise,27,5373,64476,,,,,annual,
S-9c9700,A-0f6450,,,Basic,28,532,6384,,,,,annual,
S-65ec6b,A-ac14bb,,,Enterprise,35,6965,83580,,,,,monthly,
S-99a404,A-139c3b,,,Basic,10,190,2280,,,,,annual,
S-532502,A-a09355,,,Basic,14,266,3192,,,,,monthly,
S-77befa,A-7e0a10,,,Basic,46,874,10488,,,,,monthly,
S-aa78ed,A-6e08f3,,,Pro,18,0,0,,,,,monthly,
S-e781ba,A-53f4e3,,,Pro,19,931,11172,,,,,monthly,
S-61fa27,A-5a3eb9,,,Basic,21,399,4788,,,,,annual,
S-4f5c94,A-6dee43,,,Basic,6,114,1368,,,,,annual,
S-4a0cb3,A-a1b80b,,,Enterprise,22,0,0,,,,,monthly,
S-77c880,A-40906c,,,Pro,92,4508,54096,,,,,annual,
S-f8ee6e,A-ed510f,,,Enterprise,42,0,0,,,,,monthly,
S-c7b793,A-90a8c8,,,Pro,23,1127,13524,,,,,monthly,
S-e7f571,A-9affe6,,,Basic,7,133,1596,,,,,monthly,
S-611bf8,A-df10db,,,Enterprise,2,398,4776,,,,,annual,
S-f3979e,A-9c18c4,,,Pro,11,539,6468,,,,,annual,
S-409beb,A-7988d1,,,Basic,33,0,0,,,,,annual,
S-0896bc,A-9779ad,,,Enterprise,40,7960,95520,,,,,monthly,
S-e09e04,A-fda07f,,,Enterprise,14,2786,33432,,,,,annual,
S-293a1f,A-40de06,,,Pro,28,1372,16464,,,,,monthly,
S-b56884,A-c1dfe1,,,Enterprise,41,8159,97908,,,,,annual,
S-5f8ad0,A-dfbd31,,,Basic,24,456,5472,,,,,annual,
S-713c12,A-8ed5dd,,,Basic,15,285,3420,,,,,monthly,
S-e74ca1,A-59f724,,,Basic,3,0,0,,,,,monthly,
S-b6a35b,A-59f724,,,Pro,19,931,11172,,,,,monthly,
S-711528,A-a7bd4b,,,Basic,18,342,4104,,,,,monthly,
S-101401,A-08e34e,,,Pro,58,2842,34104,,,,,monthly,
S-155934,A-4a4c2d,,,Pro,54,0,0,,,,,annual,
S-535bd1,A-d792a6,,,Pro,9,0,0,,,,,monthly,
S-42bbe0,A-2e3bad,,,Basic,61,0,0,,,,,annual,
S-09076d,A-87aa7b,,,Pro,51,2499,29988,,,,,monthly,
S-d302e2,A-bd4708,,,Enterprise,37,7363,88356,,,,,annual,
S-f9a56a,A-0be015,,,Basic,24,456,5472,,,,,monthly,
S-f783b6,A-2d4502,,,Enterprise,7,1393,16716,,,,,monthly,
S-6d9705,A-726cfa,,,Enterprise,11,2189,26268,,,,,annual,
S-93ab2d,A-f17767,,,Basic,2,38,456,,,,,annual,
S-617065,A-a45270,,,Enterprise,3,597,7164,,,,,annual,
S-329803,A-1f0ac7,,,Basic,34,646,7752,,,,,monthly,
S-677801,A-80eeb6,,,Enterprise,89,17711,212532,,,,,monthly,
S-3092cb,A-6a4e2d,,,Enterprise,22,4378,52536,,,,,annual,
S-f9469c,A-781cc0,,,Enterprise,12,2388,28656,,,,,monthly,
S-c13970,A-59f724,,,Basic,36,684,8208,,,,,monthly,
S-c1c6ca,A-856b1e,,,Pro,36,1764,21168,,,,,monthly,
S-966a44,A-f5641b,,,Enterprise,31,6169,74028,,,,,monthly,
S-aef0c5,A-e1b9cd,,,Basic,40,760,9120,,,,,monthly,
S-6ca9be,A-e888d1,,,Basic,54,1026,12312,,,,,annual,
S-f7b2fc,A-f446b6,,,Enterprise,13,2587,31044,,,,,monthly,
S-9c414f,A-0a282f,,,Pro,2,98,1176,,,,,annual,
S-4b9226,A-798a3f,,,Enterprise,13,2587,31044,,,,,monthly,
S-72fa62,A-4c56c9,,,Enterprise,27,5373,64476,,,,,annual,
S-4fe9b6,A-8bde0c,,,Pro,25,1225,14700,,,,,annual,
S-7c635b,A-92a333,,,Enterprise,33,6567,78804,,,,,annual,
S-c158df,A-fa2041,,,Enterprise,18,3582,42984,,,,,monthly,
S-b49c0a,A-db5e9e,,,Pro,23,1127,13524,,,,,monthly,
S-42822d,A-443f6f,,,Pro,25,1225,14700,,,,,annual,
S-432401,A-c7ffc2,,,Pro,132,6468,77616,,,,,monthly,
S-71fc3d,A-ccb686,,,Enterprise,10,1990,23880,,,,,monthly,
